aggressive_buy_qty,aggressive_sell_qty,book_features_status,close,delta_notional,delta_qty,delta_ratio,depth_snapshot_events,depth_update_events,high,low,minute_epoch,minute_utc,open,source_schema,symbol,total_qty,trade_count
0.8665299999999999,0.16409,UNCERTIFIED,78477.22,55123.324886200004,0.7024399999999998,0.6815703168966252,2,6,78482.9,78469.26,1788966780,2026-09-09T15:13:00+00:00,78469.27,research_batch_v2,B-BTC_USDT,1.03062,115
4.307130000000001,20.686200000000014,UNCERTIFIED,78478.01,-1285731.0509194005,-16.379070000000002,-0.6553376440834418,22,60,78504.62,78467.52,1788966840,2026-09-09T15:14:00+00:00,78467.52,research_batch_v2,B-BTC_USDT,24.993329999999993,1014
12.525000000000006,4.72618,UNCERTIFIED,78604.78,612471.7314962998,7.7988200000000045,0.4520745827241963,22,60,78614.01,78428.0,1788966900,2026-09-09T15:15:00+00:00,78472.01,research_batch_v2,B-BTC_USDT,17.25118000000001,1966
17.138140000000003,4.12368,UNCERTIFIED,78625.19,1022802.2856374002,13.014460000000003,0.6121047022315116,23,60,78625.19,78574.24,1788966960,2026-09-09T15:16:00+00:00,78603.27,research_batch_v2,B-BTC_USDT,21.261820000000007,1619
10.981820000000006,2.8724300000000005,UNCERTIFIED,78613.06,637290.7723141002,8.109390000000007,0.5853359077539384,21,56,78625.19,78578.0,1788967020,2026-09-09T15:17:00+00:00,78625.18,research_batch_v2,B-BTC_USDT,13.85425000000001,959
6.33745,13.498910000000002,UNCERTIFIED,78535.39,-562525.8708385997,-7.161459999999998,-0.36102692227807925,24,60,78625.19,78517.38,1788967080,2026-09-09T15:18:00+00:00,78620.96,research_batch_v2,B-BTC_USDT,19.836359999999996,1310
18.6503,4.053180000000001,UNCERTIFIED,78533.44,1146106.255351,14.597120000000004,0.6429463676934111,25,60,78535.39,78500.01,1788967140,2026-09-09T15:19:00+00:00,78535.38,research_batch_v2,B-BTC_USDT,22.70348,1133
2.195309999999999,4.458530000000001,UNCERTIFIED,78478.01,-177705.29362720007,-2.263220000000001,-0.3401374244045543,23,60,78551.92,78478.01,1788967200,2026-09-09T15:20:00+00:00,78533.43,research_batch_v2,B-BTC_USDT,6.653840000000004,1116
3.8602600000000002,31.668499999999966,UNCERTIFIED,78222.0,-2178386.2273828997,-27.808239999999977,-0.7826966097325095,24,59,78478.01,78222.0,1788967260,2026-09-09T15:21:00+00:00,78478.01,research_batch_v2,B-BTC_USDT,35.52875999999998,2479
23.74122,37.253769999999975,UNCERTIFIED,78137.87,-1056818.9236529,-13.512550000000001,-0.22153540807204,22,60,78273.76,78124.01,1788967320,2026-09-09T15:22:00+00:00,78253.62,research_batch_v2,B-BTC_USDT,60.99499000000001,4114
6.69407,13.900419999999993,UNCERTIFIED,78133.08,-562927.3826184003,-7.206349999999996,-0.34991640968045323,23,60,78152.01,78116.99,1788967380,2026-09-09T15:23:00+00:00,78128.93,research_batch_v2,B-BTC_USDT,20.594489999999997,1632
8.56605,23.669180000000004,UNCERTIFIED,78075.03,-1179458.1226817004,-15.103130000000004,-0.4685286874019513,23,60,78151.5,78060.04,1788967440,2026-09-09T15:24:00+00:00,78120.57,research_batch_v2,B-BTC_USDT,32.23523,1848
24.159240000000004,25.051090000000002,UNCERTIFIED,78171.69,-69648.71147809997,-0.8918499999999953,-0.018123227379292013,23,60,78171.69,78061.29,1788967500,2026-09-09T15:25:00+00:00,78081.01,research_batch_v2,B-BTC_USDT,49.210330000000006,2357
22.222219999999993,17.248239999999996,UNCERTIFIED,78247.66,389042.4753674002,4.973980000000004,0.12601778646613196,22,60,78247.66,78133.53,1788967560,2026-09-09T15:26:00+00:00,78170.43,research_batch_v2,B-BTC_USDT,39.47046,1821
17.68413,17.449430000000003,UNCERTIFIED,78260.07,18218.263924800212,0.2346999999999933,0.006680222556438726,24,59,78307.95,78224.38,1788967620,2026-09-09T15:27:00+00:00,78247.66,research_batch_v2,B-BTC_USDT,35.13355999999999,1586
18.13328999999999,10.1435,UNCERTIFIED,78371.19,625896.2820008002,7.989789999999998,0.2825564712260479,23,60,78380.64,78260.06,1788967680,2026-09-09T15:28:00+00:00,78260.06,research_batch_v2,B-BTC_USDT,28.27679,1860
4.77341,3.009639999999999,UNCERTIFIED,78377.23,138236.44756129998,1.7637700000000016,0.22661681474486242,23,60,78400.0,78363.4,1788967740,2026-09-09T15:29:00+00:00,78380.63,research_batch_v2,B-BTC_USDT,7.78305,858
9.467550000000003,8.18701,UNCERTIFIED,78440.01,100309.49522709989,1.2805400000000002,0.07253310192947318,23,60,78440.01,78340.3,1788967800,2026-09-09T15:30:00+00:00,78377.23,research_batch_v2,B-BTC_USDT,17.654560000000004,1979
7.832400000000002,5.2254999999999985,UNCERTIFIED,78389.53,204412.21703479992,2.6069000000000013,0.199641596275052,24,60,78482.01,78389.53,1788967860,2026-09-09T15:31:00+00:00,78440.0,research_batch_v2,B-BTC_USDT,13.057899999999998,1550
7.27956,3.38961,UNCERTIFIED,78457.1,305005.25782069983,3.88995,0.36459724608380967,24,60,78457.1,78366.53,1788967920,2026-09-09T15:32:00+00:00,78389.53,research_batch_v2,B-BTC_USDT,10.669170000000001,1309
15.730769999999993,7.164759999999999,UNCERTIFIED,78484.81,671860.6381077003,8.566009999999997,0.3741346018196566,24,60,78485.66,78406.44,1788967980,2026-09-09T15:33:00+00:00,78457.09,research_batch_v2,B-BTC_USDT,22.895529999999987,1078
15.894940000000009,14.889389999999997,UNCERTIFIED,78611.63,79608.57579339978,1.00555000000001,0.03266434578891306,21,59,78611.63,78472.13,1788968040,2026-09-09T15:34:00+00:00,78472.13,research_batch_v2,B-BTC_USDT,30.78433,2072
9.532130000000002,5.324400000000002,UNCERTIFIED,78593.78,330718.77646119986,4.2077300000000015,0.2832242791553614,23,60,78648.03,78578.01,1788968100,2026-09-09T15:35:00+00:00,78624.0,research_batch_v2,B-BTC_USDT,14.856530000000001,1504
9.097669999999997,17.720649999999996,UNCERTIFIED,78690.01,-677133.4979279006,-8.622979999999991,-0.32153319074423725,23,60,78690.01,78556.44,1788968160,2026-09-09T15:36:00+00:00,78585.01,research_batch_v2,B-BTC_USDT,26.818319999999993,1680
6.74814,4.047439999999999,UNCERTIFIED,78651.43,212432.17138189997,2.7007000000000003,0.2501671980569827,24,60,78692.99,78640.17,1788968220,2026-09-09T15:37:00+00:00,78690.0,research_batch_v2,B-BTC_USDT,10.795579999999998,1143
8.884660000000004,3.569750000000001,UNCERTIFIED,78598.59,417518.3871197002,5.314909999999999,0.4267492398274987,24,59,78651.42,78571.6,1788968280,2026-09-09T15:38:00+00:00,78651.42,research_batch_v2,B-BTC_USDT,12.454410000000003,853
15.018410000000014,4.2512300000000005,UNCERTIFIED,78730.35,846511.7496469001,10.767180000000007,0.5587639416200821,24,60,78730.35,78586.92,1788968340,2026-09-09T15:39:00+00:00,78598.59,research_batch_v2,B-BTC_USDT,19.269640000000013,1812
5.5792600000000006,4.092990000000001,UNCERTIFIED,78673.32,116877.53202890004,1.486270000000001,0.15366331515417822,25,60,78750.0,78620.96,1788968400,2026-09-09T15:40:00+00:00,78750.0,research_batch_v2,B-BTC_USDT,9.672250000000005,1284
5.00381,10.529160000000001,UNCERTIFIED,78666.32,-434702.3165187,-5.525350000000003,-0.3557175478997257,23,60,78673.32,78639.63,1788968460,2026-09-09T15:41:00+00:00,78673.32,research_batch_v2,B-BTC_USDT,15.532970000000002,848
3.6549600000000013,6.91236,UNCERTIFIED,78616.74,-256205.04163790008,-3.2574000000000005,-0.3082522342467154,24,60,78686.27,78616.02,1788968520,2026-09-09T15:42:00+00:00,78666.31,research_batch_v2,B-BTC_USDT,10.56732,941
5.270480000000002,1.618159999999999,UNCERTIFIED,78664.36,287237.60149940004,3.6523200000000005,0.5301946392901936,21,53,78675.75,78616.75,1788968580,2026-09-09T15:43:00+00:00,78616.75,research_batch_v2,B-BTC_USDT,6.888640000000001,855
0.4493799999999999,3.264370000000001,UNCERTIFIED,78502.16,-221069.4174915001,-2.814990000000001,-0.7579912487377986,17,44,78548.53,78502.15,1788970140,2026-09-09T16:09:00+00:00,78548.53,research_batch_v2,B-BTC_USDT,3.7137500000000023,455
3.8246999999999995,3.7255400000000005,UNCERTIFIED,78538.01,7721.917527099983,0.0991600000000005,0.013133357350229993,24,60,78574.01,78493.2,1788970200,2026-09-09T16:10:00+00:00,78502.16,research_batch_v2,B-BTC_USDT,7.55024,904
1.4328500000000002,2.8788000000000005,UNCERTIFIED,78530.01,-113573.92996640001,-1.4459500000000005,-0.3353588533392089,22,60,78550.0,78524.0,1788970260,2026-09-09T16:11:00+00:00,78532.01,research_batch_v2,B-BTC_USDT,4.311650000000001,426
13.710979999999974,20.963750000000008,UNCERTIFIED,78602.01,-569277.7744641999,-7.252770000000029,-0.20916586805434498,24,60,78602.01,78523.75,1788970320,2026-09-09T16:12:00+00:00,78532.0,research_batch_v2,B-BTC_USDT,34.67472999999996,792
2.7914899999999996,4.26129,UNCERTIFIED,78608.01,-115522.42084459997,-1.4698000000000013,-0.20840009187866365,23,60,78620.01,78572.01,1788970380,2026-09-09T16:13:00+00:00,78612.0,research_batch_v2,B-BTC_USDT,7.052779999999999,1023
2.5621599999999987,0.7966899999999999,UNCERTIFIED,78666.96,138829.7000786,1.7654699999999997,0.5256173988120935,22,60,78666.96,78608.0,1788970440,2026-09-09T16:14:00+00:00,78608.0,research_batch_v2,B-BTC_USDT,3.358849999999999,634
3.3343099999999994,3.431030000000001,UNCERTIFIED,78562.01,-7567.0788952000285,-0.09672000000000089,-0.01429639899842445,24,60,78666.99,78562.01,1788970500,2026-09-09T16:15:00+00:00,78666.96,research_batch_v2,B-BTC_USDT,6.765340000000001,489
1.3275800000000004,1.74661,UNCERTIFIED,78536.01,-32917.7154716,-0.4190300000000002,-0.13630582364785526,24,60,78562.01,78528.72,1788970560,2026-09-09T16:16:00+00:00,78562.0,research_batch_v2,B-BTC_USDT,3.07419,349
2.18068,13.621049999999972,UNCERTIFIED,78502.01,-898650.2011189004,-11.440369999999973,-0.7239947777869887,24,60,78566.57,78500.0,1788970620,2026-09-09T16:17:00+00:00,78536.0,research_batch_v2,B-BTC_USDT,15.80172999999997,661
3.437030000000002,1.47728,UNCERTIFIED,78523.61,153881.17874890004,1.9597500000000008,0.3987843664726077,23,60,78554.01,78508.0,1788970680,2026-09-09T16:18:00+00:00,78508.0,research_batch_v2,B-BTC_USDT,4.91431,600
4.5642700000000005,0.7109799999999998,UNCERTIFIED,78557.4,302603.49585750006,3.8532900000000008,0.7304468982512679,22,60,78557.41,78514.42,1788970740,2026-09-09T16:19:00+00:00,78523.6,research_batch_v2,B-BTC_USDT,5.27525,488
4.664000000000002,2.5053099999999997,UNCERTIFIED,78614.01,169623.31216729988,2.158690000000001,0.30110150070229913,24,60,78614.01,78548.0,1788970800,2026-09-09T16:20:00+00:00,78557.4,research_batch_v2,B-BTC_USDT,7.169310000000003,892
2.30656,3.2953099999999993,UNCERTIFIED,78626.0,-77776.57846419998,-0.9887499999999995,-0.17650356041821744,23,60,78646.01,78616.01,1788970860,2026-09-09T16:21:00+00:00,78616.01,research_batch_v2,B-BTC_USDT,5.601869999999999,659
1.5478,6.29782,UNCERTIFIED,78492.14,-373177.22158700007,-4.750019999999998,-0.605435899266087,23,60,78622.01,78492.14,1788970920,2026-09-09T16:22:00+00:00,78622.01,research_batch_v2,B-BTC_USDT,7.845620000000002,758
2.5661500000000004,3.3011800000000004,UNCERTIFIED,78479.56,-57682.42433180006,-0.7350300000000007,-0.1252750399244632,25,60,78492.15,78460.34,1788970980,2026-09-09T16:23:00+00:00,78492.14,research_batch_v2,B-BTC_USDT,5.86733,521
3.8864499999999995,2.553240000000002,UNCERTIFIED,78506.0,104632.05614640002,1.3332099999999987,0.2070301520725374,23,60,78506.0,78462.69,1788971040,2026-09-09T16:24:00+00:00,78479.57,research_batch_v2,B-BTC_USDT,6.4396900000000015,606
11.90187999999995,4.786250000000004,UNCERTIFIED,78552.0,558577.0189654999,7.115629999999949,0.4263886966364697,25,60,78620.01,78552.0,1788971100,2026-09-09T16:25:00+00:00,78558.01,research_batch_v2,B-BTC_USDT,16.68812999999995,1171
2.93606,1.2181299999999995,UNCERTIFIED,78573.52,134967.92464090002,1.7179299999999997,0.41354150869363215,22,60,78573.52,78548.0,1788971160,2026-09-09T16:26:00+00:00,78552.0,research_batch_v2,B-BTC_USDT,4.15419,468
2.32308,1.7880999999999998,UNCERTIFIED,78620.3,42044.45274929998,0.5349800000000002,0.13012808974552326,23,60,78627.96,78573.52,1788971220,2026-09-09T16:27:00+00:00,78573.52,research_batch_v2,B-BTC_USDT,4.111179999999999,732
3.2378300000000007,4.6762700000000015,UNCERTIFIED,78602.2,-113055.26608599993,-1.4384399999999988,-0.18175661161723994,24,60,78649.85,78602.19,1788971280,2026-09-09T16:28:00+00:00,78620.29,research_batch_v2,B-BTC_USDT,7.914100000000001,863
3.7434,1.57194,UNCERTIFIED,78634.01,170697.81289990002,2.1714599999999997,0.40852701802706876,25,60,78634.01,78594.0,1788971340,2026-09-09T16:29:00+00:00,78604.0,research_batch_v2,B-BTC_USDT,5.31534,702
7.5365899999999995,2.4560000000000004,UNCERTIFIED,78716.01,399712.46304309997,5.080589999999999,0.5084357508914104,22,60,78736.02,78638.0,1788971400,2026-09-09T16:30:00+00:00,78638.0,research_batch_v2,B-BTC_USDT,9.992590000000002,1394
6.34863,1.9202000000000001,UNCERTIFIED,78770.01,348705.4262143,4.428429999999998,0.5355570256009615,24,60,78770.01,78714.02,1788971460,2026-09-09T16:31:00+00:00,78716.0,research_batch_v2,B-BTC_USDT,8.268829999999998,1312
2.4639100000000003,3.85043,UNCERTIFIED,78762.01,-109200.7004145,-1.3865199999999993,-0.21958272756931033,24,60,78770.01,78726.0,1788971520,2026-09-09T16:32:00+00:00,78770.01,research_batch_v2,B-BTC_USDT,6.314340000000001,625
8.894160000000001,3.1086,UNCERTIFIED,78798.0,455813.2252939001,5.78556,0.4820191355988122,23,60,78798.0,78764.0,1788971580,2026-09-09T16:33:00+00:00,78764.01,research_batch_v2,B-BTC_USDT,12.002760000000002,1314
25.33379999999999,21.110999999999997,UNCERTIFIED,78873.06,332485.6492656008,4.222799999999996,0.0909208350558081,22,60,78916.57,78845.04,1788971640,2026-09-09T16:34:00+00:00,78845.04,research_batch_v2,B-BTC_USDT,46.4448,3387
2.73829,11.988630000000002,UNCERTIFIED,78847.99,-729514.4508590997,-9.250339999999998,-0.6281245501435464,23,60,78886.0,78823.34,1788971700,2026-09-09T16:35:00+00:00,78873.07,research_batch_v2,B-BTC_USDT,14.726920000000003,890
2.96769,10.245209999999998,UNCERTIFIED,78856.74,-573862.3758077999,-7.27752,-0.550789001657471,23,60,78865.84,78834.39,1788971760,2026-09-09T16:36:00+00:00,78847.99,research_batch_v2,B-BTC_USDT,13.212900000000003,847
1.8923,6.615660000000002,UNCERTIFIED,78798.01,-372383.82972740004,-4.723360000000002,-0.555169511845378,23,60,78856.73,78798.0,1788971820,2026-09-09T16:37:00+00:00,78856.73,research_batch_v2,B-BTC_USDT,8.50796,459
3.1967799999999986,4.48155,UNCERTIFIED,78788.01,-101268.47002300005,-1.2847700000000015,-0.16732414470334062,23,60,78823.36,78784.42,1788971880,2026-09-09T16:38:00+00:00,78798.0,research_batch_v2,B-BTC_USDT,7.678330000000001,703
0.26977999999999996,0.3185099999999999,UNCERTIFIED,78780.0,-3839.8809718999983,-0.0487299999999999,-0.08283329650342502,6,16,78780.01,78780.0,1788971940,2026-09-09T16:39:00+00:00,78780.01,research_batch_v2,B-BTC_USDT,0.5882899999999999,75
1.9674599999999995,1.0782200000000006,UNCERTIFIED,78810.01,70111.15693959998,0.8892399999999995,0.2919676394105748,12,31,78840.85,78810.0,1788974460,2026-09-09T17:21:00+00:00,78821.8,research_batch_v2,B-BTC_USDT,3.04568,328
0.30035999999999996,0.6920800000000001,UNCERTIFIED,78794.0,-30867.84169670001,-0.3917200000000002,-0.39470396195235985,24,60,78810.01,78794.0,1788974520,2026-09-09T17:22:00+00:00,78810.01,research_batch_v2,B-BTC_USDT,0.9924400000000004,154
1.1317499999999996,0.40052,UNCERTIFIED,78811.8,57621.324189599996,0.7312299999999996,0.47722007218049034,24,60,78811.8,78794.0,1788974580,2026-09-09T17:23:00+00:00,78794.0,research_batch_v2,B-BTC_USDT,1.5322699999999994,169
2.6752100000000008,0.65197,UNCERTIFIED,78854.08,159494.01986739994,2.02324,0.6080945425255019,24,60,78854.08,78811.8,1788974640,2026-09-09T17:24:00+00:00,78811.81,research_batch_v2,B-BTC_USDT,3.3271800000000007,423
2.4536800000000003,0.56914,UNCERTIFIED,78900.0,148646.55594750002,1.8845399999999999,0.6234377170986031,24,60,78900.0,78856.0,1788974700,2026-09-09T17:25:00+00:00,78856.01,research_batch_v2,B-BTC_USDT,3.0228200000000007,475
4.34656,3.3891800000000014,UNCERTIFIED,78897.46,75498.64778659992,0.9573799999999997,0.12376062277170632,22,60,78934.4,78868.96,1788974760,2026-09-09T17:26:00+00:00,78900.0,research_batch_v2,B-BTC_USDT,7.735740000000002,869
1.7824300000000004,1.6877400000000002,UNCERTIFIED,78856.76,7465.111571500023,0.09469000000000027,0.027286847618416463,24,60,78897.46,78854.0,1788974820,2026-09-09T17:27:00+00:00,78897.46,research_batch_v2,B-BTC_USDT,3.4701700000000004,519
2.9682100000000013,5.370400000000001,UNCERTIFIED,78877.54,-189516.55692380012,-2.4021899999999996,-0.2880803874986357,24,60,78882.83,78865.76,1788974880,2026-09-09T17:28:00+00:00,78866.54,research_batch_v2,B-BTC_USDT,8.338610000000005,524
8.557480000000002,2.1416,UNCERTIFIED,78854.17,505914.1552761,6.415880000000001,0.5996665133824591,25,60,78877.55,78853.68,1788974940,2026-09-09T17:29:00+00:00,78877.54,research_batch_v2,B-BTC_USDT,10.69908,315
1.7808700000000004,2.597400000000001,UNCERTIFIED,78847.01,-64389.18036409998,-0.8165299999999996,-0.18649603610558493,23,60,78858.91,78846.39,1788975000,2026-09-09T17:30:00+00:00,78854.17,research_batch_v2,B-BTC_USDT,4.378270000000001,417
0.57915,3.2536099999999997,UNCERTIFIED,78788.01,-210783.66686709994,-2.67446,-0.6977895824418957,25,60,78845.42,78788.0,1788975060,2026-09-09T17:31:00+00:00,78845.42,research_batch_v2,B-BTC_USDT,3.8327599999999995,374
2.26944,1.6269599999999995,UNCERTIFIED,78780.01,50629.6441852,0.64248,0.1648906683092085,21,60,78805.15,78774.74,1788975120,2026-09-09T17:32:00+00:00,78788.0,research_batch_v2,B-BTC_USDT,3.8964,439
1.7983199999999993,0.6459400000000001,UNCERTIFIED,78797.57,90787.30737219997,1.15238,0.4714637559015819,23,60,78797.57,78769.5,1788975180,2026-09-09T17:33:00+00:00,78772.01,research_batch_v2,B-BTC_USDT,2.4442599999999985,313
1.8236800000000002,0.7782999999999999,UNCERTIFIED,78800.01,82384.22553350004,1.0453800000000004,0.40176327258472416,22,60,78824.01,78797.58,1788975240,2026-09-09T17:34:00+00:00,78797.58,research_batch_v2,B-BTC_USDT,2.6019799999999997,350
7.6466600000000025,1.4726899999999998,UNCERTIFIED,78812.01,486475.9299057999,6.173970000000003,0.6770186471623526,23,60,78812.01,78784.0,1788975300,2026-09-09T17:35:00+00:00,78800.01,research_batch_v2,B-BTC_USDT,9.119350000000004,503
3.875019999999999,2.7227399999999995,UNCERTIFIED,78832.0,90813.4619494001,1.152279999999999,0.17464715297313008,24,60,78862.01,78812.0,1788975360,2026-09-09T17:36:00+00:00,78812.01,research_batch_v2,B-BTC_USDT,6.597760000000002,652
1.04857,1.5365900000000001,UNCERTIFIED,78804.93,-38471.3565873,-0.48802,-0.18877748379210563,23,60,78824.56,78804.93,1788975420,2026-09-09T17:37:00+00:00,78821.14,research_batch_v2,B-BTC_USDT,2.585160000000001,372
6.351800000000004,2.78578,UNCERTIFIED,78762.01,280987.9754337999,3.566020000000004,0.39025868993759855,23,60,78804.94,78762.0,1788975480,2026-09-09T17:38:00+00:00,78804.94,research_batch_v2,B-BTC_USDT,9.137580000000005,440
2.0303400000000007,1.3872399999999996,UNCERTIFIED,78738.84,50651.41523389997,0.6431000000000006,0.1881740880974257,23,60,78762.01,78738.83,1788975540,2026-09-09T17:39:00+00:00,78762.0,research_batch_v2,B-BTC_USDT,3.4175800000000023,289
5.553740000000002,8.562119999999998,UNCERTIFIED,78732.01,-236928.59078309996,-3.008379999999999,-0.21312056084432682,24,60,78762.13,78732.01,1788975600,2026-09-09T17:40:00+00:00,78738.84,research_batch_v2,B-BTC_USDT,14.11586,744
2.9388500000000004,4.138939999999998,UNCERTIFIED,78697.92,-94489.60840090003,-1.2000899999999994,-0.16955716403001497,23,60,78728.93,78692.0,1788975660,2026-09-09T17:41:00+00:00,78728.93,research_batch_v2,B-BTC_USDT,7.0777899999999985,484
1.31694,0.35863999999999985,UNCERTIFIED,78709.03,75418.85893529997,0.9582999999999997,0.5719213645424269,23,60,78709.04,78702.01,1788975720,2026-09-09T17:42:00+00:00,78702.01,research_batch_v2,B-BTC_USDT,1.67558,217
0.50783,0.4401999999999999,UNCERTIFIED,78703.0,5323.911006100005,0.06763000000000007,0.07133740493444307,23,60,78715.57,78702.99,1788975780,2026-09-09T17:43:00+00:00,78709.03,research_batch_v2,B-BTC_USDT,0.9480299999999999,181
0.7543200000000002,0.7847300000000001,UNCERTIFIED,78702.49,-2393.3976729999995,-0.030410000000000027,-0.019758942204606757,23,60,78706.01,78702.48,1788975840,2026-09-09T17:44:00+00:00,78703.0,research_batch_v2,B-BTC_USDT,1.5390499999999998,132
0.89306,1.4854499999999995,UNCERTIFIED,78710.0,-46624.38842780001,-0.59239,-0.2490592850145679,23,60,78710.0,78709.99,1788975900,2026-09-09T17:45:00+00:00,78710.0,research_batch_v2,B-BTC_USDT,2.3785100000000003,172
10.166820000000005,11.335339999999988,UNCERTIFIED,78712.01,-91994.53569149926,-1.1685199999999842,-0.054344307734664074,23,60,78712.01,78674.01,1788975960,2026-09-09T17:46:00+00:00,78710.01,research_batch_v2,B-BTC_USDT,21.502159999999996,888
2.425200000000001,1.1245499999999997,UNCERTIFIED,78731.7,102388.25930599993,1.3006499999999999,0.36640608493555876,23,60,78738.84,78715.09,1788976020,2026-09-09T17:47:00+00:00,78715.09,research_batch_v2,B-BTC_USDT,3.5497500000000004,379
3.62337,1.9209399999999999,UNCERTIFIED,78727.21,134017.13095449994,1.7024300000000003,0.3070589487240072,23,60,78731.7,78710.0,1788976080,2026-09-09T17:48:00+00:00,78731.7,research_batch_v2,B-BTC_USDT,5.54431,341
4.8338100000000015,0.22652,UNCERTIFIED,78764.42,362789.6496348,4.607290000000002,0.9104722419288862,24,60,78764.42,78727.2,1788976140,2026-09-09T17:49:00+00:00,78727.21,research_batch_v2,B-BTC_USDT,5.060330000000001,380
0.29786,5.642530000000002,UNCERTIFIED,78746.0,-420938.28572529997,-5.344670000000004,-0.8997170219463713,22,60,78764.42,78746.0,1788976200,2026-09-09T17:50:00+00:00,78764.42,research_batch_v2,B-BTC_USDT,5.94039,234
1.6310100000000003,2.7827600000000006,UNCERTIFIED,78714.01,-90685.57677680001,-1.151750000000001,-0.2609447252575465,23,60,78746.01,78708.0,1788976260,2026-09-09T17:51:00+00:00,78746.0,research_batch_v2,B-BTC_USDT,4.41377,476
1.5983300000000005,2.035939999999999,UNCERTIFIED,78738.83,-34444.35866349998,-0.43760999999999994,-0.12041207725347866,24,60,78738.84,78714.0,1788976320,2026-09-09T17:52:00+00:00,78714.01,research_batch_v2,B-BTC_USDT,3.6342700000000003,268
8.771239999999999,6.211640000000001,UNCERTIFIED,78768.01,201634.67228709982,2.5595999999999988,0.17083497965678157,23,60,78783.05,78738.83,1788976380,2026-09-09T17:53:00+00:00,78738.84,research_batch_v2,B-BTC_USDT,14.982879999999996,640
9.052490000000002,0.9030600000000002,UNCERTIFIED,78800.0,641977.6782737996,8.14943,0.8185815951906223,24,60,78800.0,78769.99,1788976440,2026-09-09T17:54:00+00:00,78770.0,research_batch_v2,B-BTC_USDT,9.95555,400
5.571890000000001,1.7499500000000001,UNCERTIFIED,78791.12,301068.05514489993,3.8219399999999992,0.5219917397812571,24,60,78800.0,78772.0,1788976500,2026-09-09T17:55:00+00:00,78800.0,research_batch_v2,B-BTC_USDT,7.321839999999999,504
1.8584399999999999,0.2692,UNCERTIFIED,78794.01,125222.5408141,1.589239999999999,0.7469496719369816,25,60,78796.01,78791.12,1788976560,2026-09-09T17:56:00+00:00,78791.13,research_batch_v2,B-BTC_USDT,2.1276399999999995,209
14.197049999999997,1.02678,UNCERTIFIED,78817.37,1037948.2751640001,13.170269999999997,0.8651088458029287,23,60,78817.37,78789.99,1788976620,2026-09-09T17:57:00+00:00,78794.0,research_batch_v2,B-BTC_USDT,15.223829999999996,567
4.569660000000001,2.1189799999999996,UNCERTIFIED,78812.62,193133.1998828999,2.45068,0.366394364175677,25,60,78817.37,78811.53,1788976680,2026-09-09T17:58:00+00:00,78817.36,research_batch_v2,B-BTC_USDT,6.6886399999999995,196
0.29467999999999994,2.597619999999999,UNCERTIFIED,78776.01,-181451.28832139994,-2.3029399999999995,-0.7962313729557792,24,60,78800.45,78776.0,1788976740,2026-09-09T17:59:00+00:00,78800.44,research_batch_v2,B-BTC_USDT,2.892299999999999,235
6.837300000000002,1.6512999999999995,UNCERTIFIED,78759.13,408596.84681409993,5.186000000000002,0.6109370214169596,23,60,78790.02,78759.12,1788976800,2026-09-09T18:00:00+00:00,78776.01,research_batch_v2,B-BTC_USDT,8.488599999999998,444
3.880149999999998,0.3211399999999999,UNCERTIFIED,78784.01,280331.04719779996,3.559009999999999,0.8471231455100692,24,60,78784.01,78759.12,1788976860,2026-09-09T18:01:00+00:00,78759.13,research_batch_v2,B-BTC_USDT,4.20129,301
4.079880000000004,3.3017400000000006,UNCERTIFIED,78768.01,61262.20595290006,0.7781400000000024,0.10541588431807677,24,60,78792.25,78754.75,1788976920,2026-09-09T18:02:00+00:00,78784.0,research_batch_v2,B-BTC_USDT,7.381620000000005,451
3.5225900000000006,1.1094499999999996,UNCERTIFIED,78748.01,190015.8784553999,2.41314,0.5209670037391733,24,60,78758.01,78746.0,1788976980,2026-09-09T18:03:00+00:00,78758.01,research_batch_v2,B-BTC_USDT,4.63204,223
0.8879500000000001,1.54324,UNCERTIFIED,78736.0,-51598.84491610003,-0.6552900000000003,-0.26953467232096234,25,59,78748.01,78733.77,1788977040,2026-09-09T18:04:00+00:00,78748.01,research_batch_v2,B-BTC_USDT,2.4311899999999995,205
3.5094800000000013,0.11476000000000003,UNCERTIFIED,78768.0,267348.99669440003,3.394720000000001,0.9366708606494047,24,60,78768.01,78736.0,1788977100,2026-09-09T18:05:00+00:00,78736.0,research_batch_v2,B-BTC_USDT,3.624240000000002,290
1.5020900000000004,1.9817899999999993,UNCERTIFIED,78716.01,-37769.41434919998,-0.4796999999999998,-0.13769130968919702,24,60,78768.01,78716.0,1788977160,2026-09-09T18:06:00+00:00,78768.01,research_batch_v2,B-BTC_USDT,3.483880000000001,296
0.22708999999999996,1.3533299999999997,UNCERTIFIED,78682.01,-88635.52844079999,-1.1262399999999997,-0.7126206957644169,24,60,78716.0,78682.0,1788977220,2026-09-09T18:07:00+00:00,78716.0,research_batch_v2,B-BTC_USDT,1.58042,237
3.0663700000000005,2.7406099999999998,UNCERTIFIED,78665.26,25634.238919299994,0.3257600000000004,0.056098006192547664,24,60,78683.75,78665.26,1788977280,2026-09-09T18:08:00+00:00,78682.0,research_batch_v2,B-BTC_USDT,5.806979999999999,388
1.354149999999999,0.25136000000000003,UNCERTIFIED,78680.0,86754.899549,1.1027899999999997,0.6868783128102596,25,60,78680.01,78664.0,1788977340,2026-09-09T18:09:00+00:00,78665.27,research_batch_v2,B-BTC_USDT,1.6055099999999998,213
2.1460100000000004,1.7273699999999996,UNCERTIFIED,78675.25,32936.579447,0.4186400000000002,0.10808131399449582,23,60,78679.42,78672.01,1788977400,2026-09-09T18:10:00+00:00,78678.0,research_batch_v2,B-BTC_USDT,3.8733799999999996,235
1.7108199999999996,1.9138300000000001,UNCERTIFIED,78644.72,-15979.1227988,-0.2030100000000002,-0.056008166305712336,24,60,78675.25,78644.71,1788977460,2026-09-09T18:11:00+00:00,78675.25,research_batch_v2,B-BTC_USDT,3.6246499999999995,302
1.00171,4.1043100000000035,UNCERTIFIED,78627.99,-243979.06374150002,-3.102600000000002,-0.6076356927704946,24,60,78644.72,78626.0,1788977520,2026-09-09T18:12:00+00:00,78644.72,research_batch_v2,B-BTC_USDT,5.106020000000003,305
0.81233,4.046120000000003,UNCERTIFIED,78614.01,-254256.77948899992,-3.2337900000000013,-0.6656011690971398,23,60,78627.99,78614.0,1788977580,2026-09-09T18:13:00+00:00,78627.98,research_batch_v2,B-BTC_USDT,4.858450000000003,200
1.2925200000000003,0.78733,UNCERTIFIED,78600.0,39704.532606200024,0.5051899999999999,0.24289732432627353,23,60,78612.01,78598.0,1788977640,2026-09-09T18:14:00+00:00,78612.0,research_batch_v2,B-BTC_USDT,2.0798499999999995,301
3.7556200000000013,1.9162400000000002,UNCERTIFIED,78605.95,144573.3841389,1.8393800000000005,0.32429925985479197,24,60,78605.95,78599.99,1788977700,2026-09-09T18:15:00+00:00,78600.0,research_batch_v2,B-BTC_USDT,5.671860000000001,363
2.286350000000001,1.3306900000000002,UNCERTIFIED,78613.98,75123.99295889998,0.9556600000000002,0.26421051467498297,24,60,78614.0,78598.0,1788977760,2026-09-09T18:16:00+00:00,78605.95,research_batch_v2,B-BTC_USDT,3.6170399999999994,374
1.8377000000000001,3.6303,UNCERTIFIED,78626.91,-140920.16299680003,-1.7926,-0.32783467446964154,24,60,78626.91,78613.99,1788977820,2026-09-09T18:17:00+00:00,78614.0,research_batch_v2,B-BTC_USDT,5.468,252
0.26238999999999996,1.2586499999999998,UNCERTIFIED,78625.35,-78332.19334229997,-0.9962599999999997,-0.65498606216799,24,60,78626.91,78625.35,1788977880,2026-09-09T18:18:00+00:00,78626.9,research_batch_v2,B-BTC_USDT,1.5210400000000002,96
0.4501599999999999,2.5418800000000004,UNCERTIFIED,78578.61,-164410.31642010002,-2.0917199999999996,-0.6990949318859374,23,59,78625.36,78578.6,1788977940,2026-09-09T18:19:00+00:00,78625.36,research_batch_v2,B-BTC_USDT,2.992039999999999,429
0.8034599999999994,0.5794199999999999,UNCERTIFIED,78590.09,17607.9201786,0.22403999999999974,0.1620097188476222,24,60,78590.09,78578.0,1788978000,2026-09-09T18:20:00+00:00,78578.6,research_batch_v2,B-BTC_USDT,1.3828799999999999,217
2.380830000000001,0.8008999999999998,UNCERTIFIED,78640.54,124215.73689660002,1.5799299999999996,0.496563190465564,24,60,78640.54,78590.08,1788978060,2026-09-09T18:21:00+00:00,78590.09,research_batch_v2,B-BTC_USDT,3.1817300000000013,442
2.13433,2.2014799999999997,UNCERTIFIED,78610.0,-5312.633140800013,-0.06715000000000013,-0.015487302257248389,25,60,78640.54,78600.0,1788978120,2026-09-09T18:22:00+00:00,78640.54,research_batch_v2,B-BTC_USDT,4.3358099999999995,413
0.5969,2.19801,UNCERTIFIED,78568.01,-125837.34430789997,-1.6011099999999998,-0.5728663892576147,23,60,78611.6,78568.01,1788978180,2026-09-09T18:23:00+00:00,78610.01,research_batch_v2,B-BTC_USDT,2.79491,306
3.5391200000000005,0.44399000000000005,UNCERTIFIED,78598.78,243223.8939733,3.09513,0.777063651267477,23,60,78598.79,78568.0,1788978240,2026-09-09T18:24:00+00:00,78568.0,research_batch_v2,B-BTC_USDT,3.98311,361
0.5998299999999998,4.15795,UNCERTIFIED,78596.0,-279653.55321529997,-3.5581199999999997,-0.7478529902601633,23,60,78598.79,78591.76,1788978300,2026-09-09T18:25:00+00:00,78598.79,research_batch_v2,B-BTC_USDT,4.75778,202
0.72656,3.6926100000000006,UNCERTIFIED,78592.41,-233127.29174910003,-2.9660500000000005,-0.6711780719003798,24,60,78600.0,78592.4,1788978360,2026-09-09T18:26:00+00:00,78596.01,research_batch_v2,B-BTC_USDT,4.4191699999999985,187
1.3259099999999997,0.8751399999999997,UNCERTIFIED,78613.55,35429.6597244,0.45076999999999995,0.20479771018377588,24,60,78613.56,78592.4,1788978420,2026-09-09T18:27:00+00:00,78592.41,research_batch_v2,B-BTC_USDT,2.2010500000000004,295
5.412810000000002,0.9887499999999997,UNCERTIFIED,78614.01,347742.62520139996,4.4240600000000025,0.6910909215878633,22,60,78618.01,78596.01,1788978480,2026-09-09T18:28:00+00:00,78613.56,research_batch_v2,B-BTC_USDT,6.40156,367
2.5027100000000013,0.16208000000000006,UNCERTIFIED,78624.0,184010.16839150005,2.340630000000001,0.8783543919033024,24,59,78624.0,78614.01,1788978540,2026-09-09T18:29:00+00:00,78614.01,research_batch_v2,B-BTC_USDT,2.6647899999999995,182
1.17303,1.3445500000000001,UNCERTIFIED,78610.0,-13486.894671299993,-0.17152000000000014,-0.06812891745247425,24,60,78624.01,78610.0,1788978600,2026-09-09T18:30:00+00:00,78624.01,research_batch_v2,B-BTC_USDT,2.51758,298
1.4344999999999999,1.0449099999999998,UNCERTIFIED,78618.0,30626.682089200003,0.3895900000000001,0.15713012369878324,23,60,78618.0,78610.0,1788978660,2026-09-09T18:31:00+00:00,78610.0,research_batch_v2,B-BTC_USDT,2.4794099999999997,159
1.3565699999999994,2.1394300000000004,UNCERTIFIED,78594.52,-61549.24444689997,-0.7828600000000004,-0.22393020594965699,24,60,78615.48,78578.6,1788978720,2026-09-09T18:32:00+00:00,78615.48,research_batch_v2,B-BTC_USDT,3.495999999999998,462
1.9852700000000003,0.49054000000000003,UNCERTIFIED,78636.51,117511.67546169998,1.49473,0.6037337275477519,23,60,78642.0,78594.61,1788978780,2026-09-09T18:33:00+00:00,78594.62,research_batch_v2,B-BTC_USDT,2.4758100000000005,417
1.2999300000000003,2.81408,UNCERTIFIED,78583.5,-119023.22844429997,-1.5141499999999997,-0.36804723372087067,24,60,78642.0,78583.49,1788978840,2026-09-09T18:34:00+00:00,78636.51,research_batch_v2,B-BTC_USDT,4.114010000000001,452
2.7644499999999996,6.260709999999998,UNCERTIFIED,78544.67,-274709.28407890006,-3.496260000000001,-0.3873903620545234,23,59,78583.5,78540.0,1788978900,2026-09-09T18:35:00+00:00,78583.49,research_batch_v2,B-BTC_USDT,9.025159999999996,1021
1.6652199999999997,0.7190800000000002,UNCERTIFIED,78560.01,74313.46295569997,0.9461399999999989,0.39682086985698084,23,60,78572.01,78546.0,1788978960,2026-09-09T18:36:00+00:00,78546.0,research_batch_v2,B-BTC_USDT,2.3842999999999988,375
0.34145000000000003,0.49500999999999984,UNCERTIFIED,78548.01,-12064.502640899987,-0.15355999999999992,-0.18358319584917376,24,59,78560.01,78548.0,1788979020,2026-09-09T18:37:00+00:00,78560.0,research_batch_v2,B-BTC_USDT,0.8364600000000002,165
1.5530400000000004,0.36376000000000003,UNCERTIFIED,78566.0,93421.07934580003,1.1892800000000001,0.6204507512520869,24,60,78566.01,78548.0,1788979080,2026-09-09T18:38:00+00:00,78548.0,research_batch_v2,B-BTC_USDT,1.9167999999999998,237
0.32886999999999994,0.8177399999999998,UNCERTIFIED,78544.0,-38404.297239299995,-0.48886999999999975,-0.4263611864539816,23,60,78567.53,78544.0,1788979140,2026-09-09T18:39:00+00:00,78566.0,research_batch_v2,B-BTC_USDT,1.14661,227
5.081330000000001,0.4377899999999999,UNCERTIFIED,78555.75,364740.67891,4.6435400000000016,0.8413551435736135,23,60,78555.75,78542.0,1788979200,2026-09-09T18:40:00+00:00,78542.01,research_batch_v2,B-BTC_USDT,5.51912,269
1.9857400000000005,2.3700400000000013,UNCERTIFIED,78530.51,-30208.883894700044,-0.3842999999999999,-0.08822759643508161,23,60,78555.75,78526.06,1788979260,2026-09-09T18:41:00+00:00,78555.74,research_batch_v2,B-BTC_USDT,4.355780000000001,354
1.3481100000000004,6.615190000000005,UNCERTIFIED,78508.88,-413505.8662660001,-5.267080000000004,-0.661419260859192,23,60,78533.03,78508.88,1788979320,2026-09-09T18:42:00+00:00,78530.51,research_batch_v2,B-BTC_USDT,7.963300000000001,431
1.9395900000000001,1.6748100000000004,UNCERTIFIED,78526.83,20790.57002460003,0.26478,0.0732569721115538,23,60,78533.73,78505.96,1788979380,2026-09-09T18:43:00+00:00,78505.97,research_batch_v2,B-BTC_USDT,3.6143999999999994,346
1.9140200000000005,1.0849600000000004,UNCERTIFIED,78534.01,65096.77337549998,0.8290600000000005,0.27644732542397765,24,59,78534.01,78526.82,1788979440,2026-09-09T18:44:00+00:00,78526.82,research_batch_v2,B-BTC_USDT,2.99898,131
5.17544,16.307929999999963,UNCERTIFIED,78501.57,-874052.6250167994,-11.132489999999962,-0.5181910473077538,24,60,78538.19,78485.28,1788979500,2026-09-09T18:45:00+00:00,78538.18,research_batch_v2,B-BTC_USDT,21.48336999999997,828
1.7008899999999998,0.37011999999999995,UNCERTIFIED,78524.01,104477.12912029994,1.3307699999999996,0.6425705332180915,22,60,78526.07,78501.57,1788979560,2026-09-09T18:46:00+00:00,78501.57,research_batch_v2,B-BTC_USDT,2.07101,299
0.5730099999999998,1.2721699999999998,UNCERTIFIED,78520.35,-54893.78468699998,-0.69916,-0.37891154250533826,23,60,78524.01,78504.0,1788979620,2026-09-09T18:47:00+00:00,78524.01,research_batch_v2,B-BTC_USDT,1.8451799999999998,285
0.30673999999999996,0.12985000000000002,UNCERTIFIED,78522.0,13889.750171799998,0.17689,0.4051627384960718,23,60,78522.01,78520.34,1788979680,2026-09-09T18:48:00+00:00,78520.35,research_batch_v2,B-BTC_USDT,0.43659,81
7.875089999999996,1.52062,UNCERTIFIED,78529.45,498889.80004750006,6.354469999999996,0.6763161059675107,24,60,78529.46,78496.0,1788979740,2026-09-09T18:49:00+00:00,78522.01,research_batch_v2,B-BTC_USDT,9.395709999999994,434
2.9679600000000015,0.7420099999999997,UNCERTIFIED,78542.5,174825.1808579001,2.2259500000000005,0.5999913745933254,24,60,78551.81,78528.0,1788979800,2026-09-09T18:50:00+00:00,78529.46,research_batch_v2,B-BTC_USDT,3.7099700000000015,386
1.3651,5.109910000000002,UNCERTIFIED,78500.01,-294026.8022738999,-3.74481,-0.5783481415472718,24,60,78542.5,78488.0,1788979860,2026-09-09T18:51:00+00:00,78542.5,research_batch_v2,B-BTC_USDT,6.47501,455
1.66246,2.5368100000000013,UNCERTIFIED,78482.01,-68614.5089162999,-0.8743500000000013,-0.20821476113705495,23,60,78507.86,78478.0,1788979920,2026-09-09T18:52:00+00:00,78500.01,research_batch_v2,B-BTC_USDT,4.199270000000003,448
1.7743999999999998,3.4390099999999997,UNCERTIFIED,78478.01,-130648.72593490004,-1.6646099999999997,-0.31929389785188583,25,60,78495.97,78478.01,1788979980,2026-09-09T18:53:00+00:00,78486.01,research_batch_v2,B-BTC_USDT,5.213409999999999,308
14.089699999999999,23.200119999999966,UNCERTIFIED,78434.93,-714683.6723368,-9.110419999999966,-0.24431386367646651,24,60,78483.92,78434.93,1788980040,2026-09-09T18:54:00+00:00,78478.01,research_batch_v2,B-BTC_USDT,37.28981999999996,910
4.261450000000002,4.98116,UNCERTIFIED,78488.01,-56474.215647300065,-0.7197100000000003,-0.07786869726192061,23,59,78488.01,78418.0,1788980100,2026-09-09T18:55:00+00:00,78434.93,research_batch_v2,B-BTC_USDT,9.242610000000003,789
1.8871299999999998,2.77347,UNCERTIFIED,78458.01,-69539.62797539998,-0.8863399999999998,-0.19017723039951934,23,60,78488.01,78458.01,1788980160,2026-09-09T18:56:00+00:00,78488.01,research_batch_v2,B-BTC_USDT,4.6606,246
0.9066199999999999,2.3167900000000006,UNCERTIFIED,78459.86,-110635.56762700001,-1.41017,-0.43747770218495313,23,60,78459.86,78438.0,1788980220,2026-09-09T18:57:00+00:00,78456.37,research_batch_v2,B-BTC_USDT,3.2234100000000003,325
0.47504000000000013,0.19613999999999998,UNCERTIFIED,78466.01,21882.8189589,0.27890000000000004,0.415536815757323,24,60,78466.01,78460.13,1788980280,2026-09-09T18:58:00+00:00,78460.14,research_batch_v2,B-BTC_USDT,0.67118,160
2.0289199999999994,6.531100000000007,UNCERTIFIED,78414.42,-353139.8697213999,-4.502180000000006,-0.5259543786112655,22,60,78466.01,78411.9,1788980340,2026-09-09T18:59:00+00:00,78466.01,research_batch_v2,B-BTC_USDT,8.560020000000003,505
12.649509999999987,10.103830000000004,UNCERTIFIED,78448.8,199700.7970762005,2.5456799999999835,0.1118815962843251,23,60,78448.81,78394.01,1788980400,2026-09-09T19:00:00+00:00,78414.42,research_batch_v2,B-BTC_USDT,22.75333999999998,744
5.27989,0.9514400000000002,UNCERTIFIED,78476.0,339613.69815089996,4.328450000000001,0.6946269897437628,24,59,78480.54,78436.01,1788980460,2026-09-09T19:01:00+00:00,78448.8,research_batch_v2,B-BTC_USDT,6.231329999999999,482
1.2995500000000004,1.9608899999999998,UNCERTIFIED,78434.0,-51890.53192970004,-0.6613399999999993,-0.20283765381359545,23,60,78476.01,78434.0,1788980520,2026-09-09T19:02:00+00:00,78476.01,research_batch_v2,B-BTC_USDT,3.2604400000000004,451
2.3874600000000004,2.505690000000001,UNCERTIFIED,78380.0,-9241.067290000017,-0.11823000000000004,-0.02416234940682382,23,60,78426.01,78380.0,1788980580,2026-09-09T19:03:00+00:00,78426.0,research_batch_v2,B-BTC_USDT,4.893150000000003,560
3.67874,2.7445000000000004,UNCERTIFIED,78392.27,73223.10798090005,0.9342399999999998,0.14544684613995426,22,59,78408.09,78381.1,1788980640,2026-09-09T19:04:00+00:00,78381.1,research_batch_v2,B-BTC_USDT,6.423240000000001,333
4.14212,15.27787999999999,UNCERTIFIED,78397.98,-872891.3145120998,-11.135759999999996,-0.5734170957775487,24,60,78408.72,78340.11,1788980700,2026-09-09T19:05:00+00:00,78392.27,research_batch_v2,B-BTC_USDT,19.419999999999998,1090
1.2395099999999997,0.8001899999999998,UNCERTIFIED,78416.01,34446.0805546,0.43931999999999993,0.21538461538461542,23,60,78416.01,78392.78,1788980760,2026-09-09T19:06:00+00:00,78397.98,research_batch_v2,B-BTC_USDT,2.0396999999999994,325
1.1887800000000002,3.8115800000000015,UNCERTIFIED,78401.91,-205671.4537286001,-2.622800000000001,-0.5245222343991234,25,60,78442.01,78401.62,1788980820,2026-09-09T19:07:00+00:00,78416.0,research_batch_v2,B-BTC_USDT,5.0003600000000015,457
3.008360000000001,2.2536199999999997,UNCERTIFIED,78392.79,59149.493703800006,0.7547400000000005,0.14343270023831348,23,60,78406.9,78386.78,1788980880,2026-09-09T19:08:00+00:00,78400.34,research_batch_v2,B-BTC_USDT,5.2619799999999985,348
1.3269599999999995,1.0307800000000003,UNCERTIFIED,78392.79,23208.184259699996,0.29618,0.12562029740344566,24,60,78399.04,78381.25,1788980940,2026-09-09T19:09:00+00:00,78392.78,research_batch_v2,B-BTC_USDT,2.35774,306
2.982049999999999,0.8899500000000002,UNCERTIFIED,78403.71,164007.794664,2.0920999999999985,0.5403150826446279,24,60,78410.01,78392.78,1788981000,2026-09-09T19:10:00+00:00,78392.79,research_batch_v2,B-BTC_USDT,3.8719999999999986,367
2.4115100000000003,0.94404,UNCERTIFIED,78416.49,115051.18211750005,1.4674700000000005,0.4373262207387762,24,60,78419.69,78403.71,1788981060,2026-09-09T19:11:00+00:00,78403.71,research_batch_v2,B-BTC_USDT,3.35555,232
2.5402799999999996,0.21965,UNCERTIFIED,78447.83,182001.21724389997,2.3206299999999995,0.8408292963951981,23,60,78447.83,78419.68,1788981120,2026-09-09T19:12:00+00:00,78419.68,research_batch_v2,B-BTC_USDT,2.7599300000000007,297
1.5207300000000006,0.07869000000000001,UNCERTIFIED,78462.0,113135.1195712,1.4420399999999998,0.9016018306636154,24,60,78462.01,78450.0,1788981180,2026-09-09T19:13:00+00:00,78450.0,research_batch_v2,B-BTC_USDT,1.59942,198
2.7621300000000004,2.3068900000000006,UNCERTIFIED,78484.07,35692.21292670001,0.4552400000000003,0.08980828641433654,24,60,78488.0,78463.87,1788981240,2026-09-09T19:14:00+00:00,78463.88,research_batch_v2,B-BTC_USDT,5.069020000000001,336
2.2808200000000007,2.357919999999999,UNCERTIFIED,78515.42,-6031.314765099986,-0.07710000000000009,-0.01662089274242577,24,60,78515.43,78470.0,1788981300,2026-09-09T19:15:00+00:00,78484.07,research_batch_v2,B-BTC_USDT,4.6387399999999985,520
1.6685999999999999,1.1671699999999998,UNCERTIFIED,78508.02,39373.097893400016,0.5014299999999994,0.17682322614316368,23,60,78515.44,78508.01,1788981360,2026-09-09T19:16:00+00:00,78515.43,research_batch_v2,B-BTC_USDT,2.8357700000000006,212
2.1780600000000008,2.0450100000000004,UNCERTIFIED,78489.65,10412.106902599973,0.1330500000000002,0.031505516129261446,24,59,78508.02,78478.0,1788981420,2026-09-09T19:17:00+00:00,78508.01,research_batch_v2,B-BTC_USDT,4.223070000000002,326
1.02563,5.299379999999999,UNCERTIFIED,78497.37,-335451.9002505999,-4.27375,-0.6756906313191599,24,60,78497.37,78474.0,1788981480,2026-09-09T19:18:00+00:00,78489.65,research_batch_v2,B-BTC_USDT,6.325010000000001,386
1.6835799999999996,0.33042,UNCERTIFIED,78518.48,106237.03912470001,1.35316,0.6718768619662364,24,60,78520.01,78497.36,1788981540,2026-09-09T19:19:00+00:00,78497.37,research_batch_v2,B-BTC_USDT,2.014,294
0.2811499999999999,0.6590399999999997,UNCERTIFIED,78504.0,-29669.8111581,-0.3778899999999996,-0.40192939724949167,24,60,78518.49,78504.0,1788981600,2026-09-09T19:20:00+00:00,78518.48,research_batch_v2,B-BTC_USDT,0.9401900000000001,175
0.18756,1.80604,UNCERTIFIED,78502.01,-127054.6802994,-1.61848,-0.8118378812199036,24,59,78504.01,78502.0,1788981660,2026-09-09T19:21:00+00:00,78504.0,research_batch_v2,B-BTC_USDT,1.9936,92
1.7109700000000008,1.9355499999999994,UNCERTIFIED,78518.73,-17619.547699399976,-0.22457999999999853,-0.061587486151179316,23,59,78518.73,78496.0,1788981720,2026-09-09T19:22:00+00:00,78502.01,research_batch_v2,B-BTC_USDT,3.646520000000002,253
2.08824,1.1440399999999997,UNCERTIFIED,78545.23,74128.28157519996,0.9441999999999997,0.2921157820485847,23,60,78545.23,78518.72,1788981780,2026-09-09T19:23:00+00:00,78518.72,research_batch_v2,B-BTC_USDT,3.232280000000001,346
3.35309,0.23392000000000007,UNCERTIFIED,78572.0,245032.51864619995,3.11917,0.8695738233236038,23,60,78575.32,78545.23,1788981840,2026-09-09T19:24:00+00:00,78545.23,research_batch_v2,B-BTC_USDT,3.58701,449
1.8028999999999997,12.166339999999986,UNCERTIFIED,78566.01,-814184.5702031997,-10.363439999999986,-0.7418757212274965,23,60,78572.01,78556.75,1788981900,2026-09-09T19:25:00+00:00,78572.01,research_batch_v2,B-BTC_USDT,13.969239999999992,482
0.9811099999999999,0.93777,UNCERTIFIED,78562.01,3406.6591841999907,0.04333999999999954,0.022586091886933807,23,60,78566.01,78558.14,1788981960,2026-09-09T19:26:00+00:00,78566.01,research_batch_v2,B-BTC_USDT,1.91888,193
0.3883999999999999,1.0731100000000002,UNCERTIFIED,78532.01,-53783.641034000015,-0.68471,-0.4684949127956703,23,60,78559.74,78532.0,1788982020,2026-09-09T19:27:00+00:00,78559.74,research_batch_v2,B-BTC_USDT,1.4615099999999999,302
0.6923999999999998,0.44677999999999984,UNCERTIFIED,78530.1,19288.437221999993,0.2456199999999998,0.2156112291297248,23,60,78536.01,78530.1,1788982080,2026-09-09T19:28:00+00:00,78532.01,research_batch_v2,B-BTC_USDT,1.1391799999999996,167
8.778809999999996,0.61389,UNCERTIFIED,78534.0,641246.7731162999,8.164920000000002,0.8692835925772144,25,60,78541.74,78530.1,1788982140,2026-09-09T19:29:00+00:00,78530.1,research_batch_v2,B-BTC_USDT,9.3927,211
1.5127499999999994,1.7563399999999996,UNCERTIFIED,78536.0,-19134.07457159999,-0.24359000000000014,-0.07451309079896856,23,60,78547.18,78520.01,1788982200,2026-09-09T19:30:00+00:00,78534.0,research_batch_v2,B-BTC_USDT,3.2690900000000003,466
4.806980000000001,3.839800000000001,UNCERTIFIED,78520.0,75909.3302596999,0.9671799999999988,0.11185435503158384,24,60,78536.0,78502.5,1788982260,2026-09-09T19:31:00+00:00,78536.0,research_batch_v2,B-BTC_USDT,8.646780000000003,470
2.1617100000000002,0.58215,UNCERTIFIED,78543.59,124044.76941219997,1.5795599999999999,0.5756707703745817,23,60,78543.6,78526.06,1788982320,2026-09-09T19:32:00+00:00,78526.06,research_batch_v2,B-BTC_USDT,2.74386,271
11.51831,1.3760400000000002,UNCERTIFIED,78518.02,796341.7239078002,10.14227,0.7865669847646449,24,60,78546.01,78518.0,1788982380,2026-09-09T19:33:00+00:00,78546.01,research_batch_v2,B-BTC_USDT,12.894350000000001,275
15.871970000000005,24.481830000000002,UNCERTIFIED,78533.99,-676412.9203065005,-8.609859999999998,-0.2133593366671787,23,60,78544.01,78510.0,1788982440,2026-09-09T19:34:00+00:00,78518.42,research_batch_v2,B-BTC_USDT,40.35380000000001,718
3.5707100000000036,3.6575200000000017,UNCERTIFIED,78506.0,-6868.598358900103,-0.0868099999999983,-0.012009855801489198,24,60,78533.99,78482.0,1788982500,2026-09-09T19:35:00+00:00,78533.99,research_batch_v2,B-BTC_USDT,7.2282300000000035,569
1.88967,10.259089999999999,UNCERTIFIED,78450.01,-656835.2019900996,-8.369420000000003,-0.688911460922761,22,58,78506.01,78450.01,1788982560,2026-09-09T19:36:00+00:00,78506.01,research_batch_v2,B-BTC_USDT,12.148760000000003,656
9.370410000000001,5.403220000000002,UNCERTIFIED,78415.35,311232.7142233001,3.9671899999999996,0.2685318367929885,24,60,78454.01,78415.35,1788982620,2026-09-09T19:37:00+00:00,78450.01,research_batch_v2,B-BTC_USDT,14.773630000000004,646
4.264070000000002,7.167190000000004,UNCERTIFIED,78364.15,-227607.14361420003,-2.9031200000000026,-0.2539632551442275,24,58,78412.01,78364.15,1788982680,2026-09-09T19:38:00+00:00,78412.01,research_batch_v2,B-BTC_USDT,11.431260000000002,629
6.587180000000002,2.4613199999999997,UNCERTIFIED,78343.25,323338.08302689996,4.125860000000002,0.4559717080179038,23,60,78385.56,78343.25,1788982740,2026-09-09T19:39:00+00:00,78364.16,research_batch_v2,B-BTC_USDT,9.048499999999999,509
12.878680000000005,5.907430000000003,UNCERTIFIED,78366.01,546071.3021272998,6.971250000000004,0.37108533911491004,23,59,78369.07,78318.48,1788982800,2026-09-09T19:40:00+00:00,78343.26,research_batch_v2,B-BTC_USDT,18.786110000000004,1072
1.4861799999999996,2.8610700000000002,UNCERTIFIED,78360.36,-107748.64405460005,-1.3748900000000004,-0.3162666053252056,22,60,78382.01,78350.0,1788982860,2026-09-09T19:41:00+00:00,78366.01,research_batch_v2,B-BTC_USDT,4.347250000000001,498
4.731239999999999,2.171950000000001,UNCERTIFIED,78366.01,200548.47943029995,2.559289999999999,0.37074019402623976,24,60,78375.04,78354.01,1788982920,2026-09-09T19:42:00+00:00,78360.36,research_batch_v2,B-BTC_USDT,6.903190000000002,460
3.1351699999999996,25.92676999999999,UNCERTIFIED,78374.0,-1785934.0487218006,-22.79159999999999,-0.7842422081939472,23,60,78384.0,78360.51,1788982980,2026-09-09T19:43:00+00:00,78366.01,research_batch_v2,B-BTC_USDT,29.061939999999982,616
1.9514900000000006,16.987449999999956,UNCERTIFIED,78296.82,-1177858.104210399,-15.035959999999958,-0.7939177166198311,24,59,78374.0,78290.73,1788983040,2026-09-09T19:44:00+00:00,78374.0,research_batch_v2,B-BTC_USDT,18.938939999999967,902
2.8484100000000008,2.347900000000001,UNCERTIFIED,78293.77,39186.36823739998,0.5005099999999993,0.0963202734247955,24,60,78309.84,78290.0,1788983100,2026-09-09T19:45:00+00:00,78296.83,research_batch_v2,B-BTC_USDT,5.196310000000002,545
7.102670000000004,1.0981200000000002,UNCERTIFIED,78297.63,470161.69619230006,6.004550000000002,0.7321916547064371,25,60,78313.31,78293.76,1788983160,2026-09-09T19:46:00+00:00,78293.77,research_batch_v2,B-BTC_USDT,8.20079,449
4.4317899999999995,2.7585699999999997,UNCERTIFIED,78314.62,131011.27728969994,1.6732199999999993,0.23270323043630634,24,60,78332.0,78297.62,1788983220,2026-09-09T19:47:00+00:00,78297.62,research_batch_v2,B-BTC_USDT,7.190359999999998,434
1.8117100000000006,1.4440700000000004,UNCERTIFIED,78316.01,28793.85320940007,0.36763999999999986,0.11291917758570903,23,60,78330.01,78314.61,1788983280,2026-09-09T19:48:00+00:00,78314.62,research_batch_v2,B-BTC_USDT,3.255780000000001,301
2.59969,0.9899,UNCERTIFIED,78332.01,126087.22982999995,1.609790000000001,0.448460687710853,23,60,78332.01,78316.0,1788983340,2026-09-09T19:49:00+00:00,78316.0,research_batch_v2,B-BTC_USDT,3.5895900000000003,192
3.3443699999999996,13.624429999999991,UNCERTIFIED,78248.37,-804760.5113587,-10.280059999999994,-0.6058212719815188,22,59,78328.01,78226.41,1788983400,2026-09-09T19:50:00+00:00,78328.01,research_batch_v2,B-BTC_USDT,16.968799999999995,1345
6.632860000000002,3.22108,UNCERTIFIED,78313.31,267072.3904485,3.4117800000000025,0.34623511001690727,24,59,78313.31,78232.0,1788983460,2026-09-09T19:51:00+00:00,78232.01,research_batch_v2,B-BTC_USDT,9.853939999999998,734
2.8372499999999996,3.82954,UNCERTIFIED,78218.57,-77634.80813140003,-0.9922900000000001,-0.14884074644619077,23,60,78320.08,78218.56,1788983520,2026-09-09T19:52:00+00:00,78313.31,research_batch_v2,B-BTC_USDT,6.66679,505
5.538500000000002,9.613990000000003,UNCERTIFIED,78178.37,-318747.38501689985,-4.075490000000005,-0.2689650347896619,23,60,78200.01,78150.01,1788983580,2026-09-09T19:53:00+00:00,78200.0,research_batch_v2,B-BTC_USDT,15.152490000000004,1152
15.402219999999994,2.3165399999999994,UNCERTIFIED,78230.01,1023627.6172366003,13.085679999999995,0.7385212057728643,23,60,78234.23,78178.38,1788983640,2026-09-09T19:54:00+00:00,78178.38,research_batch_v2,B-BTC_USDT,17.718759999999996,611
2.896900000000001,3.073990000000001,UNCERTIFIED,78232.0,-13847.76809060001,-0.1770899999999998,-0.029658895072593828,25,60,78232.01,78194.0,1788983700,2026-09-09T19:55:00+00:00,78206.0,research_batch_v2,B-BTC_USDT,5.970890000000002,490
2.0024200000000003,1.7409899999999994,UNCERTIFIED,78214.93,20430.014625599986,0.2614300000000006,0.06983739424749108,24,60,78227.52,78202.0,1788983760,2026-09-09T19:56:00+00:00,78227.52,research_batch_v2,B-BTC_USDT,3.7434100000000003,326
3.8619600000000003,1.6462400000000006,UNCERTIFIED,78216.64,173311.39726389997,2.2157200000000006,0.4022584510366364,23,60,78235.94,78216.64,1788983820,2026-09-09T19:57:00+00:00,78223.99,research_batch_v2,B-BTC_USDT,5.5082,338
3.4156199999999997,0.94845,UNCERTIFIED,78232.25,193002.9487552,2.46717,0.5653369446411262,24,60,78232.25,78216.64,1788983880,2026-09-09T19:58:00+00:00,78216.64,research_batch_v2,B-BTC_USDT,4.364070000000001,243
3.0645300000000004,1.9483299999999997,UNCERTIFIED,78234.94,87315.03552219999,1.1162000000000005,0.22266729970515844,23,60,78236.82,78226.46,1788983940,2026-09-09T19:59:00+00:00,78233.76,research_batch_v2,B-BTC_USDT,5.01286,277
2.1692899999999997,2.4175899999999997,UNCERTIFIED,78251.41,-19422.18135219995,-0.24830000000000063,-0.05413265662062244,23,60,78251.41,78231.76,1788984000,2026-09-09T20:00:00+00:00,78231.76,research_batch_v2,B-BTC_USDT,4.58688,467
4.05441,1.7349500000000002,UNCERTIFIED,78262.0,181479.46008799993,2.3194600000000007,0.40064186714939126,23,60,78262.01,78234.0,1788984060,2026-09-09T20:01:00+00:00,78258.01,research_batch_v2,B-BTC_USDT,5.789360000000002,657
3.6695,2.9685700000000006,UNCERTIFIED,78267.4,54874.54348920005,0.7009299999999995,0.10559243876608707,24,60,78273.02,78240.77,1788984120,2026-09-09T20:02:00+00:00,78262.01,research_batch_v2,B-BTC_USDT,6.638069999999999,625
2.6574700000000004,3.4145600000000007,UNCERTIFIED,78238.56,-59256.23534340004,-0.7570900000000004,-0.1246848253384783,24,60,78267.4,78236.0,1788984180,2026-09-09T20:03:00+00:00,78267.39,research_batch_v2,B-BTC_USDT,6.07203,356
1.1118999999999999,2.5954500000000005,UNCERTIFIED,78194.0,-116041.64350479995,-1.4835500000000004,-0.400164538012327,25,60,78235.8,78194.0,1788984240,2026-09-09T20:04:00+00:00,78235.3,research_batch_v2,B-BTC_USDT,3.70735,495
2.943800000000001,0.31124,UNCERTIFIED,78262.0,205924.65579819994,2.632560000000001,0.8087642548171451,23,60,78262.0,78192.07,1788984300,2026-09-09T20:05:00+00:00,78192.07,research_batch_v2,B-BTC_USDT,3.2550400000000015,475
4.4925299999999995,1.7738300000000002,UNCERTIFIED,78256.09,212766.5180308999,2.7186999999999992,0.4338563376505659,22,60,78270.01,78256.08,1788984360,2026-09-09T20:06:00+00:00,78264.01,research_batch_v2,B-BTC_USDT,6.266359999999998,222
1.7153600000000002,1.9953400000000003,UNCERTIFIED,78219.27,-21908.94228470001,-0.2799800000000004,-0.0754520710378097,24,60,78256.09,78210.12,1788984420,2026-09-09T20:07:00+00:00,78256.08,research_batch_v2,B-BTC_USDT,3.7106999999999997,465
1.1381000000000006,0.16168000000000002,UNCERTIFIED,78242.0,76385.83152650006,0.9764200000000008,0.7512194371355155,23,60,78242.01,78219.28,1788984480,2026-09-09T20:08:00+00:00,78219.28,research_batch_v2,B-BTC_USDT,1.2997800000000006,231
14.863969999999995,0.8159,UNCERTIFIED,78265.69,1099294.1552698007,14.048069999999992,0.8959302596258767,24,59,78265.7,78242.01,1788984540,2026-09-09T20:09:00+00:00,78242.01,research_batch_v2,B-BTC_USDT,15.679869999999998,439
1.5553099999999997,1.3782700000000006,UNCERTIFIED,78264.93,13852.150952099993,0.17703999999999903,0.06034947061269814,23,60,78280.01,78258.01,1788984600,2026-09-09T20:10:00+00:00,78268.0,research_batch_v2,B-BTC_USDT,2.9335800000000005,306
1.7525299999999993,0.15589,UNCERTIFIED,78294.0,124982.19546539996,1.5966399999999994,0.8366292535186173,25,60,78294.01,78264.93,1788984660,2026-09-09T20:11:00+00:00,78264.93,research_batch_v2,B-BTC_USDT,1.9084199999999998,241
1.8434100000000002,1.6935100000000003,UNCERTIFIED,78276.58,11738.107783300009,0.14990000000000045,0.04238150707395147,24,60,78295.52,78276.58,1788984720,2026-09-09T20:12:00+00:00,78294.01,research_batch_v2,B-BTC_USDT,3.5369200000000003,180
0.77382,1.3186599999999993,UNCERTIFIED,78240.0,-42647.21776719998,-0.5448399999999997,-0.26038002752714473,23,60,78274.01,78240.0,1788984780,2026-09-09T20:13:00+00:00,78274.0,research_batch_v2,B-BTC_USDT,2.0924799999999992,307
10.53321999999999,0.9284,UNCERTIFIED,78254.67,751478.5866316993,9.604819999999986,0.8379984679303619,24,60,78265.69,78236.0,1788984840,2026-09-09T20:14:00+00:00,78240.01,research_batch_v2,B-BTC_USDT,11.46161999999999,370
1.5217699999999996,1.17563,UNCERTIFIED,78280.01,27092.9565024,0.34613999999999995,0.12832357084599988,24,59,78280.01,78254.66,1788984900,2026-09-09T20:15:00+00:00,78254.66,research_batch_v2,B-BTC_USDT,2.697399999999999,257
0.9699600000000002,1.3483700000000003,UNCERTIFIED,78255.75,-29624.482990900025,-0.37841000000000025,-0.16322525266032017,23,60,78280.01,78243.41,1788984960,2026-09-09T20:16:00+00:00,78280.0,research_batch_v2,B-BTC_USDT,2.318330000000001,332
5.424050000000003,1.12146,UNCERTIFIED,78310.0,336809.9617379999,4.302590000000002,0.6573345698043392,24,60,78310.0,78255.75,1788985020,2026-09-09T20:17:00+00:00,78255.75,research_batch_v2,B-BTC_USDT,6.545510000000003,546
3.820130000000002,12.010509999999993,UNCERTIFIED,78280.0,-641443.1520449996,-8.190379999999989,-0.5173751661335231,24,59,78340.01,78280.0,1788985080,2026-09-09T20:18:00+00:00,78310.01,research_batch_v2,B-BTC_USDT,15.830639999999987,623
0.16030999999999998,0.62908,UNCERTIFIED,78270.01,-36694.50886810001,-0.4687699999999999,-0.5938382801910334,24,60,78280.01,78270.0,1788985140,2026-09-09T20:19:00+00:00,78280.01,research_batch_v2,B-BTC_USDT,0.7893900000000001,112
3.7838599999999993,6.5976099999999995,UNCERTIFIED,78254.5,-220209.58897360004,-2.8137499999999998,-0.2710357974352379,25,60,78260.19,78250.35,1788985200,2026-09-09T20:20:00+00:00,78256.53,research_batch_v2,B-BTC_USDT,10.38147,251
0.72537,4.731870000000002,UNCERTIFIED,78248.97,-313561.04440070014,-4.006500000000002,-0.7341623238120375,24,60,78267.89,78248.96,1788985260,2026-09-09T20:21:00+00:00,78254.51,research_batch_v2,B-BTC_USDT,5.457239999999998,234
3.7272500000000024,2.6385300000000003,UNCERTIFIED,78240.01,85198.61793329996,1.0887200000000021,0.17102695977555019,23,60,78258.88,78240.0,1788985320,2026-09-09T20:22:00+00:00,78248.97,research_batch_v2,B-BTC_USDT,6.365780000000002,298
4.922660000000002,1.9592400000000005,UNCERTIFIED,78225.74,231860.79217270022,2.9634200000000024,0.43061073250119897,22,60,78257.6,78225.74,1788985380,2026-09-09T20:23:00+00:00,78240.01,research_batch_v2,B-BTC_USDT,6.881900000000003,493
12.563229999999972,7.164450000000001,UNCERTIFIED,78216.01,421915.4815125998,5.398779999999974,0.27366522571331137,23,60,78225.74,78150.01,1788985440,2026-09-09T20:24:00+00:00,78225.74,research_batch_v2,B-BTC_USDT,19.72767999999998,853
2.81259,12.396429999999997,UNCERTIFIED,78147.24,-749283.7783385001,-9.583840000000002,-0.6301418500337301,25,60,78220.01,78147.24,1788985500,2026-09-09T20:25:00+00:00,78220.0,research_batch_v2,B-BTC_USDT,15.209019999999999,506
2.418240000000001,2.6816099999999996,UNCERTIFIED,78145.02,-20586.43711240002,-0.2633700000000005,-0.05164269537339346,23,60,78155.54,78131.36,1788985560,2026-09-09T20:26:00+00:00,78147.25,research_batch_v2,B-BTC_USDT,5.099849999999997,517
3.0713499999999994,0.93773,UNCERTIFIED,78200.0,166798.3803565,2.13362,0.5321969130074731,25,60,78200.0,78139.61,1788985620,2026-09-09T20:27:00+00:00,78145.02,research_batch_v2,B-BTC_USDT,4.00908,430
2.2262500000000003,0.28201,UNCERTIFIED,78232.01,152070.0316398,1.94424,0.7751349541116151,23,60,78232.02,78199.99,1788985680,2026-09-09T20:28:00+00:00,78199.99,research_batch_v2,B-BTC_USDT,2.5082600000000004,288
40.38476999999999,123.34060999999998,UNCERTIFIED,78107.48,-6476648.340309201,-82.95583999999994,-0.5066767290446968,23,59,78213.71,77941.17,1788985740,2026-09-09T20:29:00+00:00,78213.71,research_batch_v2,B-BTC_USDT,163.72537999999983,4640
6.936190000000002,5.71714,UNCERTIFIED,78200.0,95393.66302649995,1.21905,0.09634222769816318,23,60,78200.0,78107.47,1788985800,2026-09-09T20:30:00+00:00,78107.47,research_batch_v2,B-BTC_USDT,12.65333000000001,1066
5.6236200000000025,4.0937600000000005,UNCERTIFIED,78238.0,119602.31659069995,1.5298600000000007,0.1574354404170672,24,60,78240.01,78196.42,1788985860,2026-09-09T20:31:00+00:00,78216.0,research_batch_v2,B-BTC_USDT,9.717380000000002,823
1.65967,1.8697800000000002,UNCERTIFIED,78254.01,-16426.930766399983,-0.21011000000000074,-0.059530521752681226,23,60,78254.01,78232.2,1788985920,2026-09-09T20:32:00+00:00,78232.47,research_batch_v2,B-BTC_USDT,3.5294499999999998,368
3.73505,2.0942600000000002,UNCERTIFIED,78276.0,128440.02711249996,1.64079,0.2814724212642663,23,60,78285.99,78240.82,1788985980,2026-09-09T20:33:00+00:00,78254.01,research_batch_v2,B-BTC_USDT,5.829309999999999,585
3.538780000000001,3.904160000000001,UNCERTIFIED,78243.27,-28644.90358860003,-0.36537999999999893,-0.049090816263465634,23,60,78276.01,78242.0,1788986040,2026-09-09T20:34:00+00:00,78276.0,research_batch_v2,B-BTC_USDT,7.44294,367
15.43248999999998,2.0138200000000004,UNCERTIFIED,78310.01,1050170.4508510006,13.418669999999983,0.7691408670372125,23,60,78313.31,78241.98,1788986100,2026-09-09T20:35:00+00:00,78243.26,research_batch_v2,B-BTC_USDT,17.44630999999999,1158
0.6266299999999998,1.4194199999999997,UNCERTIFIED,78302.68,-62081.064326299995,-0.7927900000000002,-0.3874734244031184,25,60,78312.01,78302.67,1788986160,2026-09-09T20:36:00+00:00,78310.01,research_batch_v2,B-BTC_USDT,2.0460499999999997,180
0.8020399999999999,2.4462899999999994,UNCERTIFIED,78304.0,-128740.76419350006,-1.6442499999999995,-0.5061831772018236,24,60,78304.01,78291.99,1788986220,2026-09-09T20:37:00+00:00,78302.68,research_batch_v2,B-BTC_USDT,3.2483299999999997,254
0.9833500000000002,0.8367399999999999,UNCERTIFIED,78311.53,11479.720372399981,0.14660999999999996,0.08055096176562694,23,60,78311.54,78304.0,1788986280,2026-09-09T20:38:00+00:00,78304.01,research_batch_v2,B-BTC_USDT,1.8200900000000004,217
0.6343500000000001,1.0881399999999999,UNCERTIFIED,78310.01,-35535.1044943,-0.45379000000000025,-0.26345000551527153,23,60,78311.54,78308.01,1788986340,2026-09-09T20:39:00+00:00,78311.54,research_batch_v2,B-BTC_USDT,1.7224900000000005,122
1.9197399999999998,1.63709,UNCERTIFIED,78304.0,22121.99597639997,0.2826499999999997,0.07946682860862048,22,60,78310.0,78294.41,1788986400,2026-09-09T20:40:00+00:00,78310.0,research_batch_v2,B-BTC_USDT,3.5568300000000015,289
1.59296,0.5170399999999998,UNCERTIFIED,78304.0,84241.8313377,1.0759200000000002,0.5099146919431279,25,60,78304.01,78298.08,1788986460,2026-09-09T20:41:00+00:00,78304.01,research_batch_v2,B-BTC_USDT,2.1100000000000008,161
1.8584999999999994,20.399019999999993,UNCERTIFIED,78232.96,-1451786.0405735995,-18.540519999999997,-0.8330002623832305,23,60,78313.22,78232.95,1788986520,2026-09-09T20:42:00+00:00,78304.01,research_batch_v2,B-BTC_USDT,22.257519999999996,624
2.19287,0.40531,UNCERTIFIED,78273.29,139869.40929640003,1.7875600000000003,0.6880046801992162,23,60,78273.3,78232.96,1788986580,2026-09-09T20:43:00+00:00,78232.96,research_batch_v2,B-BTC_USDT,2.598180000000001,345
0.46123999999999993,0.8136700000000002,UNCERTIFIED,78277.61,-27586.676427000002,-0.3524299999999998,-0.2764351993474048,22,60,78277.62,78273.29,1788986640,2026-09-09T20:44:00+00:00,78273.29,research_batch_v2,B-BTC_USDT,1.2749099999999998,152
0.8194200000000001,1.02738,UNCERTIFIED,78282.01,-16278.211158900009,-0.20795999999999992,-0.11260558804418448,24,60,78282.01,78276.0,1788986700,2026-09-09T20:45:00+00:00,78277.61,research_batch_v2,B-BTC_USDT,1.8468000000000002,159
0.82965,1.1549000000000005,UNCERTIFIED,78272.24,-25464.59487339998,-0.3252500000000006,-0.16389105842634372,23,60,78282.01,78272.23,1788986760,2026-09-09T20:46:00+00:00,78282.0,research_batch_v2,B-BTC_USDT,1.984550000000001,155
0.6521899999999998,2.3740099999999997,UNCERTIFIED,78241.06,-134750.7509746001,-1.7218199999999997,-0.5689709867160133,24,60,78272.24,78241.05,1788986820,2026-09-09T20:47:00+00:00,78272.24,research_batch_v2,B-BTC_USDT,3.0262000000000002,305
1.7150699999999994,14.434709999999976,UNCERTIFIED,78138.01,-994815.8683989991,-12.719639999999975,-0.7876045370277485,23,60,78241.06,78138.0,1788986880,2026-09-09T20:48:00+00:00,78241.06,research_batch_v2,B-BTC_USDT,16.14977999999998,1002
0.99365,3.235830000000001,UNCERTIFIED,78110.01,-175168.87665820002,-2.2421800000000003,-0.5301313636664553,24,60,78136.01,78104.02,1788986940,2026-09-09T20:49:00+00:00,78136.01,research_batch_v2,B-BTC_USDT,4.2294800000000015,413
23.731939999999998,1.9636499999999995,UNCERTIFIED,78188.01,1700569.0253304008,21.768290000000004,0.8471605438909945,23,60,78188.01,78100.53,1788987000,2026-09-09T20:50:00+00:00,78110.0,research_batch_v2,B-BTC_USDT,25.695590000000006,936
1.5074799999999997,4.716610000000001,UNCERTIFIED,78194.01,-250898.27998699996,-3.2091300000000005,-0.515598264163918,24,60,78194.01,78167.47,1788987060,2026-09-09T20:51:00+00:00,78188.01,research_batch_v2,B-BTC_USDT,6.22409,464
5.196070000000001,2.18578,UNCERTIFIED,78221.94,235471.61082999985,3.0102900000000004,0.40779614866192077,22,60,78248.01,78196.01,1788987120,2026-09-09T20:52:00+00:00,78196.01,research_batch_v2,B-BTC_USDT,7.381850000000001,578
0.16387,5.863640000000001,UNCERTIFIED,78194.01,-445739.9011379,-5.699770000000001,-0.9456259715869405,24,60,78221.95,78194.01,1788987180,2026-09-09T20:53:00+00:00,78221.95,research_batch_v2,B-BTC_USDT,6.027510000000001,262
3.71009,5.392839999999999,UNCERTIFIED,78206.0,-131569.0843435002,-1.6827499999999975,-0.1848580621843733,24,60,78206.0,78172.0,1788987240,2026-09-09T20:54:00+00:00,78194.01,research_batch_v2,B-BTC_USDT,9.10293,512
1.7811699999999997,0.18001,UNCERTIFIED,78252.01,125257.46498979999,1.6011600000000001,0.8164268450626665,24,60,78252.01,78206.92,1788987300,2026-09-09T20:55:00+00:00,78206.92,research_batch_v2,B-BTC_USDT,1.9611799999999997,355
6.994109999999999,0.4899799999999999,UNCERTIFIED,78282.26,509144.72766129987,6.504129999999999,0.869060901191728,25,60,78283.69,78252.0,1788987360,2026-09-09T20:56:00+00:00,78252.0,research_batch_v2,B-BTC_USDT,7.48409,351
3.05085,4.08416,UNCERTIFIED,78295.35,-80934.41406209997,-1.0333099999999997,-0.14482250200069793,23,60,78295.35,78282.26,1788987420,2026-09-09T20:57:00+00:00,78282.26,research_batch_v2,B-BTC_USDT,7.135009999999999,220
4.38057,1.66516,UNCERTIFIED,78304.01,212604.62314739992,2.7154100000000003,0.4491450991030035,24,60,78314.0,78288.0,1788987480,2026-09-09T20:58:00+00:00,78295.35,research_batch_v2,B-BTC_USDT,6.045729999999998,482
1.7483600000000001,1.1009799999999996,UNCERTIFIED,78324.07,50699.393583699995,0.6473800000000001,0.22720349273866938,23,60,78330.84,78309.83,1788987540,2026-09-09T20:59:00+00:00,78309.83,research_batch_v2,B-BTC_USDT,2.8493399999999993,355
5.08897,23.822,UNCERTIFIED,78306.0,-1466875.3401762017,-18.73303000000001,-0.647955775956324,23,60,78324.07,78244.0,1788987600,2026-09-09T21:00:00+00:00,78324.07,research_batch_v2,B-BTC_USDT,28.910970000000006,951
0.57247,0.37523000000000006,UNCERTIFIED,78313.31,15445.655792300004,0.19723999999999997,0.20812493405085997,24,59,78313.31,78306.0,1788987660,2026-09-09T21:01:00+00:00,78306.01,research_batch_v2,B-BTC_USDT,0.9476999999999999,167
0.8453000000000002,12.211199999999998,UNCERTIFIED,78294.19,-889937.2552629003,-11.365900000000002,-0.8705166009267418,23,60,78313.31,78294.18,1788987720,2026-09-09T21:02:00+00:00,78313.3,research_batch_v2,B-BTC_USDT,13.056499999999998,294
1.0371000000000001,0.72144,UNCERTIFIED,78298.0,24715.231407699983,0.31566,0.17950117711283228,25,60,78298.01,78294.18,1788987780,2026-09-09T21:03:00+00:00,78294.19,research_batch_v2,B-BTC_USDT,1.7585399999999995,121
2.31989,2.8066000000000004,UNCERTIFIED,78317.32,-38090.13429560002,-0.48670999999999875,-0.09494020275080976,24,59,78317.33,78288.64,1788987840,2026-09-09T21:04:00+00:00,78298.01,research_batch_v2,B-BTC_USDT,5.12649,318
1.6590300000000004,0.27255,UNCERTIFIED,78339.55,108598.6623703,1.38648,0.7177957941167334,24,60,78339.56,78317.33,1788987900,2026-09-09T21:05:00+00:00,78317.33,research_batch_v2,B-BTC_USDT,1.93158,266
0.8050299999999999,3.2372799999999997,UNCERTIFIED,78301.62,-190500.03306149994,-2.432249999999999,-0.6016980389925559,23,60,78339.56,78301.61,1788987960,2026-09-09T21:06:00+00:00,78339.56,research_batch_v2,B-BTC_USDT,4.0423100000000005,352
2.12431,2.7977400000000006,UNCERTIFIED,78274.01,-52723.1821767,-0.6734300000000003,-0.13681900834002098,23,60,78301.62,78274.0,1788988020,2026-09-09T21:07:00+00:00,78301.62,research_batch_v2,B-BTC_USDT,4.9220500000000005,409
0.77085,3.2256,UNCERTIFIED,78272.96,-192142.52702659997,-2.4547499999999998,-0.6142326314604211,23,60,78274.01,78272.96,1788988080,2026-09-09T21:08:00+00:00,78274.01,research_batch_v2,B-BTC_USDT,3.9964500000000003,113
1.0265700000000002,0.7062999999999999,UNCERTIFIED,78268.9,25068.462484099997,0.32027,0.18482055780295123,24,60,78281.66,78268.9,1788988140,2026-09-09T21:09:00+00:00,78272.96,research_batch_v2,B-BTC_USDT,1.7328699999999995,246
0.32930999999999994,1.7307000000000003,UNCERTIFIED,78254.42,-109682.71304929996,-1.401390000000001,-0.6802831054218189,23,60,78268.91,78254.42,1788988200,2026-09-09T21:10:00+00:00,78268.91,research_batch_v2,B-BTC_USDT,2.0600099999999997,215
0.17970000000000003,0.70895,UNCERTIFIED,78234.01,-41409.0277277,-0.5292499999999999,-0.5955663084453946,12,29,78254.43,78234.01,1788988260,2026-09-09T21:11:00+00:00,78254.43,research_batch_v2,B-BTC_USDT,0.8886499999999999,139
5.424730000000002,0.9831700000000001,UNCERTIFIED,78219.58,347333.3150196999,4.441560000000002,0.6931381575867289,22,54,78221.6,78176.0,1788988320,2026-09-09T21:12:00+00:00,78176.0,research_batch_v2,B-BTC_USDT,6.407900000000002,407
3.911240000000004,3.69695,UNCERTIFIED,78238.02,16701.948325199985,0.21429000000000284,0.028165700383402985,23,60,78252.01,78218.66,1788988380,2026-09-09T21:13:00+00:00,78219.58,research_batch_v2,B-BTC_USDT,7.608190000000003,340
0.6484799999999998,0.25272000000000006,UNCERTIFIED,78241.61,30963.6852733,0.39575999999999983,0.43914780292942734,23,59,78241.61,78238.01,1788988440,2026-09-09T21:14:00+00:00,78238.01,research_batch_v2,B-BTC_USDT,0.9011999999999998,108
1.1082099999999997,0.21657000000000004,UNCERTIFIED,78248.0,69766.56476689999,0.8916399999999998,0.6730476003562856,23,60,78248.01,78244.0,1788988500,2026-09-09T21:15:00+00:00,78244.01,research_batch_v2,B-BTC_USDT,1.3247799999999996,139
0.14549,2.1755300000000006,UNCERTIFIED,78214.19,-158822.14865330007,-2.030040000000001,-0.8746327045867771,23,59,78248.01,78214.18,1788988560,2026-09-09T21:16:00+00:00,78248.01,research_batch_v2,B-BTC_USDT,2.3210199999999994,269
0.35197,2.9334900000000013,UNCERTIFIED,78169.59,-201860.30466939995,-2.5815199999999994,-0.7857408095061263,24,60,78214.19,78169.58,1788988620,2026-09-09T21:17:00+00:00,78214.19,research_batch_v2,B-BTC_USDT,3.285460000000002,314
4.374690000000001,3.418680000000001,UNCERTIFIED,78164.01,74712.12502670001,0.9560100000000007,0.12266965382113264,23,60,78168.0,78142.0,1788988680,2026-09-09T21:18:00+00:00,78164.01,research_batch_v2,B-BTC_USDT,7.793370000000002,557
1.5674900000000005,0.9864,UNCERTIFIED,78184.4,45409.15320929995,0.5810900000000002,0.2275313345523888,25,60,78191.39,78164.0,1788988740,2026-09-09T21:19:00+00:00,78164.01,research_batch_v2,B-BTC_USDT,2.55389,282
1.34431,3.81912,UNCERTIFIED,78143.26,-193435.7657625,-2.4748099999999997,-0.4792957394600101,23,60,78184.41,78138.0,1788988800,2026-09-09T21:20:00+00:00,78184.41,research_batch_v2,B-BTC_USDT,5.16343,405
1.4872499999999997,0.85154,UNCERTIFIED,78148.01,49675.56531120001,0.6357100000000002,0.27181149226736906,23,60,78148.01,78136.67,1788988860,2026-09-09T21:21:00+00:00,78137.38,research_batch_v2,B-BTC_USDT,2.3387900000000004,294
1.5365299999999997,0.3919000000000001,UNCERTIFIED,78172.01,89460.3137263,1.1446300000000003,0.5935553792463301,25,60,78172.01,78150.71,1788988920,2026-09-09T21:22:00+00:00,78150.71,research_batch_v2,B-BTC_USDT,1.92843,343
2.20833,2.22812,UNCERTIFIED,78224.01,-1595.982277799987,-0.01979000000000075,-0.004460773816903324,23,60,78227.67,78172.0,1788988980,2026-09-09T21:23:00+00:00,78172.0,research_batch_v2,B-BTC_USDT,4.43645,488
2.3391800000000007,0.12030000000000002,UNCERTIFIED,78246.91,173593.7881355,2.21888,0.9021744433782747,22,60,78246.91,78224.0,1788989040,2026-09-09T21:24:00+00:00,78224.01,research_batch_v2,B-BTC_USDT,2.459480000000001,272
3.0708000000000006,3.29265,UNCERTIFIED,78268.01,-17368.43962550001,-0.22184999999999971,-0.0348631638497984,24,60,78268.01,78243.2,1788989100,2026-09-09T21:25:00+00:00,78243.2,research_batch_v2,B-BTC_USDT,6.363450000000002,460
1.7562699999999998,0.11573,UNCERTIFIED,78292.14,128421.18960370003,1.6405399999999997,0.8763568376068376,23,60,78292.14,78268.0,1788989160,2026-09-09T21:26:00+00:00,78268.01,research_batch_v2,B-BTC_USDT,1.8719999999999997,288
1.2853799999999995,0.76986,UNCERTIFIED,78288.62,40360.45362680001,0.5155199999999999,0.2508320196181467,25,60,78294.03,78288.61,1788989220,2026-09-09T21:27:00+00:00,78292.13,research_batch_v2,B-BTC_USDT,2.05524,124
1.74518,1.1900199999999996,UNCERTIFIED,78270.01,43456.321471200004,0.5551600000000001,0.18913872989915512,24,60,78288.61,78270.01,1788989280,2026-09-09T21:28:00+00:00,78288.61,research_batch_v2,B-BTC_USDT,2.9352,236
0.71271,0.21149999999999994,UNCERTIFIED,78282.53,39233.2079669,0.50121,0.5423118122504625,24,60,78282.54,78270.0,1788989340,2026-09-09T21:29:00+00:00,78270.0,research_batch_v2,B-BTC_USDT,0.9242100000000002,182
0.33126,2.5189600000000008,UNCERTIFIED,78254.01,-171232.39657920002,-2.187700000000001,-0.7675547852446482,24,60,78280.55,78254.01,1788989400,2026-09-09T21:30:00+00:00,78280.55,research_batch_v2,B-BTC_USDT,2.8502199999999998,345
1.3392899999999994,0.13747000000000004,UNCERTIFIED,78261.98,94049.27066519998,1.2018199999999999,0.8138221511958613,24,60,78262.01,78252.0,1788989460,2026-09-09T21:31:00+00:00,78254.01,research_batch_v2,B-BTC_USDT,1.4767599999999996,165
1.5607000000000002,0.7476900000000001,UNCERTIFIED,78251.6,63618.628550300025,0.81301,0.35219785218268995,24,60,78254.96,78251.59,1788989520,2026-09-09T21:32:00+00:00,78254.96,research_batch_v2,B-BTC_USDT,2.308390000000001,117
1.8878,38.448819999999984,UNCERTIFIED,78191.96,-2860337.8926937995,-36.56101999999999,-0.9063977100708991,24,60,78251.59,78186.9,1788989580,2026-09-09T21:33:00+00:00,78251.59,research_batch_v2,B-BTC_USDT,40.33661999999996,471
2.6595299999999997,1.2461500000000005,UNCERTIFIED,78180.01,110488.32302739995,1.4133799999999994,0.3618780852501996,24,60,78191.96,78180.0,1788989640,2026-09-09T21:34:00+00:00,78191.96,research_batch_v2,B-BTC_USDT,3.90568,143
1.3807300000000007,0.7647400000000002,UNCERTIFIED,78178.01,48155.03989080003,0.6159900000000007,0.2871119148717998,23,60,78194.01,78178.0,1788989700,2026-09-09T21:35:00+00:00,78180.01,research_batch_v2,B-BTC_USDT,2.1454700000000013,267
3.2522699999999993,1.554019999999999,UNCERTIFIED,78158.11,132716.22346210002,1.6982500000000005,0.353339061937586,24,60,78178.01,78146.0,1788989760,2026-09-09T21:36:00+00:00,78178.0,research_batch_v2,B-BTC_USDT,4.806290000000001,341
2.7455700000000003,0.11868000000000001,UNCERTIFIED,78220.01,205388.17981289997,2.626890000000001,0.9171301387797853,22,60,78220.01,78158.1,1788989820,2026-09-09T21:37:00+00:00,78158.11,research_batch_v2,B-BTC_USDT,2.8642500000000006,430
3.032750000000001,6.41143,UNCERTIFIED,78223.6,-264352.2801758001,-3.378679999999999,-0.3577526053082425,25,60,78234.01,78216.0,1788989880,2026-09-09T21:38:00+00:00,78219.68,research_batch_v2,B-BTC_USDT,9.444180000000003,357
0.9320000000000002,5.36209,UNCERTIFIED,78231.99,-346579.3826567999,-4.430090000000002,-0.7038491664402642,23,59,78232.0,78220.77,1788989940,2026-09-09T21:39:00+00:00,78223.61,research_batch_v2,B-BTC_USDT,6.294089999999999,211
0.6537799999999997,0.13559000000000002,UNCERTIFIED,78238.16,40540.56064509999,0.5181899999999997,0.6564602151082505,23,60,78238.17,78231.99,1788990000,2026-09-09T21:40:00+00:00,78231.99,research_batch_v2,B-BTC_USDT,0.78937,169
2.6085800000000003,1.5873699999999995,UNCERTIFIED,78248.01,79892.61849889997,1.021210000000001,0.24337992588090918,25,59,78266.01,78238.01,1788990060,2026-09-09T21:41:00+00:00,78238.17,research_batch_v2,B-BTC_USDT,4.195950000000001,511
1.1206399999999999,0.4872099999999998,UNCERTIFIED,78256.01,49565.612819400005,0.6334299999999999,0.39396087943527075,23,59,78256.01,78244.26,1788990120,2026-09-09T21:42:00+00:00,78244.26,research_batch_v2,B-BTC_USDT,1.6078499999999996,206
2.011330000000001,4.949179999999999,UNCERTIFIED,78256.01,-229937.44073850007,-2.937849999999999,-0.42207395722439855,23,60,78271.7,78251.11,1788990180,2026-09-09T21:43:00+00:00,78251.12,research_batch_v2,B-BTC_USDT,6.960510000000002,600
0.28052,1.1479799999999996,UNCERTIFIED,78244.39,-67880.54620499998,-0.8674599999999997,-0.607252362618131,24,59,78256.01,78244.39,1788990240,2026-09-09T21:44:00+00:00,78256.01,research_batch_v2,B-BTC_USDT,1.4284999999999992,180
0.4031499999999999,2.785549999999999,UNCERTIFIED,78175.43,-186318.0805078,-2.3824,-0.7471383322357072,24,60,78244.39,78175.42,1788990300,2026-09-09T21:45:00+00:00,78244.39,research_batch_v2,B-BTC_USDT,3.1887000000000003,553
2.5367999999999995,5.8700700000000055,UNCERTIFIED,78164.14,-260580.4592812998,-3.3332700000000033,-0.3964935820346933,24,60,78186.0,78158.01,1788990360,2026-09-09T21:46:00+00:00,78175.42,research_batch_v2,B-BTC_USDT,8.406870000000003,677
0.81757,3.2195899999999997,UNCERTIFIED,78141.45,-187718.99396390005,-2.40202,-0.5949776575612559,24,60,78164.15,78141.45,1788990420,2026-09-09T21:47:00+00:00,78164.15,research_batch_v2,B-BTC_USDT,4.03716,223
1.2430400000000001,4.248360000000002,UNCERTIFIED,78118.54,-234791.0113394001,-3.0053199999999993,-0.5472775612776342,24,60,78141.45,78108.96,1788990480,2026-09-09T21:48:00+00:00,78141.45,research_batch_v2,B-BTC_USDT,5.491399999999999,658
0.6410800000000001,2.17809,UNCERTIFIED,78100.54,-120052.42202530002,-1.5370100000000002,-0.545199473603933,24,60,78114.19,78100.53,1788990540,2026-09-09T21:49:00+00:00,78114.19,research_batch_v2,B-BTC_USDT,2.819170000000001,318
9.563620000000006,22.7401,UNCERTIFIED,78021.14,-1028323.4379464001,-13.17648,-0.40789358005827175,22,60,78100.53,77994.15,1788990600,2026-09-09T21:50:00+00:00,78100.53,research_batch_v2,B-BTC_USDT,32.30372000000001,1820
3.8537100000000004,2.7155400000000007,UNCERTIFIED,78076.19,88829.88562199993,1.1381700000000006,0.17325722114396627,24,60,78100.18,78027.48,1788990660,2026-09-09T21:51:00+00:00,78027.48,research_batch_v2,B-BTC_USDT,6.56925,1018
1.7645900000000014,1.5982600000000007,UNCERTIFIED,78090.0,12975.41386560007,0.1663300000000008,0.04946102264448332,23,60,78090.0,78069.47,1788990720,2026-09-09T21:52:00+00:00,78076.2,research_batch_v2,B-BTC_USDT,3.3628500000000017,595
1.401759999999999,1.0221799999999996,UNCERTIFIED,78124.0,29652.63620589998,0.3795799999999996,0.15659628538660178,24,60,78124.0,78090.0,1788990780,2026-09-09T21:53:00+00:00,78090.0,research_batch_v2,B-BTC_USDT,2.4239400000000004,355
1.11168,2.4913100000000004,UNCERTIFIED,78126.0,-107770.8932593,-1.3796299999999995,-0.3829125254302674,22,60,78126.01,78100.37,1788990840,2026-09-09T21:54:00+00:00,78124.01,research_batch_v2,B-BTC_USDT,3.602990000000001,482
1.44927,1.27245,UNCERTIFIED,78104.97,13826.448942899982,0.17681999999999976,0.0649662713284246,25,60,78128.89,78104.97,1788990900,2026-09-09T21:55:00+00:00,78126.01,research_batch_v2,B-BTC_USDT,2.721719999999999,287
0.26626,0.32094,UNCERTIFIED,78106.0,-4270.911932200002,-0.05467999999999998,-0.09311989100817435,24,60,78106.01,78104.97,1788990960,2026-09-09T21:56:00+00:00,78104.98,research_batch_v2,B-BTC_USDT,0.5872,97
0.4985199999999999,1.6638400000000009,UNCERTIFIED,78083.08,-91012.05791039999,-1.1653200000000008,-0.5389111896261495,24,60,78112.05,78083.08,1788991020,2026-09-09T21:57:00+00:00,78106.01,research_batch_v2,B-BTC_USDT,2.1623600000000005,322
3.0508700000000015,3.4730399999999992,UNCERTIFIED,78112.0,-32937.492776300074,-0.4221699999999996,-0.06471119313417865,23,60,78112.01,78064.0,1788991080,2026-09-09T21:58:00+00:00,78083.08,research_batch_v2,B-BTC_USDT,6.523910000000002,653
1.5338500000000002,0.2358,UNCERTIFIED,78145.02,101413.02057889999,1.2980500000000004,0.733506625603933,23,60,78145.02,78112.0,1788991140,2026-09-09T21:59:00+00:00,78112.0,research_batch_v2,B-BTC_USDT,1.7696500000000004,313
6.511390000000002,3.723310000000001,UNCERTIFIED,78157.03,217940.15670289996,2.788079999999999,0.2724144332515852,24,60,78196.0,78144.6,1788991200,2026-09-09T22:00:00+00:00,78161.01,research_batch_v2,B-BTC_USDT,10.2347,1037
7.8114000000000035,2.6330099999999996,UNCERTIFIED,78166.01,404794.7936686001,5.178389999999999,0.49580493297371503,24,60,78176.01,78154.52,1788991260,2026-09-09T22:01:00+00:00,78157.03,research_batch_v2,B-BTC_USDT,10.444410000000001,703
9.4219,8.649890000000003,UNCERTIFIED,78095.21,60440.775954199926,0.7720099999999985,0.04271906656728516,25,60,78166.01,78095.2,1788991320,2026-09-09T22:02:00+00:00,78166.01,research_batch_v2,B-BTC_USDT,18.071790000000004,1002
3.7557899999999993,8.049420000000003,UNCERTIFIED,78041.15,-335199.2948283,-4.293630000000001,-0.36370636354626484,23,60,78108.85,78036.64,1788991380,2026-09-09T22:03:00+00:00,78095.2,research_batch_v2,B-BTC_USDT,11.80521,833
4.02458,2.87217,UNCERTIFIED,78081.37,89954.97889270002,1.1524099999999995,0.16709464602892657,23,60,78082.87,78041.15,1788991440,2026-09-09T22:04:00+00:00,78041.15,research_batch_v2,B-BTC_USDT,6.896750000000001,654
3.218729999999999,9.230540000000003,UNCERTIFIED,78020.01,-469158.15014780004,-6.0118100000000005,-0.4829046201102553,23,60,78084.01,78020.0,1788991500,2026-09-09T22:05:00+00:00,78081.37,research_batch_v2,B-BTC_USDT,12.449270000000006,710
1.3828199999999995,2.2548300000000006,UNCERTIFIED,78010.0,-68032.91867759997,-0.8720100000000006,-0.23971794977526711,23,60,78020.01,78000.0,1788991560,2026-09-09T22:06:00+00:00,78020.0,research_batch_v2,B-BTC_USDT,3.6376500000000007,438
5.840389999999998,7.722160000000002,UNCERTIFIED,77974.53,-146819.1352974,-1.8817700000000033,-0.13874750692163373,23,60,78010.01,77956.11,1788991620,2026-09-09T22:07:00+00:00,78010.01,research_batch_v2,B-BTC_USDT,13.562549999999998,1069
26.64649999999998,60.247249999999966,UNCERTIFIED,77816.02,-2617462.047728301,-33.60074999999999,-0.3866877652305262,23,59,77963.93,77816.01,1788991680,2026-09-09T22:08:00+00:00,77963.93,research_batch_v2,B-BTC_USDT,86.89374999999988,4291
15.993199999999995,39.23139,UNCERTIFIED,77854.67,-1807844.5233559003,-23.238189999999996,-0.420794251256551,22,60,77854.67,77770.01,1788991740,2026-09-09T22:09:00+00:00,77810.01,research_batch_v2,B-BTC_USDT,55.22458999999996,2890
6.256420000000003,11.487820000000003,UNCERTIFIED,77914.01,-407805.23801319994,-5.231399999999999,-0.29482243251894696,24,60,77964.02,77854.67,1788991800,2026-09-09T22:10:00+00:00,77854.67,research_batch_v2,B-BTC_USDT,17.744239999999998,1183
8.436260000000003,6.83258,UNCERTIFIED,77948.01,124982.61611489987,1.6036800000000007,0.1050295896741338,22,59,77960.0,77898.1,1788991860,2026-09-09T22:11:00+00:00,77914.01,research_batch_v2,B-BTC_USDT,15.268839999999996,1283
3.3481100000000006,9.01666,UNCERTIFIED,77900.01,-441801.2981145001,-5.668550000000003,-0.4584436265292441,26,60,77975.1,77900.0,1788991920,2026-09-09T22:12:00+00:00,77950.0,research_batch_v2,B-BTC_USDT,12.364770000000004,1097
5.107590000000003,3.5082600000000004,UNCERTIFIED,77903.53,124585.97992530029,1.59933,0.18562649071188564,23,60,77923.53,77900.0,1788991980,2026-09-09T22:13:00+00:00,77900.0,research_batch_v2,B-BTC_USDT,8.61585,844
3.87493,22.884709999999995,UNCERTIFIED,77859.73,-1480322.890455,-19.009779999999992,-0.7103899753509387,23,60,77903.53,77859.73,1788992040,2026-09-09T22:14:00+00:00,77903.53,research_batch_v2,B-BTC_USDT,26.759639999999997,712
3.9793100000000026,2.97071,UNCERTIFIED,77844.18,78529.14471710002,1.0086000000000017,0.14512188454133965,23,60,77873.07,77844.18,1788992100,2026-09-09T22:15:00+00:00,77859.73,research_batch_v2,B-BTC_USDT,6.950020000000003,560
9.175470000000002,7.054429999999998,UNCERTIFIED,77887.77,165012.3200430999,2.121040000000004,0.13068718846080402,23,60,77887.77,77770.82,1788992160,2026-09-09T22:16:00+00:00,77844.18,research_batch_v2,B-BTC_USDT,16.229900000000004,1559
4.219010000000002,4.787540000000003,UNCERTIFIED,77868.01,-44318.10008170006,-0.5685300000000015,-0.06312405971209858,25,60,77904.01,77831.6,1788992220,2026-09-09T22:17:00+00:00,77887.76,research_batch_v2,B-BTC_USDT,9.00655,965
5.659360000000001,2.0029,UNCERTIFIED,77930.1,284788.20930999995,3.6564600000000014,0.47720385369329693,22,60,77934.0,77868.0,1788992280,2026-09-09T22:18:00+00:00,77868.0,research_batch_v2,B-BTC_USDT,7.66226,729
3.17659,2.3918599999999994,UNCERTIFIED,77960.0,61160.24499549995,0.7847299999999995,0.1409243146656609,24,60,77960.0,77930.1,1788992340,2026-09-09T22:19:00+00:00,77930.1,research_batch_v2,B-BTC_USDT,5.56845,516
1.8164299999999998,0.2631900000000001,UNCERTIFIED,78004.0,121122.14291720002,1.5532400000000006,0.7468864504092095,24,60,78004.0,77959.99,1788992400,2026-09-09T22:20:00+00:00,77959.99,research_batch_v2,B-BTC_USDT,2.0796200000000002,444
2.6542600000000003,0.40009000000000006,UNCERTIFIED,78030.02,175874.20393999992,2.254170000000001,0.7380195458935623,23,60,78030.03,78004.0,1788992460,2026-09-09T22:21:00+00:00,78004.0,research_batch_v2,B-BTC_USDT,3.0543499999999986,378
3.488930000000001,3.5377499999999995,UNCERTIFIED,78001.25,-3807.9810985000595,-0.04882000000000069,-0.006947804653122197,23,60,78030.02,78000.0,1788992520,2026-09-09T22:22:00+00:00,78030.02,research_batch_v2,B-BTC_USDT,7.026680000000002,479
3.1179299999999994,2.86678,UNCERTIFIED,78010.01,19572.0928027,0.25114999999999893,0.04196527484205565,23,60,78028.01,78001.25,1788992580,2026-09-09T22:23:00+00:00,78001.25,research_batch_v2,B-BTC_USDT,5.9847100000000015,478
3.6960499999999996,0.56591,UNCERTIFIED,78039.27,244216.84557479995,3.1301400000000004,0.7344367380266359,23,60,78039.27,78010.01,1788992640,2026-09-09T22:24:00+00:00,78010.01,research_batch_v2,B-BTC_USDT,4.261959999999999,382
0.90041,3.95612,UNCERTIFIED,78021.15,-238482.89259189996,-3.0557099999999995,-0.6291961544559592,25,60,78048.01,78021.14,1788992700,2026-09-09T22:25:00+00:00,78039.28,research_batch_v2,B-BTC_USDT,4.856529999999999,446
2.5701400000000008,3.13761,UNCERTIFIED,78042.01,-44334.020301199984,-0.5674700000000007,-0.09942096272611813,23,60,78058.01,78021.14,1788992760,2026-09-09T22:26:00+00:00,78021.14,research_batch_v2,B-BTC_USDT,5.70775,580
1.1740000000000002,1.2948799999999994,UNCERTIFIED,78034.0,-9429.027569100019,-0.12088000000000022,-0.048961472408541616,23,60,78040.0,78022.0,1788992820,2026-09-09T22:27:00+00:00,78040.0,research_batch_v2,B-BTC_USDT,2.46888,344
0.7866,0.89973,UNCERTIFIED,78033.57,-8828.034297700015,-0.11313000000000004,-0.06708651331589903,25,60,78034.01,78033.53,1788992880,2026-09-09T22:28:00+00:00,78034.0,research_batch_v2,B-BTC_USDT,1.6863300000000003,122
0.7164299999999998,1.7484900000000003,UNCERTIFIED,78031.46,-80534.8135485,-1.0320600000000006,-0.41869918699187036,22,60,78033.58,78030.01,1788992940,2026-09-09T22:29:00+00:00,78033.58,research_batch_v2,B-BTC_USDT,2.464919999999999,210
0.6169199999999999,4.237140000000001,UNCERTIFIED,78000.01,-282442.6112541001,-3.6202200000000007,-0.7458127835255438,23,60,78033.58,78000.0,1788993000,2026-09-09T22:30:00+00:00,78031.46,research_batch_v2,B-BTC_USDT,4.85406,403
1.3885299999999998,2.3886200000000004,UNCERTIFIED,78006.0,-78021.97934610001,-1.0000900000000001,-0.2647737050421615,24,60,78012.96,78000.0,1788993060,2026-09-09T22:31:00+00:00,78000.0,research_batch_v2,B-BTC_USDT,3.7771499999999993,293
1.36895,3.8339500000000006,UNCERTIFIED,77986.0,-192270.53558850006,-2.4650000000000003,-0.47377424128851237,23,60,78007.45,77986.0,1788993120,2026-09-09T22:32:00+00:00,77994.0,research_batch_v2,B-BTC_USDT,5.202899999999999,547
0.9840700000000001,3.3085200000000015,UNCERTIFIED,77959.78,-181249.28865779995,-2.324450000000001,-0.5415029154892503,24,60,77986.01,77959.78,1788993180,2026-09-09T22:33:00+00:00,77986.01,research_batch_v2,B-BTC_USDT,4.29259,427
3.1583799999999993,1.15001,UNCERTIFIED,77994.15,156609.68187139992,2.0083699999999998,0.46615324982185924,23,60,77994.16,77959.79,1788993240,2026-09-09T22:34:00+00:00,77959.79,research_batch_v2,B-BTC_USDT,4.308389999999999,541
2.7074800000000008,2.0745899999999997,UNCERTIFIED,77982.0,49362.11479270005,0.6328900000000005,0.13234645247769286,24,60,77997.82,77982.0,1788993300,2026-09-09T22:35:00+00:00,77990.01,research_batch_v2,B-BTC_USDT,4.782069999999998,333
6.242609999999999,2.6831000000000005,UNCERTIFIED,77970.0,277470.6133778999,3.559509999999999,0.39879292515665415,23,60,77982.01,77944.0,1788993360,2026-09-09T22:36:00+00:00,77982.01,research_batch_v2,B-BTC_USDT,8.925709999999999,567
2.276149999999999,1.5232299999999996,UNCERTIFIED,78010.01,58720.1348855,0.7529200000000004,0.19816917497065317,25,60,78010.01,77970.0,1788993420,2026-09-09T22:37:00+00:00,77970.0,research_batch_v2,B-BTC_USDT,3.7993800000000006,472
1.0193399999999997,0.3582999999999999,UNCERTIFIED,78019.02,51573.193917,0.6610400000000001,0.479835080282222,24,60,78019.02,78014.0,1788993480,2026-09-09T22:38:00+00:00,78014.0,research_batch_v2,B-BTC_USDT,1.3776399999999995,157
1.9069699999999998,2.3305200000000004,UNCERTIFIED,78038.01,-33075.391775199954,-0.42355000000000065,-0.09995303823725853,23,60,78050.25,78019.01,1788993540,2026-09-09T22:39:00+00:00,78019.02,research_batch_v2,B-BTC_USDT,4.23749,358
1.9284000000000006,0.7351799999999998,UNCERTIFIED,78053.81,93121.69968319997,1.19322,0.44797603225733784,23,60,78053.82,78032.22,1788993600,2026-09-09T22:40:00+00:00,78038.01,research_batch_v2,B-BTC_USDT,2.66358,406
0.5398499999999999,3.9116299999999993,UNCERTIFIED,78000.0,-263132.00961750007,-3.3717799999999998,-0.7574514543477674,25,60,78053.82,78000.0,1788993660,2026-09-09T22:41:00+00:00,78053.81,research_batch_v2,B-BTC_USDT,4.45148,491
2.0646400000000007,0.36352000000000007,UNCERTIFIED,78002.0,132688.0254611,1.70112,0.7005798629414866,26,60,78002.01,78000.0,1788993720,2026-09-09T22:42:00+00:00,78001.98,research_batch_v2,B-BTC_USDT,2.42816,159
1.1347699999999998,2.9844099999999996,UNCERTIFIED,78019.67,-144271.68302889998,-1.8496399999999997,-0.44903111784384275,22,60,78019.67,78002.0,1788993780,2026-09-09T22:43:00+00:00,78002.01,research_batch_v2,B-BTC_USDT,4.119179999999999,155
2.7503700000000006,2.42491,UNCERTIFIED,78031.97,25402.988098599926,0.32545999999999936,0.0628874186517443,22,60,78031.97,77982.97,1788993840,2026-09-09T22:44:00+00:00,78019.66,research_batch_v2,B-BTC_USDT,5.1752800000000025,611
1.96329,3.7146500000000002,UNCERTIFIED,78026.0,-136678.1858521,-1.7513600000000005,-0.3084498955607139,24,60,78046.0,78024.36,1788993900,2026-09-09T22:45:00+00:00,78034.0,research_batch_v2,B-BTC_USDT,5.677940000000002,471
1.2689999999999997,2.8666,UNCERTIFIED,78035.5,-124665.52980870001,-1.5976000000000004,-0.38630428474707434,22,60,78041.81,78016.0,1788993960,2026-09-09T22:46:00+00:00,78018.36,research_batch_v2,B-BTC_USDT,4.135599999999999,376
1.2748800000000002,1.2074800000000003,UNCERTIFIED,78035.09,5255.896021200016,0.06739999999999974,0.027151581559483613,24,60,78035.5,78024.0,1788994020,2026-09-09T22:47:00+00:00,78035.5,research_batch_v2,B-BTC_USDT,2.48236,258
0.7509099999999997,1.8075400000000004,UNCERTIFIED,78028.01,-82458.04454450001,-1.0566300000000008,-0.41299615001270323,24,60,78044.78,78028.0,1788994080,2026-09-09T22:48:00+00:00,78040.01,research_batch_v2,B-BTC_USDT,2.5584500000000006,292
0.44153,2.6277399999999993,UNCERTIFIED,78010.28,-170566.07726689999,-2.18621,-0.7122898930364551,23,60,78026.39,78010.27,1788994140,2026-09-09T22:49:00+00:00,78026.39,research_batch_v2,B-BTC_USDT,3.0692699999999995,254
2.8714299999999997,1.76005,UNCERTIFIED,78033.52,86728.74366460001,1.1113799999999996,0.23996217191912728,24,60,78033.52,78000.0,1788994200,2026-09-09T22:50:00+00:00,78010.28,research_batch_v2,B-BTC_USDT,4.63148,382
1.7871299999999997,3.155370000000002,UNCERTIFIED,78018.0,-106775.9349283001,-1.368240000000001,-0.2768315629742035,24,60,78033.52,78010.0,1788994260,2026-09-09T22:51:00+00:00,78033.52,research_batch_v2,B-BTC_USDT,4.942500000000001,462
1.1298799999999998,4.978620000000002,UNCERTIFIED,77972.51,-300197.1550516001,-3.8487400000000016,-0.6300630269296881,24,60,78014.25,77972.0,1788994320,2026-09-09T22:52:00+00:00,78014.25,research_batch_v2,B-BTC_USDT,6.108500000000003,477
0.6663199999999999,1.4238,UNCERTIFIED,77966.01,-59063.925986299975,-0.7574799999999999,-0.3624098137905956,24,60,77980.01,77966.01,1788994380,2026-09-09T22:53:00+00:00,77972.52,research_batch_v2,B-BTC_USDT,2.0901200000000006,229
0.69375,1.1725600000000003,UNCERTIFIED,77959.75,-37328.69056970002,-0.4788099999999996,-0.2565543773542443,24,60,77966.01,77953.01,1788994440,2026-09-09T22:54:00+00:00,77966.01,research_batch_v2,B-BTC_USDT,1.86631,261
0.3756,3.122360000000002,UNCERTIFIED,77934.01,-214113.93274769993,-2.746760000000002,-0.7852462578188433,24,60,77960.01,77934.0,1788994500,2026-09-09T22:55:00+00:00,77959.97,research_batch_v2,B-BTC_USDT,3.497960000000001,259
2.53993,1.6720899999999999,UNCERTIFIED,77939.53,67630.13323119997,0.8678400000000001,0.20603890769749433,23,60,77939.53,77918.0,1788994560,2026-09-09T22:56:00+00:00,77934.0,research_batch_v2,B-BTC_USDT,4.21202,354
0.3524,2.18819,UNCERTIFIED,77918.01,-143073.1117812,-1.8357900000000005,-0.7225841241601361,23,60,77942.55,77918.0,1788994620,2026-09-09T22:57:00+00:00,77941.04,research_batch_v2,B-BTC_USDT,2.5405900000000003,249
1.1523900000000002,0.8743899999999999,UNCERTIFIED,77918.01,21661.371702899956,0.278,0.13716338231085767,24,60,77921.33,77918.0,1788994680,2026-09-09T22:58:00+00:00,77918.01,research_batch_v2,B-BTC_USDT,2.026779999999999,163
3.5785700000000005,1.09302,UNCERTIFIED,77924.06,193674.45873230006,2.4855500000000004,0.5320565374957992,24,60,77931.3,77918.0,1788994740,2026-09-09T22:59:00+00:00,77918.01,research_batch_v2,B-BTC_USDT,4.67159,200
2.1633699999999987,0.9400000000000003,UNCERTIFIED,77968.0,95345.02382359997,1.22337,0.3942069427751123,24,60,77968.01,77920.56,1788994800,2026-09-09T23:00:00+00:00,77920.56,research_batch_v2,B-BTC_USDT,3.1033699999999995,439
2.7289300000000005,2.6193700000000004,UNCERTIFIED,77993.59,8530.308399799924,0.10955999999999975,0.020485013929659842,22,55,77993.59,77960.2,1788994860,2026-09-09T23:01:00+00:00,77968.01,research_batch_v2,B-BTC_USDT,5.348300000000001,467
1.6582400000000004,0.30748,UNCERTIFIED,78020.01,105366.98912409994,1.3507600000000002,0.6871578861689356,22,56,78020.01,77994.15,1788994920,2026-09-09T23:02:00+00:00,77994.16,research_batch_v2,B-BTC_USDT,1.9657200000000001,305
2.19667,0.35075,UNCERTIFIED,78070.0,144055.18574739996,1.8459199999999996,0.724623344403357,24,60,78070.0,78023.26,1788994980,2026-09-09T23:03:00+00:00,78023.26,research_batch_v2,B-BTC_USDT,2.54742,483
42.00865999999998,1.2206799999999998,UNCERTIFIED,78125.42,3186821.0054814992,40.78797999999999,0.9435253927078228,24,60,78125.64,78072.0,1788995040,2026-09-09T23:04:00+00:00,78072.0,research_batch_v2,B-BTC_USDT,43.22934,973
1.7923499999999992,1.39947,UNCERTIFIED,78128.01,30693.407804999973,0.3928799999999997,0.12308964791247617,24,60,78128.01,78120.9,1788995100,2026-09-09T23:05:00+00:00,78124.01,research_batch_v2,B-BTC_USDT,3.19182,184
2.929640000000002,0.77086,UNCERTIFIED,78152.0,168670.1704737999,2.1587800000000006,0.5833752195649234,24,60,78152.0,78128.0,1788995160,2026-09-09T23:06:00+00:00,78128.0,research_batch_v2,B-BTC_USDT,3.7005000000000026,365
1.81682,1.9202099999999995,UNCERTIFIED,78126.24,-8092.9933376999825,-0.10339000000000016,-0.027666355367765353,23,60,78154.01,78126.23,1788995220,2026-09-09T23:07:00+00:00,78152.01,research_batch_v2,B-BTC_USDT,3.7370300000000003,282
2.8524300000000014,0.8298500000000002,UNCERTIFIED,78152.0,158020.4723035,2.022580000000001,0.5492738194814083,24,60,78152.0,78116.0,1788995280,2026-09-09T23:08:00+00:00,78126.23,research_batch_v2,B-BTC_USDT,3.6822800000000013,398
1.8313000000000004,1.4884899999999999,UNCERTIFIED,78185.41,26781.442715599944,0.3428099999999995,0.10326255576406926,23,60,78185.42,78156.0,1788995340,2026-09-09T23:09:00+00:00,78156.01,research_batch_v2,B-BTC_USDT,3.3197900000000002,433
1.6600199999999996,4.926130000000001,UNCERTIFIED,78168.0,-255362.75331499998,-3.2661100000000003,-0.49590580232761167,24,60,78200.0,78168.0,1788995400,2026-09-09T23:10:00+00:00,78185.41,research_batch_v2,B-BTC_USDT,6.586150000000002,541
2.3378000000000005,1.26437,UNCERTIFIED,78176.0,83910.76981999997,1.0734299999999997,0.29799537501006323,25,60,78180.12,78164.0,1788995460,2026-09-09T23:11:00+00:00,78164.0,research_batch_v2,B-BTC_USDT,3.6021700000000005,248
2.0522899999999997,1.9942799999999998,UNCERTIFIED,78160.96,4542.488124299913,0.058009999999999534,0.014335597802583314,24,60,78176.02,78160.96,1788995520,2026-09-09T23:12:00+00:00,78176.01,research_batch_v2,B-BTC_USDT,4.046569999999998,214
2.097629999999999,1.781789999999999,UNCERTIFIED,78143.22,24650.455716399978,0.31584000000000073,0.08141423202437496,23,60,78160.96,78130.35,1788995580,2026-09-09T23:13:00+00:00,78160.96,research_batch_v2,B-BTC_USDT,3.87942,464
1.6401099999999993,1.04151,UNCERTIFIED,78157.56,46782.08343160003,0.5985999999999998,0.22322327548273055,23,60,78158.86,78143.21,1788995640,2026-09-09T23:14:00+00:00,78143.21,research_batch_v2,B-BTC_USDT,2.6816199999999997,224
1.08261,2.58772,UNCERTIFIED,78111.86,-117596.73131220002,-1.5051099999999997,-0.41007484340645123,25,60,78149.74,78111.86,1788995700,2026-09-09T23:15:00+00:00,78149.73,research_batch_v2,B-BTC_USDT,3.670329999999999,442
2.4286600000000003,2.6740500000000003,UNCERTIFIED,78108.0,-19176.437182000023,-0.24538999999999966,-0.048090132498221465,24,60,78111.86,78100.0,1788995760,2026-09-09T23:16:00+00:00,78111.85,research_batch_v2,B-BTC_USDT,5.10271,283
3.3081599999999995,1.62545,UNCERTIFIED,78133.11,131439.65687799995,1.6827099999999997,0.3410707372491948,23,60,78133.11,78107.04,1788995820,2026-09-09T23:17:00+00:00,78107.99,research_batch_v2,B-BTC_USDT,4.93361,569
1.24385,0.9403899999999998,UNCERTIFIED,78141.88,23711.43485119997,0.30346000000000034,0.13893161923598155,24,60,78151.69,78133.1,1788995880,2026-09-09T23:18:00+00:00,78133.1,research_batch_v2,B-BTC_USDT,2.18424,394
23.80027,2.6033399999999998,UNCERTIFIED,78164.86,1656665.9227060005,21.19693,0.8028042377538526,25,60,78170.01,78141.88,1788995940,2026-09-09T23:19:00+00:00,78141.88,research_batch_v2,B-BTC_USDT,26.40361,554
0.50701,0.5307199999999997,UNCERTIFIED,78150.01,-1856.31117360001,-0.023709999999999967,-0.022847946961155566,24,60,78164.86,78150.0,1788996000,2026-09-09T23:20:00+00:00,78164.86,research_batch_v2,B-BTC_USDT,1.03773,178
5.314679999999999,1.4476600000000002,UNCERTIFIED,78170.79,302274.0527978,3.86702,0.5718464318564284,22,60,78170.79,78150.0,1788996060,2026-09-09T23:21:00+00:00,78150.01,research_batch_v2,B-BTC_USDT,6.762340000000001,286
3.0541500000000004,5.662490000000001,UNCERTIFIED,78116.0,-203848.42892990014,-2.6083400000000005,-0.29923686191009385,23,60,78172.02,78116.0,1788996120,2026-09-09T23:22:00+00:00,78170.79,research_batch_v2,B-BTC_USDT,8.71664,629
2.0556500000000004,2.0962799999999997,UNCERTIFIED,78111.49,-3172.4961133999586,-0.04062999999999975,-0.009785810454415119,24,60,78116.01,78103.98,1788996180,2026-09-09T23:23:00+00:00,78116.0,research_batch_v2,B-BTC_USDT,4.151929999999998,258
3.5655900000000003,1.6397499999999998,UNCERTIFIED,78120.01,150448.8311671,1.9258399999999996,0.36997391140636343,23,60,78135.58,78111.48,1788996240,2026-09-09T23:24:00+00:00,78111.48,research_batch_v2,B-BTC_USDT,5.20534,481
1.41506,0.4133699999999999,UNCERTIFIED,78136.01,78257.48161590003,1.0016899999999997,0.5478415908730441,23,60,78136.01,78120.0,1788996300,2026-09-09T23:25:00+00:00,78120.0,research_batch_v2,B-BTC_USDT,1.8284299999999996,239
0.23377999999999996,1.1059500000000009,UNCERTIFIED,78136.01,-68152.51005269997,-0.8721700000000003,-0.6510043068379451,24,60,78142.01,78134.19,1788996360,2026-09-09T23:26:00+00:00,78136.0,research_batch_v2,B-BTC_USDT,1.3397300000000003,207
1.6565500000000002,0.99336,UNCERTIFIED,78136.0,51815.163131899964,0.6631900000000001,0.250268877056202,22,60,78146.01,78134.0,1788996420,2026-09-09T23:27:00+00:00,78139.69,research_batch_v2,B-BTC_USDT,2.6499099999999993,227
1.0933100000000002,1.14315,UNCERTIFIED,78138.0,-3894.8200408000102,-0.04984000000000022,-0.022285218604401694,23,60,78138.01,78128.42,1788996480,2026-09-09T23:28:00+00:00,78136.0,research_batch_v2,B-BTC_USDT,2.23646,227
1.55899,0.169,UNCERTIFIED,78184.0,108647.8868011,1.38999,0.8043970161864364,24,60,78184.0,78138.2,1788996540,2026-09-09T23:29:00+00:00,78138.2,research_batch_v2,B-BTC_USDT,1.7279899999999997,365
0.94704,1.3310999999999995,UNCERTIFIED,78185.74,-30030.627908000046,-0.38405999999999985,-0.16858489820643155,23,60,78186.97,78184.0,1788996600,2026-09-09T23:30:00+00:00,78184.0,research_batch_v2,B-BTC_USDT,2.278139999999999,135
1.2124699999999997,1.1665899999999998,UNCERTIFIED,78180.0,3585.0273497000153,0.045879999999999935,0.019284927660504533,23,60,78185.74,78177.91,1788996660,2026-09-09T23:31:00+00:00,78185.74,research_batch_v2,B-BTC_USDT,2.379060000000001,155
3.15426,0.44079000000000007,UNCERTIFIED,78206.96,212189.7276791,2.7134700000000005,0.7547794884633038,23,60,78206.96,78180.46,1788996720,2026-09-09T23:32:00+00:00,78180.46,research_batch_v2,B-BTC_USDT,3.59505,306
4.751850000000002,5.029050000000002,UNCERTIFIED,78223.01,-21686.758984500102,-0.2772000000000005,-0.028340950219305015,23,60,78244.41,78216.53,1788996780,2026-09-09T23:33:00+00:00,78216.53,research_batch_v2,B-BTC_USDT,9.780900000000003,646
1.85634,1.31991,UNCERTIFIED,78241.09,41959.6889047,0.5364300000000002,0.16888783943329405,25,60,78241.09,78208.47,1788996840,2026-09-09T23:34:00+00:00,78223.01,research_batch_v2,B-BTC_USDT,3.1762499999999996,408
1.4857400000000003,1.23487,UNCERTIFIED,78247.21,19633.165754900067,0.25087000000000037,0.09221093798817187,23,60,78257.71,78241.09,1788996900,2026-09-09T23:35:00+00:00,78241.09,research_batch_v2,B-BTC_USDT,2.720610000000001,336
0.27241,0.3319000000000001,UNCERTIFIED,78247.21,-4654.923798800007,-0.05949000000000004,-0.09844285217851774,23,59,78247.22,78247.21,1788996960,2026-09-09T23:36:00+00:00,78247.22,research_batch_v2,B-BTC_USDT,0.6043099999999999,77
3.158030000000002,1.4360000000000002,UNCERTIFIED,78236.74,134743.2151614999,1.722030000000002,0.37484082602856333,25,60,78251.46,78236.73,1788997020,2026-09-09T23:37:00+00:00,78247.22,research_batch_v2,B-BTC_USDT,4.594030000000003,215
0.7588900000000002,1.7796099999999997,UNCERTIFIED,78217.71,-79852.96894580002,-1.02072,-0.40209572582233605,23,60,78236.74,78217.71,1788997080,2026-09-09T23:38:00+00:00,78236.74,research_batch_v2,B-BTC_USDT,2.5385,287
4.460430000000001,1.806250000000002,UNCERTIFIED,78242.66,207636.20893050003,2.6541799999999975,0.4235384605564663,23,59,78249.69,78217.71,1788997140,2026-09-09T23:39:00+00:00,78217.71,research_batch_v2,B-BTC_USDT,6.266680000000003,433
0.22019000000000002,1.0977899999999994,UNCERTIFIED,78227.11,-68662.26488130001,-0.8775999999999997,-0.6658674638461886,24,60,78242.67,78227.1,1788997200,2026-09-09T23:40:00+00:00,78242.66,research_batch_v2,B-BTC_USDT,1.3179800000000002,161
2.2137300000000004,2.87082,UNCERTIFIED,78227.11,-51402.247886000005,-0.6570899999999994,-0.12923267545800507,24,60,78227.12,78227.1,1788997260,2026-09-09T23:41:00+00:00,78227.1,research_batch_v2,B-BTC_USDT,5.084549999999998,111
0.30546999999999996,3.09218,UNCERTIFIED,78227.11,-217996.26665340003,-2.7867099999999994,-0.820187482524686,23,60,78227.12,78227.11,1788997320,2026-09-09T23:42:00+00:00,78227.11,research_batch_v2,B-BTC_USDT,3.39765,171
2.2936999999999994,3.1922000000000006,UNCERTIFIED,78227.1,-70287.5783604,-0.8985000000000001,-0.16378351774549296,22,60,78230.0,78227.1,1788997380,2026-09-09T23:43:00+00:00,78227.11,research_batch_v2,B-BTC_USDT,5.485900000000002,163
13.583359999999994,0.33790999999999993,UNCERTIFIED,78230.0,1036147.0905509997,13.245449999999993,0.9514541417557448,25,59,78230.0,78220.09,1788997440,2026-09-09T23:44:00+00:00,78220.09,research_batch_v2,B-BTC_USDT,13.921269999999994,196
0.6649600000000001,0.6153900000000001,UNCERTIFIED,78230.0,3876.7947716000094,0.04957000000000001,0.03871597610028509,22,60,78230.0,78222.73,1788997500,2026-09-09T23:45:00+00:00,78229.96,research_batch_v2,B-BTC_USDT,1.2803499999999999,142
1.7695799999999997,0.31196,UNCERTIFIED,78237.32,114032.96451160002,1.45762,0.7002603841386665,25,60,78237.33,78233.44,1788997560,2026-09-09T23:46:00+00:00,78233.45,research_batch_v2,B-BTC_USDT,2.08154,147
0.8626399999999996,0.64751,UNCERTIFIED,78257.7,16829.268210100003,0.21512999999999988,0.14245604741250864,24,60,78257.71,78237.32,1788997620,2026-09-09T23:47:00+00:00,78237.32,research_batch_v2,B-BTC_USDT,1.5101499999999997,173
0.80649,2.03365,UNCERTIFIED,78257.71,-96034.70878979999,-1.22716,-0.4320772919644808,24,59,78257.72,78257.7,1788997680,2026-09-09T23:48:00+00:00,78257.7,research_batch_v2,B-BTC_USDT,2.840139999999999,79
6.094959999999999,0.5223999999999999,UNCERTIFIED,78266.59,436142.9250278999,5.572559999999998,0.842112262291911,25,60,78274.42,78257.71,1788997740,2026-09-09T23:49:00+00:00,78257.71,research_batch_v2,B-BTC_USDT,6.617359999999998,279
1.4602700000000002,2.31245,UNCERTIFIED,78263.84,-66701.98699599999,-0.8521800000000002,-0.22587947157488503,23,60,78274.42,78262.94,1788997800,2026-09-09T23:50:00+00:00,78266.59,research_batch_v2,B-BTC_USDT,3.7727199999999996,249
0.53937,0.9149100000000002,UNCERTIFIED,78263.67,-29393.685771699995,-0.37554000000000004,-0.25823087713507714,24,60,78270.3,78263.66,1788997860,2026-09-09T23:51:00+00:00,78263.85,research_batch_v2,B-BTC_USDT,1.4542800000000002,134
1.0502599999999997,0.21344000000000002,UNCERTIFIED,78267.76,65492.328489400024,0.83682,0.6621983065601014,23,60,78267.76,78263.66,1788997920,2026-09-09T23:52:00+00:00,78263.66,research_batch_v2,B-BTC_USDT,1.2636999999999998,129
3.710950000000001,1.0699499999999997,UNCERTIFIED,78289.29,206743.1502730001,2.6410000000000013,0.5524064506682844,24,59,78289.29,78267.75,1788997980,2026-09-09T23:53:00+00:00,78267.75,research_batch_v2,B-BTC_USDT,4.780900000000001,427
2.5402800000000005,1.5911000000000004,UNCERTIFIED,78295.15,74306.51089900007,0.9491799999999994,0.22974889746283308,24,60,78295.15,78281.45,1788998040,2026-09-09T23:54:00+00:00,78281.45,research_batch_v2,B-BTC_USDT,4.13138,216
3.323710000000001,4.367080000000005,UNCERTIFIED,78264.44,-81710.4762681999,-1.0433700000000028,-0.13566486667819586,24,59,78291.76,78263.69,1788998100,2026-09-09T23:55:00+00:00,78291.76,research_batch_v2,B-BTC_USDT,7.690790000000007,438
1.5898799999999997,0.3600899999999999,UNCERTIFIED,78268.53,96250.02508400004,1.2297900000000004,0.6306712410960171,24,60,78268.53,78264.44,1788998160,2026-09-09T23:56:00+00:00,78264.45,research_batch_v2,B-BTC_USDT,1.9499699999999998,127
0.8362399999999999,0.5036800000000001,UNCERTIFIED,78274.65,26029.59152019999,0.33255999999999997,0.24819392202519544,24,59,78274.65,78268.52,1788998220,2026-09-09T23:57:00+00:00,78268.52,research_batch_v2,B-BTC_USDT,1.3399200000000004,114
1.6428700000000007,0.047240000000000004,UNCERTIFIED,78282.48,124897.5300714,1.5956300000000005,0.9440983131275479,25,60,78282.48,78274.64,1788998280,2026-09-09T23:58:00+00:00,78274.65,research_batch_v2,B-BTC_USDT,1.6901100000000007,111
15.566929999999996,2.22765,UNCERTIFIED,78306.43,1044420.7021774997,13.339279999999995,0.7496260097175659,24,60,78316.61,78282.47,1788998340,2026-09-09T23:59:00+00:00,78282.47,research_batch_v2,B-BTC_USDT,17.79457999999999,540
2.2816299999999994,12.961179999999995,UNCERTIFIED,78309.84,-836047.1408526001,-10.679549999999999,-0.7006286898544302,21,60,78309.84,78288.64,1788998400,2026-09-10T00:00:00+00:00,78306.43,research_batch_v2,B-BTC_USDT,15.242809999999988,607
8.35457,0.8970199999999999,UNCERTIFIED,78317.87,584008.7254325002,7.4575499999999995,0.8060830624789902,24,60,78324.76,78313.52,1788998460,2026-09-10T00:01:00+00:00,78324.76,research_batch_v2,B-BTC_USDT,9.251589999999998,341
5.197240000000002,9.858420000000002,UNCERTIFIED,78341.16,-365131.27891419985,-4.66118,-0.3095965238322332,23,60,78358.08,78317.86,1788998520,2026-09-10T00:02:00+00:00,78317.87,research_batch_v2,B-BTC_USDT,15.05566,708
0.8246600000000003,2.4600300000000006,UNCERTIFIED,78319.09,-128108.38063139998,-1.6353700000000004,-0.4978765119387216,23,60,78341.16,78319.08,1788998580,2026-09-10T00:03:00+00:00,78341.15,research_batch_v2,B-BTC_USDT,3.2846900000000017,291
1.7526700000000004,0.23954000000000003,UNCERTIFIED,78347.45,118514.4806519,1.5131299999999999,0.7595233434226307,24,60,78347.45,78319.09,1788998640,2026-09-10T00:04:00+00:00,78319.09,research_batch_v2,B-BTC_USDT,1.992210000000001,272
4.425879999999999,3.07386,UNCERTIFIED,78347.33,105976.13724819999,1.3520200000000018,0.1802755828868736,23,60,78382.33,78347.33,1788998700,2026-09-10T00:05:00+00:00,78352.1,research_batch_v2,B-BTC_USDT,7.499740000000003,701
1.1912200000000006,2.9601800000000007,UNCERTIFIED,78332.81,-138583.0877828,-1.76896,-0.4261116731704965,23,60,78354.06,78332.8,1788998760,2026-09-10T00:06:00+00:00,78347.34,research_batch_v2,B-BTC_USDT,4.151400000000002,343
0.50639,1.4326900000000002,UNCERTIFIED,78320.28,-72554.89308030003,-0.9262999999999998,-0.47770076531138456,24,60,78332.8,78320.25,1788998820,2026-09-10T00:07:00+00:00,78332.8,research_batch_v2,B-BTC_USDT,1.9390800000000004,257
0.56719,2.4239300000000004,UNCERTIFIED,78315.55,-145419.92323050005,-1.8567399999999996,-0.62075075556982,23,60,78320.28,78315.55,1788998880,2026-09-10T00:08:00+00:00,78320.28,research_batch_v2,B-BTC_USDT,2.9911199999999996,199
1.75652,4.474280000000002,UNCERTIFIED,78309.99,-212840.40609480004,-2.717760000000001,-0.43618154972074213,24,59,78315.56,78309.51,1788998940,2026-09-10T00:09:00+00:00,78315.56,research_batch_v2,B-BTC_USDT,6.230800000000002,151
4.59177,1.0591299999999992,UNCERTIFIED,78336.05,276653.35521560005,3.5326399999999993,0.625146436850767,24,60,78336.05,78300.92,1788999000,2026-09-10T00:10:00+00:00,78310.0,research_batch_v2,B-BTC_USDT,5.6509,445
1.3130899999999996,0.6471399999999997,UNCERTIFIED,78360.68,52176.49250619999,0.6659499999999997,0.3397305418241736,21,60,78373.52,78345.28,1788999060,2026-09-10T00:11:00+00:00,78345.28,research_batch_v2,B-BTC_USDT,1.9602299999999995,331
2.0104300000000004,1.7880699999999998,UNCERTIFIED,78323.98,17384.11311889997,0.22236000000000034,0.058538896932999955,23,60,78360.67,78316.75,1788999120,2026-09-10T00:12:00+00:00,78360.67,research_batch_v2,B-BTC_USDT,3.7985,358
49.329230000000024,106.25888000000003,UNCERTIFIED,78279.94,-4459817.4443436945,-56.929649999999974,-0.3658997464523476,25,60,78352.72,78264.0,1788999180,2026-09-10T00:13:00+00:00,78345.67,research_batch_v2,B-BTC_USDT,155.58811000000003,1342
14.934199999999997,23.746369999999985,UNCERTIFIED,78269.28,-689989.905105599,-8.812169999999993,-0.2278190316223363,23,60,78323.12,78269.28,1788999240,2026-09-10T00:14:00+00:00,78279.93,research_batch_v2,B-BTC_USDT,38.68057,912
1.87906,0.6094299999999997,UNCERTIFIED,78287.75,99394.03258989996,1.2696300000000003,0.5102009652439834,22,60,78299.47,78276.72,1788999300,2026-09-10T00:15:00+00:00,78276.72,research_batch_v2,B-BTC_USDT,2.48849,323
0.24128999999999998,0.9361800000000003,UNCERTIFIED,78270.61,-54400.346393,-0.6948900000000005,-0.5901551631888713,24,60,78289.27,78270.6,1788999360,2026-09-10T00:16:00+00:00,78287.75,research_batch_v2,B-BTC_USDT,1.1774700000000002,196
0.28728,1.2446900000000003,UNCERTIFIED,78257.71,-74927.82244329999,-0.9574100000000003,-0.6249534912563562,23,60,78270.61,78257.7,1788999420,2026-09-10T00:17:00+00:00,78270.61,research_batch_v2,B-BTC_USDT,1.5319700000000005,172
1.5207099999999996,2.2670900000000014,UNCERTIFIED,78255.01,-58417.58696200002,-0.746380000000001,-0.19704841860710728,24,60,78272.13,78255.0,1788999480,2026-09-10T00:18:00+00:00,78257.7,research_batch_v2,B-BTC_USDT,3.7878000000000003,309
1.7900700000000003,4.624759999999999,UNCERTIFIED,78256.55,-221832.90626179992,-2.834690000000001,-0.44189635578807257,24,60,78259.05,78255.01,1788999540,2026-09-10T00:19:00+00:00,78255.01,research_batch_v2,B-BTC_USDT,6.4148299999999985,128
0.53756,3.5993100000000013,UNCERTIFIED,78229.21,-239580.9920654001,-3.061750000000002,-0.7401126938965934,24,60,78256.55,78229.21,1788999600,2026-09-10T00:20:00+00:00,78256.55,research_batch_v2,B-BTC_USDT,4.136870000000003,264
1.7561200000000001,4.59799,UNCERTIFIED,78250.02,-222366.11551439995,-2.8418699999999997,-0.4472491033362657,26,60,78257.68,78229.21,1788999660,2026-09-10T00:21:00+00:00,78229.22,research_batch_v2,B-BTC_USDT,6.35411,270
1.0303000000000002,4.970380000000001,UNCERTIFIED,78229.84,-308282.03003940004,-3.9400800000000014,-0.6566055847004011,23,60,78250.02,78225.81,1788999720,2026-09-10T00:22:00+00:00,78250.02,research_batch_v2,B-BTC_USDT,6.000679999999997,372
6.047180000000001,7.274790000000002,UNCERTIFIED,78300.0,-96283.57053489973,-1.227610000000001,-0.09214928422748297,24,60,78300.0,78215.55,1788999780,2026-09-10T00:23:00+00:00,78229.83,research_batch_v2,B-BTC_USDT,13.321969999999997,909
1.7865600000000008,4.893599999999999,UNCERTIFIED,78278.51,-243309.6938009,-3.10704,-0.4651146080333404,24,60,78319.44,78278.51,1788999840,2026-09-10T00:24:00+00:00,78300.0,research_batch_v2,B-BTC_USDT,6.680160000000002,447
1.6322700000000003,9.492230000000001,UNCERTIFIED,78246.93,-615036.2555949996,-7.859960000000002,-0.7065450132590227,23,60,78278.0,78243.91,1788999900,2026-09-10T00:25:00+00:00,78278.0,research_batch_v2,B-BTC_USDT,11.124500000000005,369
2.0544499999999997,1.5399500000000002,UNCERTIFIED,78255.62,40242.62772019998,0.5144999999999998,0.14313932784331176,23,60,78270.11,78243.48,1788999960,2026-09-10T00:26:00+00:00,78246.93,research_batch_v2,B-BTC_USDT,3.5944000000000003,355
1.5042799999999998,2.2649000000000004,UNCERTIFIED,78271.8,-59536.19989620001,-0.7606200000000006,-0.20179986097771938,22,60,78271.8,78255.62,1789000020,2026-09-10T00:27:00+00:00,78255.62,research_batch_v2,B-BTC_USDT,3.7691800000000013,301
5.801580000000001,8.739769999999998,UNCERTIFIED,78303.22,-230069.36299120012,-2.9381899999999996,-0.20205758062353218,24,59,78303.22,78253.91,1789000080,2026-09-10T00:28:00+00:00,78277.99,research_batch_v2,B-BTC_USDT,14.54135,782
3.0284999999999997,4.270680000000001,UNCERTIFIED,78325.31,-97267.30889389994,-1.2421800000000012,-0.17018076003057891,23,60,78330.84,78303.22,1789000140,2026-09-10T00:29:00+00:00,78303.22,research_batch_v2,B-BTC_USDT,7.299180000000001,508
1.955459999999999,7.115750000000004,UNCERTIFIED,78286.36,-404075.3430773002,-5.160290000000006,-0.5688645726424593,22,59,78322.62,78264.02,1789000200,2026-09-10T00:30:00+00:00,78322.62,research_batch_v2,B-BTC_USDT,9.071210000000006,589
0.26797,3.055599999999999,UNCERTIFIED,78236.23,-218155.10926209996,-2.787629999999999,-0.8387456861146295,23,60,78283.85,78236.23,1789000260,2026-09-10T00:31:00+00:00,78283.84,research_batch_v2,B-BTC_USDT,3.32357,386
0.8638999999999998,3.61922,UNCERTIFIED,78221.94,-215540.94311419997,-2.75532,-0.6145987615767589,23,60,78236.23,78215.94,1789000320,2026-09-10T00:32:00+00:00,78236.22,research_batch_v2,B-BTC_USDT,4.483120000000001,274
9.433159999999987,9.856130000000006,UNCERTIFIED,78251.78,-33205.3195224001,-0.4229700000000136,-0.02192771221750587,23,60,78251.78,78175.69,1789000380,2026-09-10T00:33:00+00:00,78221.93,research_batch_v2,B-BTC_USDT,19.28928999999999,781
2.1077400000000006,4.817650000000002,UNCERTIFIED,78255.86,-212045.30453259996,-2.709910000000001,-0.3913007065306069,22,60,78276.31,78230.46,1789000440,2026-09-10T00:34:00+00:00,78255.93,research_batch_v2,B-BTC_USDT,6.925390000000004,635
0.6511200000000003,1.2784000000000004,UNCERTIFIED,78247.13,-49103.7370508,-0.6272799999999998,-0.3250963970313859,23,60,78281.26,78247.12,1789000500,2026-09-10T00:35:00+00:00,78255.85,research_batch_v2,B-BTC_USDT,1.9295200000000003,419
0.96642,2.11538,UNCERTIFIED,78275.0,-89920.4829539,-1.1489599999999998,-0.3728210785904342,24,59,78275.0,78247.12,1789000560,2026-09-10T00:36:00+00:00,78247.13,research_batch_v2,B-BTC_USDT,3.0817999999999994,193
1.12329,1.1677300000000002,UNCERTIFIED,78258.4,-3484.0056967999985,-0.04444000000000024,-0.01939747361437273,26,60,78279.54,78255.89,1789000620,2026-09-10T00:37:00+00:00,78279.54,research_batch_v2,B-BTC_USDT,2.2910200000000014,229
2.5439800000000004,3.8192399999999997,UNCERTIFIED,78275.08,-99816.28130810003,-1.2752599999999992,-0.2004111126127965,23,59,78278.98,78248.85,1789000680,2026-09-10T00:38:00+00:00,78258.41,research_batch_v2,B-BTC_USDT,6.363220000000001,397
1.9922099999999994,10.176279999999993,UNCERTIFIED,78248.0,-640746.5263919999,-8.18406999999999,-0.6725624954287671,22,60,78309.72,78241.63,1789000740,2026-09-10T00:39:00+00:00,78275.09,research_batch_v2,B-BTC_USDT,12.168489999999988,750
3.8624699999999987,0.6333300000000002,UNCERTIFIED,78209.65,252588.28666340004,3.2291399999999992,0.7182570399039099,25,60,78248.0,78209.64,1789000800,2026-09-10T00:40:00+00:00,78247.99,research_batch_v2,B-BTC_USDT,4.495800000000002,303
0.9462800000000001,1.2084900000000005,UNCERTIFIED,78205.25,-20508.216738000003,-0.26221000000000017,-0.12168816161353657,25,60,78209.65,78205.25,1789000860,2026-09-10T00:41:00+00:00,78209.65,research_batch_v2,B-BTC_USDT,2.1547699999999996,120
0.35273000000000004,5.57453,UNCERTIFIED,78166.0,-408237.5243608001,-5.221800000000001,-0.8809804192831087,24,60,78205.26,78163.64,1789000920,2026-09-10T00:42:00+00:00,78205.25,research_batch_v2,B-BTC_USDT,5.927260000000002,432
1.40149,0.5346000000000001,UNCERTIFIED,78169.77,67761.84830050002,0.8668899999999998,0.4477529453692751,25,60,78169.77,78165.99,1789000980,2026-09-10T00:43:00+00:00,78166.0,research_batch_v2,B-BTC_USDT,1.9360899999999999,118
1.8808100000000003,5.87224,UNCERTIFIED,78159.97,-311979.1947915,-3.991429999999999,-0.5148206189822069,23,60,78169.77,78159.97,1789001040,2026-09-10T00:44:00+00:00,78169.77,research_batch_v2,B-BTC_USDT,7.75305,196
0.25485,2.02692,UNCERTIFIED,78134.47,-138481.41844680003,-1.77207,-0.77662078123562,24,60,78159.98,78134.46,1789001100,2026-09-10T00:45:00+00:00,78159.98,research_batch_v2,B-BTC_USDT,2.2817699999999994,268
32.03415999999999,5.787530000000001,UNCERTIFIED,78196.53,2051424.9410199993,26.246629999999996,0.6939570918168912,24,60,78196.53,78130.49,1789001160,2026-09-10T00:46:00+00:00,78134.46,research_batch_v2,B-BTC_USDT,37.82169,938
2.5959200000000004,3.64281,UNCERTIFIED,78209.22,-81959.71653640001,-1.04689,-0.16780498595066623,24,60,78244.59,78196.52,1789001220,2026-09-10T00:47:00+00:00,78196.52,research_batch_v2,B-BTC_USDT,6.238730000000001,610
0.6713899999999999,3.581270000000001,UNCERTIFIED,78180.01,-227547.1788026001,-2.90988,-0.6842493874422125,23,60,78204.84,78178.43,1789001280,2026-09-10T00:48:00+00:00,78204.84,research_batch_v2,B-BTC_USDT,4.2526600000000006,331
1.773279999999999,1.4555699999999996,UNCERTIFIED,78166.0,24840.341106200012,0.31771,0.09839726218313025,24,60,78189.22,78166.0,1789001340,2026-09-10T00:49:00+00:00,78182.01,research_batch_v2,B-BTC_USDT,3.228849999999999,312
2.33676,2.6227900000000006,UNCERTIFIED,78134.0,-22359.727916599997,-0.2860299999999999,-0.057672571100200604,24,60,78166.01,78134.0,1789001400,2026-09-10T00:50:00+00:00,78166.01,research_batch_v2,B-BTC_USDT,4.95955,315
1.23927,5.0926100000000005,UNCERTIFIED,78169.99,-301073.0882073,-3.8533400000000007,-0.6085617541709573,24,60,78170.0,78134.0,1789001460,2026-09-10T00:51:00+00:00,78134.01,research_batch_v2,B-BTC_USDT,6.33188,320
8.794330000000002,9.00297000000001,UNCERTIFIED,78167.26,-16460.438378099912,-0.20864000000000948,-0.011723126541666953,24,60,78216.91,78139.69,1789001520,2026-09-10T00:52:00+00:00,78174.0,research_batch_v2,B-BTC_USDT,17.797300000000018,1200
1.9266,11.293849999999967,UNCERTIFIED,78137.27,-732184.0149480997,-9.367249999999968,-0.7085424474961132,24,60,78178.0,78124.0,1789001580,2026-09-10T00:53:00+00:00,78167.27,research_batch_v2,B-BTC_USDT,13.220449999999971,553
0.8299,0.25971999999999995,UNCERTIFIED,78137.27,44551.85743789999,0.57018,0.5232833464877663,23,60,78137.27,78134.01,1789001640,2026-09-10T00:54:00+00:00,78137.27,research_batch_v2,B-BTC_USDT,1.0896200000000003,180
1.4053199999999997,1.9347699999999997,UNCERTIFIED,78146.32,-41382.020771300005,-0.5294499999999999,-0.15851369274480623,24,60,78156.01,78137.26,1789001700,2026-09-10T00:55:00+00:00,78137.27,research_batch_v2,B-BTC_USDT,3.3400900000000004,273
0.84007,1.96278,UNCERTIFIED,78126.01,-87730.91354560007,-1.1227099999999999,-0.40056014413900143,23,60,78146.32,78126.0,1789001760,2026-09-10T00:56:00+00:00,78146.32,research_batch_v2,B-BTC_USDT,2.8028499999999994,298
6.084809999999999,24.535529999999998,UNCERTIFIED,78119.89,-1440768.7873454,-18.450719999999997,-0.6025641779287885,25,60,78126.01,78092.7,1789001820,2026-09-10T00:57:00+00:00,78126.01,research_batch_v2,B-BTC_USDT,30.620339999999995,851
116.67574,113.96644000000005,UNCERTIFIED,78191.74,208707.80104080355,2.709299999999949,0.01174676722184966,22,60,78196.77,78112.0,1789001880,2026-09-10T00:58:00+00:00,78126.0,research_batch_v2,B-BTC_USDT,230.64218,1839
2.9934000000000003,1.6646599999999996,UNCERTIFIED,78180.7,103891.3582407,1.3287400000000003,0.2852560937385952,23,60,78194.01,78180.69,1789001940,2026-09-10T00:59:00+00:00,78191.75,research_batch_v2,B-BTC_USDT,4.658059999999999,285
3.9046399999999997,5.364300000000001,UNCERTIFIED,78192.0,-114139.99393840005,-1.45966,-0.15747863293968895,24,60,78192.0,78172.0,1789002000,2026-09-10T01:00:00+00:00,78180.7,research_batch_v2,B-BTC_USDT,9.268939999999997,340
14.147169999999974,33.513539999999985,UNCERTIFIED,78216.42,-1516008.307680598,-19.366370000000025,-0.40633826059242606,24,60,78276.77,78200.01,1789002060,2026-09-10T01:01:00+00:00,78247.69,research_batch_v2,B-BTC_USDT,47.660709999999945,1163
0.40002,0.054099999999999995,UNCERTIFIED,78242.82,27062.559253999996,0.34591999999999995,0.7617369858187261,7,19,78242.82,78223.6,1789002120,2026-09-10T01:02:00+00:00,78223.6,research_batch_v2,B-BTC_USDT,0.4541200000000001,124
2.4837000000000002,0.4928699999999998,UNCERTIFIED,78280.78,155822.95183150002,1.99083,0.6688335903405598,24,60,78283.28,78242.83,1789002180,2026-09-10T01:03:00+00:00,78242.83,research_batch_v2,B-BTC_USDT,2.97657,352
1.7258500000000006,0.6915799999999999,UNCERTIFIED,78295.37,80968.09087310001,1.0342700000000002,0.4278386551006646,23,60,78295.37,78271.53,1789002240,2026-09-10T01:04:00+00:00,78275.42,research_batch_v2,B-BTC_USDT,2.4174300000000013,364
8.685250000000005,1.9142699999999997,UNCERTIFIED,78395.67,530592.7130416003,6.770980000000007,0.6388006249339595,23,60,78427.67,78295.36,1789002300,2026-09-10T01:05:00+00:00,78295.36,research_batch_v2,B-BTC_USDT,10.599520000000007,1524
2.99951,1.6175899999999992,UNCERTIFIED,78373.78,108284.50839699998,1.3819200000000007,0.2993047583981289,23,60,78395.66,78354.03,1789002360,2026-09-10T01:06:00+00:00,78395.66,research_batch_v2,B-BTC_USDT,4.617099999999999,566
2.4809100000000006,1.8408999999999998,UNCERTIFIED,78427.67,50099.026648500054,0.64001,0.14808841665876094,24,60,78427.67,78373.77,1789002420,2026-09-10T01:07:00+00:00,78373.77,research_batch_v2,B-BTC_USDT,4.321810000000003,384
6.23061,6.335250000000001,UNCERTIFIED,78494.62,-8233.121295400068,-0.10464000000000002,-0.008327324990092205,22,60,78494.62,78427.66,1789002480,2026-09-10T01:08:00+00:00,78427.66,research_batch_v2,B-BTC_USDT,12.565859999999999,1235
9.636299999999999,23.526339999999994,UNCERTIFIED,78423.6,-1090024.3843394013,-13.890039999999996,-0.4188460267336979,22,57,78508.49,78416.33,1789002540,2026-09-10T01:09:00+00:00,78494.61,research_batch_v2,B-BTC_USDT,33.16263999999999,1120
1.7186600000000005,4.359050000000001,UNCERTIFIED,78415.97,-207062.94044009998,-2.6403900000000013,-0.4344382999517913,24,60,78431.45,78415.97,1789002600,2026-09-10T01:10:00+00:00,78423.59,research_batch_v2,B-BTC_USDT,6.07771,392
0.9697700000000001,1.6194299999999997,UNCERTIFIED,78383.39,-50944.827216000034,-0.6496599999999999,-0.2509114784489417,24,60,78423.81,78383.39,1789002660,2026-09-10T01:11:00+00:00,78423.81,research_batch_v2,B-BTC_USDT,2.5892000000000004,336
0.57554,1.52535,UNCERTIFIED,78337.43,-74413.74404759999,-0.9498099999999996,-0.45209887238265667,23,60,78387.0,78337.43,1789002720,2026-09-10T01:12:00+00:00,78383.4,research_batch_v2,B-BTC_USDT,2.10089,357
1.71346,2.6496699999999995,UNCERTIFIED,78317.73,-73331.78514349996,-0.9362099999999998,-0.21457302441137435,24,60,78339.38,78296.47,1789002780,2026-09-10T01:13:00+00:00,78337.32,research_batch_v2,B-BTC_USDT,4.36313,627
1.1285299999999996,0.5586100000000002,UNCERTIFIED,78334.8,44637.64389489999,0.56992,0.3378024348898135,23,60,78338.24,78305.51,1789002840,2026-09-10T01:14:00+00:00,78317.73,research_batch_v2,B-BTC_USDT,1.68714,384
0.7351800000000002,1.8549600000000006,UNCERTIFIED,78300.97,-87709.7895775,-1.11978,-0.43232412147605925,22,55,78338.24,78300.85,1789002900,2026-09-10T01:15:00+00:00,78334.8,research_batch_v2,B-BTC_USDT,2.59014,351
2.0202299999999997,1.0894199999999998,UNCERTIFIED,78292.02,72887.6983211,0.9308100000000004,0.2993295065361054,24,60,78313.31,78292.02,1789002960,2026-09-10T01:16:00+00:00,78300.97,research_batch_v2,B-BTC_USDT,3.1096500000000007,254
0.8937199999999998,1.7565399999999998,UNCERTIFIED,78258.94,-67540.66184490002,-0.8628199999999999,-0.3255605110441994,24,60,78292.02,78258.94,1789003020,2026-09-10T01:17:00+00:00,78292.02,research_batch_v2,B-BTC_USDT,2.65026,378
3.40564,5.604740000000003,UNCERTIFIED,78178.0,-172064.3840771997,-2.199100000000006,-0.24406295849897613,23,59,78258.94,78176.47,1789003080,2026-09-10T01:18:00+00:00,78258.94,research_batch_v2,B-BTC_USDT,9.010380000000005,838
21.01541000000002,1.03016,UNCERTIFIED,78284.01,1562790.421288497,19.985250000000025,0.9065426750136197,24,60,78284.01,78176.68,1789003140,2026-09-10T01:19:00+00:00,78178.01,research_batch_v2,B-BTC_USDT,22.045570000000023,707
0.60086,4.95585,UNCERTIFIED,78206.03,-340804.73622609995,-4.35499,-0.7837353397963905,23,60,78284.01,78196.61,1789003200,2026-09-10T01:20:00+00:00,78284.0,research_batch_v2,B-BTC_USDT,5.556709999999998,659
1.4857800000000003,7.997450000000001,UNCERTIFIED,78206.91,-509228.8874961001,-6.51167,-0.6866510671996776,23,60,78218.0,78188.0,1789003260,2026-09-10T01:21:00+00:00,78212.93,research_batch_v2,B-BTC_USDT,9.48323,507
1.0469799999999998,2.6464999999999996,UNCERTIFIED,78192.01,-125058.86250110003,-1.5995199999999996,-0.43306583493074263,25,60,78206.92,78170.0,1789003320,2026-09-10T01:22:00+00:00,78206.92,research_batch_v2,B-BTC_USDT,3.6934800000000005,458
2.4890300000000005,0.8206500000000001,UNCERTIFIED,78262.8,130505.0723657,1.6683800000000006,0.504091029948515,23,60,78262.8,78181.81,1789003380,2026-09-10T01:23:00+00:00,78186.83,research_batch_v2,B-BTC_USDT,3.3096799999999993,536
1.2707400000000002,0.9359199999999999,UNCERTIFIED,78252.0,26201.928849199994,0.33482000000000034,0.15173157622832714,23,60,78276.01,78252.0,1789003440,2026-09-10T01:24:00+00:00,78262.8,research_batch_v2,B-BTC_USDT,2.20666,421
0.34450000000000003,1.2737899999999998,UNCERTIFIED,78232.01,-72709.93015450003,-0.92929,-0.5742419467462568,24,60,78248.01,78232.01,1789003500,2026-09-10T01:25:00+00:00,78248.01,research_batch_v2,B-BTC_USDT,1.61829,272
0.97956,1.0414100000000002,UNCERTIFIED,78213.79,-4835.7520423999895,-0.061849999999999995,-0.0306041158453614,23,60,78243.7,78213.79,1789003560,2026-09-10T01:26:00+00:00,78232.01,research_batch_v2,B-BTC_USDT,2.020969999999999,347
0.88796,0.5679200000000002,UNCERTIFIED,78208.01,25030.482014199966,0.3200399999999996,0.21982580981949038,24,60,78230.0,78206.96,1789003620,2026-09-10T01:27:00+00:00,78213.79,research_batch_v2,B-BTC_USDT,1.4558799999999998,427
0.4588299999999999,0.6075999999999999,UNCERTIFIED,78190.0,-11632.092427300006,-0.14877000000000004,-0.13950282718978277,23,60,78208.01,78190.0,1789003680,2026-09-10T01:28:00+00:00,78208.01,research_batch_v2,B-BTC_USDT,1.06643,193
0.5285899999999998,0.6736200000000001,UNCERTIFIED,78176.0,-11337.715928200003,-0.14503000000000008,-0.12063616173547057,24,60,78190.01,78176.0,1789003740,2026-09-10T01:29:00+00:00,78190.01,research_batch_v2,B-BTC_USDT,1.20221,224
2.1373800000000003,0.74038,UNCERTIFIED,78180.01,109212.14925580003,1.3970000000000005,0.4854470143444903,23,60,78204.01,78171.61,1789003800,2026-09-10T01:30:00+00:00,78176.01,research_batch_v2,B-BTC_USDT,2.8777600000000003,451
2.17421,1.597800000000001,UNCERTIFIED,78167.69,45036.60502899997,0.5764099999999992,0.15281242626610195,24,60,78180.01,78154.01,1789003860,2026-09-10T01:31:00+00:00,78180.01,research_batch_v2,B-BTC_USDT,3.77201,411
2.6232600000000006,6.004720000000002,UNCERTIFIED,78110.0,-264196.22474720003,-3.381460000000001,-0.39191792285100363,23,60,78156.26,78110.0,1789003920,2026-09-10T01:32:00+00:00,78156.26,research_batch_v2,B-BTC_USDT,8.627979999999997,883
0.42312999999999995,6.253649999999999,UNCERTIFIED,78052.01,-455285.23791659996,-5.8305200000000035,-0.8732532747821562,23,60,78110.01,78052.01,1789003980,2026-09-10T01:33:00+00:00,78110.01,research_batch_v2,B-BTC_USDT,6.676779999999998,803
7.471469999999998,6.735230000000005,UNCERTIFIED,78046.01,57506.33426759985,0.7362399999999946,0.0518234354213149,25,60,78075.31,78045.77,1789004040,2026-09-10T01:34:00+00:00,78052.01,research_batch_v2,B-BTC_USDT,14.206700000000003,665
3.56398,5.4274900000000015,UNCERTIFIED,78008.2,-145437.34888940002,-1.8635100000000013,-0.20725309654594867,23,60,78046.01,78000.0,1789004100,2026-09-10T01:35:00+00:00,78046.01,research_batch_v2,B-BTC_USDT,8.991470000000001,682
3.602339999999999,2.836539999999999,UNCERTIFIED,78039.07,59766.699817100016,0.7657999999999997,0.11893372760480075,25,60,78039.07,78000.0,1789004160,2026-09-10T01:36:00+00:00,78008.72,research_batch_v2,B-BTC_USDT,6.438880000000002,709
0.9009900000000001,7.02796,UNCERTIFIED,78005.98,-477940.1842045999,-6.126970000000001,-0.7727340946783622,23,59,78039.06,77994.15,1789004220,2026-09-10T01:37:00+00:00,78039.06,research_batch_v2,B-BTC_USDT,7.928950000000001,505
1.2501200000000008,5.603970000000001,UNCERTIFIED,77962.92,-339508.45152660005,-4.353850000000001,-0.6352192632428229,23,60,78005.98,77962.92,1789004280,2026-09-10T01:38:00+00:00,78005.98,research_batch_v2,B-BTC_USDT,6.854090000000002,909
2.1528299999999994,3.8070200000000005,UNCERTIFIED,77962.25,-128960.5675815,-1.6541900000000014,-0.2775556431789391,24,60,77973.61,77952.0,1789004340,2026-09-10T01:39:00+00:00,77962.93,research_batch_v2,B-BTC_USDT,5.959850000000005,550
5.31316,0.5475599999999998,UNCERTIFIED,78035.26,371685.0706737001,4.765599999999997,0.8131424125363431,25,60,78035.26,77967.85,1789004400,2026-09-10T01:40:00+00:00,77967.85,research_batch_v2,B-BTC_USDT,5.860720000000001,560
13.619330000000003,2.9905500000000003,UNCERTIFIED,78210.0,830543.6900828003,10.628780000000004,0.6399070914419611,22,59,78210.0,78035.26,1789004460,2026-09-10T01:41:00+00:00,78035.26,research_batch_v2,B-BTC_USDT,16.609880000000004,1328
5.9728200000000005,4.8775699999999995,UNCERTIFIED,78191.34,85652.12804340001,1.0952500000000018,0.10094107216422649,23,60,78242.01,78174.01,1789004520,2026-09-10T01:42:00+00:00,78197.14,research_batch_v2,B-BTC_USDT,10.850390000000004,1154
1.3176900000000002,5.612329999999999,UNCERTIFIED,78150.1,-335798.70987279987,-4.29464,-0.6197153832167873,23,60,78205.54,78150.1,1789004580,2026-09-10T01:43:00+00:00,78186.72,research_batch_v2,B-BTC_USDT,6.93002,549
2.6279700000000004,1.9746999999999995,UNCERTIFIED,78174.92,51062.5046907,0.6532699999999995,0.14193283463728654,24,60,78183.47,78142.65,1789004640,2026-09-10T01:44:00+00:00,78164.02,research_batch_v2,B-BTC_USDT,4.602669999999999,536
0.9513000000000001,4.330560000000004,UNCERTIFIED,78114.21,-264062.4980826999,-3.3792600000000013,-0.6397859844827387,24,60,78174.91,78112.0,1789004700,2026-09-10T01:45:00+00:00,78174.91,research_batch_v2,B-BTC_USDT,5.281860000000004,637
1.9362299999999997,5.869100000000002,UNCERTIFIED,78085.48,-307139.2563000999,-3.932870000000001,-0.5038697915398836,23,60,78119.3,78062.0,1789004760,2026-09-10T01:46:00+00:00,78114.21,research_batch_v2,B-BTC_USDT,7.805330000000001,649
4.591460000000002,4.380229999999999,UNCERTIFIED,78153.04,16408.56053380019,0.2112300000000018,0.023544059146047378,23,60,78154.01,78066.0,1789004820,2026-09-10T01:47:00+00:00,78088.01,research_batch_v2,B-BTC_USDT,8.97169,714
2.14761,2.67755,UNCERTIFIED,78120.01,-41427.09417130002,-0.5299399999999997,-0.10982848237156895,24,60,78166.01,78106.0,1789004880,2026-09-10T01:48:00+00:00,78154.0,research_batch_v2,B-BTC_USDT,4.825160000000001,492
1.7451600000000003,1.3043699999999998,UNCERTIFIED,78100.0,34427.35813040007,0.4407900000000002,0.1445435854049641,22,60,78127.59,78100.0,1789004940,2026-09-10T01:49:00+00:00,78120.01,research_batch_v2,B-BTC_USDT,3.0495300000000003,353
1.26246,2.2443199999999996,UNCERTIFIED,78088.14,-76683.85602399996,-0.9818599999999995,-0.27998904978356204,23,60,78110.98,78070.0,1789005000,2026-09-10T01:50:00+00:00,78098.0,research_batch_v2,B-BTC_USDT,3.5067799999999996,564
2.33961,2.857100000000001,UNCERTIFIED,78063.94,-40417.59700750006,-0.5174899999999998,-0.09958031138932129,23,60,78088.14,78054.34,1789005060,2026-09-10T01:51:00+00:00,78088.14,research_batch_v2,B-BTC_USDT,5.1967099999999995,454
1.58848,4.018259999999999,UNCERTIFIED,78017.28,-189618.4040155999,-2.429780000000001,-0.4333676967364281,24,60,78063.94,78006.0,1789005120,2026-09-10T01:52:00+00:00,78063.93,research_batch_v2,B-BTC_USDT,5.60674,844
2.7429100000000006,3.333309999999999,UNCERTIFIED,77994.15,-46060.518453300014,-0.5903999999999996,-0.09716567207902276,23,60,78021.68,77994.15,1789005180,2026-09-10T01:53:00+00:00,78017.28,research_batch_v2,B-BTC_USDT,6.076219999999999,552
2.5689399999999996,8.795770000000005,UNCERTIFIED,78018.54,-485658.99705419986,-6.226829999999999,-0.5479092735318365,21,60,78022.0,77990.39,1789005240,2026-09-10T01:54:00+00:00,77994.15,research_batch_v2,B-BTC_USDT,11.364710000000002,701
2.5496999999999996,6.3407299999999935,UNCERTIFIED,78068.0,-295832.8212558,-3.7910299999999992,-0.42641694496216725,24,60,78071.75,78002.51,1789005300,2026-09-10T01:55:00+00:00,78002.51,research_batch_v2,B-BTC_USDT,8.890429999999997,706
2.31736,2.902299999999998,UNCERTIFIED,78075.01,-45673.189751200014,-0.5849399999999998,-0.11206477050229322,25,60,78095.95,78046.0,1789005360,2026-09-10T01:56:00+00:00,78068.0,research_batch_v2,B-BTC_USDT,5.21966,855
2.69039,1.2549400000000004,UNCERTIFIED,78108.01,112104.45488680001,1.4354500000000006,0.36383521783982586,23,60,78108.01,78075.01,1789005420,2026-09-10T01:57:00+00:00,78075.01,research_batch_v2,B-BTC_USDT,3.945330000000001,425
1.1714100000000003,1.7381999999999997,UNCERTIFIED,78125.2,-44287.897765899994,-0.5667899999999995,-0.19479930299937082,25,60,78134.01,78108.01,1789005480,2026-09-10T01:58:00+00:00,78108.01,research_batch_v2,B-BTC_USDT,2.9096100000000007,438
0.48975000000000013,1.4473399999999996,UNCERTIFIED,78094.0,-74799.12723190003,-0.95759,-0.49434460969805244,23,60,78125.21,78094.0,1789005540,2026-09-10T01:59:00+00:00,78125.21,research_batch_v2,B-BTC_USDT,1.9370899999999993,366
1.94942,1.5461099999999997,UNCERTIFIED,78082.83,31473.72173789999,0.40331000000000017,0.11537878376097478,23,60,78100.54,78062.72,1789005600,2026-09-10T02:00:00+00:00,78100.0,research_batch_v2,B-BTC_USDT,3.49553,589
0.94729,0.8654800000000001,UNCERTIFIED,78070.01,6386.519256599997,0.08181,0.04512982893582749,23,60,78082.83,78062.0,1789005660,2026-09-10T02:01:00+00:00,78082.83,research_batch_v2,B-BTC_USDT,1.81277,447
1.9478899999999995,9.525530000000002,UNCERTIFIED,78054.52,-591551.1770098,-7.577640000000003,-0.6604517223286522,23,60,78073.04,78048.01,1789005720,2026-09-10T02:02:00+00:00,78062.07,research_batch_v2,B-BTC_USDT,11.473419999999997,513
1.7680899999999997,0.81343,UNCERTIFIED,78069.9,74521.95706199997,0.9546599999999998,0.3698053859741547,25,60,78069.9,78040.0,1789005780,2026-09-10T02:03:00+00:00,78054.51,research_batch_v2,B-BTC_USDT,2.5815200000000003,371
0.9314300000000001,1.4398899999999997,UNCERTIFIED,78032.0,-39693.21801329997,-0.5084600000000001,-0.21442066022299822,22,60,78056.96,78032.0,1789005840,2026-09-10T02:04:00+00:00,78056.96,research_batch_v2,B-BTC_USDT,2.37132,311
2.8794299999999993,0.6013500000000002,UNCERTIFIED,78059.23,177770.742011,2.2780799999999997,0.6544739972075225,25,60,78059.24,78011.07,1789005900,2026-09-10T02:05:00+00:00,78022.01,research_batch_v2,B-BTC_USDT,3.4807799999999993,460
1.3018300000000003,1.9596100000000003,UNCERTIFIED,78062.85,-51350.13833709998,-0.6577800000000006,-0.20168391875981184,22,60,78086.01,78054.02,1789005960,2026-09-10T02:06:00+00:00,78064.0,research_batch_v2,B-BTC_USDT,3.2614399999999995,468
1.5774899999999998,0.8257099999999998,UNCERTIFIED,78078.04,58694.582144,0.7517800000000002,0.31282456724367524,24,60,78085.89,78062.84,1789006020,2026-09-10T02:07:00+00:00,78062.84,research_batch_v2,B-BTC_USDT,2.4031999999999996,258
0.7707999999999999,3.08199,UNCERTIFIED,78038.32,-180373.43304619996,-2.3111899999999994,-0.5998743767503549,24,59,78088.01,78038.32,1789006080,2026-09-10T02:08:00+00:00,78084.61,research_batch_v2,B-BTC_USDT,3.8527899999999993,469
1.03244,0.88459,UNCERTIFIED,78045.21,11535.335837200015,0.14785000000000034,0.07712451031021963,24,60,78045.81,78032.0,1789006140,2026-09-10T02:09:00+00:00,78038.32,research_batch_v2,B-BTC_USDT,1.91703,205
1.1151099999999994,1.4861400000000002,UNCERTIFIED,78035.02,-28952.364738899996,-0.3710300000000006,-0.14263527150408473,25,60,78045.22,78016.0,1789006200,2026-09-10T02:10:00+00:00,78045.22,research_batch_v2,B-BTC_USDT,2.601250000000001,355
1.74108,1.02459,UNCERTIFIED,78060.0,55919.982030199986,0.7164899999999997,0.2590656152035491,24,60,78060.0,78023.97,1789006260,2026-09-10T02:11:00+00:00,78035.03,research_batch_v2,B-BTC_USDT,2.7656700000000005,434
0.6031899999999998,2.22568,UNCERTIFIED,78015.67,-126613.22439219996,-1.6224900000000002,-0.5735470346816928,22,60,78067.71,78015.67,1789006320,2026-09-10T02:12:00+00:00,78067.57,research_batch_v2,B-BTC_USDT,2.82887,420
2.5173799999999984,1.03128,UNCERTIFIED,78035.55,115945.01350239998,1.4861,0.4187777921807106,24,60,78035.55,78003.48,1789006380,2026-09-10T02:13:00+00:00,78015.67,research_batch_v2,B-BTC_USDT,3.548659999999999,350
1.78796,22.11616,UNCERTIFIED,78040.01,-1586069.912044,-20.3282,-0.850405704121298,23,60,78040.01,78014.99,1789006440,2026-09-10T02:14:00+00:00,78035.55,research_batch_v2,B-BTC_USDT,23.904119999999995,382
2.7023799999999985,0.9561599999999998,UNCERTIFIED,78054.22,136295.52377599996,1.7462199999999997,0.47729968785362475,24,60,78054.22,78022.0,1789006500,2026-09-10T02:15:00+00:00,78040.0,research_batch_v2,B-BTC_USDT,3.6585399999999986,513
0.87225,4.44535,UNCERTIFIED,78000.3,-278817.61389290006,-3.5730999999999984,-0.6719384684820215,25,60,78054.22,78000.3,1789006560,2026-09-10T02:16:00+00:00,78054.22,research_batch_v2,B-BTC_USDT,5.3176000000000005,388
1.8379599999999996,2.473160000000002,UNCERTIFIED,78007.79,-49533.08580530006,-0.6352000000000002,-0.14733990239195385,24,60,78010.01,77986.95,1789006620,2026-09-10T02:17:00+00:00,78000.01,research_batch_v2,B-BTC_USDT,4.311120000000001,332
0.91812,3.8638800000000013,UNCERTIFIED,78023.75,-229854.82207729996,-2.9457600000000026,-0.6160100376411545,24,60,78032.01,78005.66,1789006680,2026-09-10T02:18:00+00:00,78007.8,research_batch_v2,B-BTC_USDT,4.782000000000003,426
1.4253200000000008,0.76734,UNCERTIFIED,78050.01,51345.410028700004,0.6579800000000003,0.3000830042049384,23,60,78050.01,78023.75,1789006740,2026-09-10T02:19:00+00:00,78023.75,research_batch_v2,B-BTC_USDT,2.1926600000000005,239
1.22827,3.3567000000000005,UNCERTIFIED,78042.0,-166136.13033010002,-2.1284300000000003,-0.46421895890267545,23,60,78070.01,78042.0,1789006800,2026-09-10T02:20:00+00:00,78050.01,research_batch_v2,B-BTC_USDT,4.584970000000001,387
0.73695,5.477609999999999,UNCERTIFIED,78024.89,-369992.7560566,-4.740659999999999,-0.762831157797173,23,60,78050.89,78021.14,1789006860,2026-09-10T02:21:00+00:00,78040.01,research_batch_v2,B-BTC_USDT,6.21456,428
1.29185,1.1817699999999998,UNCERTIFIED,78043.37,8594.855064499941,0.11008000000000012,0.04450158067932833,24,60,78043.37,78021.14,1789006920,2026-09-10T02:22:00+00:00,78024.89,research_batch_v2,B-BTC_USDT,2.4736199999999995,245
2.619430000000001,1.47758,UNCERTIFIED,78034.11,89097.3748876,1.1418500000000003,0.27870324944288644,22,60,78043.37,78028.06,1789006980,2026-09-10T02:23:00+00:00,78043.36,research_batch_v2,B-BTC_USDT,4.09701,308
1.7184700000000002,4.623950000000001,UNCERTIFIED,78000.01,-226699.5494145,-2.90548,-0.45810274311698057,23,60,78040.14,78000.01,1789007040,2026-09-10T02:24:00+00:00,78033.29,research_batch_v2,B-BTC_USDT,6.34242,532
1.1739799999999996,2.8940600000000005,UNCERTIFIED,78001.31,-134175.5246785,-1.7200799999999996,-0.42282770080923465,23,60,78010.01,77992.0,1789007100,2026-09-10T02:25:00+00:00,77992.0,research_batch_v2,B-BTC_USDT,4.068040000000002,462
1.0172299999999996,5.4862400000000004,UNCERTIFIED,77990.0,-348616.3749813999,-4.469010000000001,-0.6871731552540412,22,60,78011.46,77990.0,1789007160,2026-09-10T02:26:00+00:00,78001.3,research_batch_v2,B-BTC_USDT,6.503470000000002,369
1.9994800000000004,0.7366299999999998,UNCERTIFIED,77994.16,98481.34041150002,1.26285,0.46154942600991933,23,60,77994.16,77980.0,1789007220,2026-09-10T02:27:00+00:00,77990.01,research_batch_v2,B-BTC_USDT,2.736109999999999,290
0.72933,0.35803999999999997,UNCERTIFIED,78005.31,28959.261249299998,0.37128999999999995,0.34145690979151544,24,60,78005.31,77994.15,1789007280,2026-09-10T02:28:00+00:00,77994.16,research_batch_v2,B-BTC_USDT,1.0873699999999995,159
1.07816,0.33504,UNCERTIFIED,78024.01,57972.575853599985,0.7431200000000002,0.5258420605717521,24,60,78024.01,78005.3,1789007340,2026-09-10T02:29:00+00:00,78005.31,research_batch_v2,B-BTC_USDT,1.4132000000000002,177
6.493680000000002,1.7286300000000006,UNCERTIFIED,78042.01,371843.1557107,4.765050000000001,0.5795269212666516,24,60,78042.01,78006.6,1789007400,2026-09-10T02:30:00+00:00,78024.0,research_batch_v2,B-BTC_USDT,8.222309999999998,402
1.9077099999999994,1.00137,UNCERTIFIED,78058.59,70720.22283609999,0.9063399999999995,0.3115555433332873,23,60,78073.47,78042.0,1789007460,2026-09-10T02:31:00+00:00,78042.01,research_batch_v2,B-BTC_USDT,2.9090800000000003,371
3.875729999999999,1.3651899999999997,UNCERTIFIED,78102.08,196032.9488302001,2.5105399999999993,0.47902658311899426,24,60,78102.08,78058.59,1789007520,2026-09-10T02:32:00+00:00,78058.59,research_batch_v2,B-BTC_USDT,5.24092,389
2.0277499999999993,0.3686299999999999,UNCERTIFIED,78122.06,129597.52065589999,1.65912,0.6923442859646632,24,60,78126.01,78102.08,1789007580,2026-09-10T02:33:00+00:00,78102.08,research_batch_v2,B-BTC_USDT,2.39638,339
3.0183500000000008,0.38219000000000003,UNCERTIFIED,78160.0,205977.59406309994,2.6361600000000007,0.7752180536032516,24,60,78160.0,78115.15,1789007640,2026-09-10T02:34:00+00:00,78122.05,research_batch_v2,B-BTC_USDT,3.4005399999999995,347
3.9495200000000006,8.238310000000002,UNCERTIFIED,78152.5,-335195.54375970014,-4.2887900000000005,-0.3518911898180399,22,60,78170.0,78151.51,1789007700,2026-09-10T02:35:00+00:00,78160.0,research_batch_v2,B-BTC_USDT,12.187829999999998,422
1.09691,7.01283,UNCERTIFIED,78137.9,-462265.71026849985,-5.91592,-0.7294833126586056,24,60,78153.77,78129.97,1789007760,2026-09-10T02:36:00+00:00,78152.51,research_batch_v2,B-BTC_USDT,8.10974,372
2.7841699999999996,0.27809,UNCERTIFIED,78170.01,195880.5470423,2.50608,0.8183759706883154,24,60,78170.01,78137.9,1789007820,2026-09-10T02:37:00+00:00,78137.9,research_batch_v2,B-BTC_USDT,3.0622599999999993,241
3.64878,0.35406999999999994,UNCERTIFIED,78218.0,257616.09689409993,3.2947100000000002,0.8230910476285647,24,60,78218.0,78170.0,1789007880,2026-09-10T02:38:00+00:00,78170.01,research_batch_v2,B-BTC_USDT,4.0028500000000005,377
0.69299,1.7885300000000002,UNCERTIFIED,78191.39,-85685.58361159997,-1.0955400000000002,-0.44147941584190326,23,60,78219.65,78191.38,1789007940,2026-09-10T02:39:00+00:00,78218.01,research_batch_v2,B-BTC_USDT,2.481520000000001,247
2.01927,4.81339,UNCERTIFIED,78206.92,-218435.27092979965,-2.7941199999999986,-0.4089359049038003,24,60,78206.92,78185.68,1789008000,2026-09-10T02:40:00+00:00,78190.01,research_batch_v2,B-BTC_USDT,6.832659999999997,390
0.8143800000000001,0.16387000000000007,UNCERTIFIED,78223.28,50880.54119399999,0.6505099999999999,0.6649731663685151,23,60,78223.28,78206.91,1789008060,2026-09-10T02:41:00+00:00,78206.92,research_batch_v2,B-BTC_USDT,0.9782500000000001,159
4.392300000000001,4.764400000000002,UNCERTIFIED,78236.01,-29131.86456400003,-0.37210000000000243,-0.040636910677427696,22,60,78264.65,78219.08,1789008120,2026-09-10T02:42:00+00:00,78223.28,research_batch_v2,B-BTC_USDT,9.156700000000006,762
1.4222899999999998,1.89564,UNCERTIFIED,78268.89,-37058.47816570002,-0.47335000000000005,-0.14266425150621026,24,60,78268.9,78236.01,1789008180,2026-09-10T02:43:00+00:00,78236.01,research_batch_v2,B-BTC_USDT,3.317929999999999,278
0.7094499999999999,1.5907700000000002,UNCERTIFIED,78262.19,-68978.75101060006,-0.8813200000000004,-0.38314595995165723,23,60,78268.9,78256.75,1789008240,2026-09-10T02:44:00+00:00,78268.89,research_batch_v2,B-BTC_USDT,2.3002199999999986,210
0.6604500000000003,0.71559,UNCERTIFIED,78258.14,-4316.132604700007,-0.05513999999999993,-0.04007150954914097,24,60,78268.9,78258.13,1789008300,2026-09-10T02:45:00+00:00,78262.19,research_batch_v2,B-BTC_USDT,1.37604,168
1.3433300000000004,1.4506000000000003,UNCERTIFIED,78262.67,-8397.167414600059,-0.10727000000000007,-0.03839394687769558,23,60,78263.37,78251.67,1789008360,2026-09-10T02:46:00+00:00,78258.13,research_batch_v2,B-BTC_USDT,2.7939300000000014,190
1.1853000000000002,0.09323,UNCERTIFIED,78274.01,85475.52725519997,1.0920700000000008,0.8541606376072526,23,60,78274.01,78262.66,1789008420,2026-09-10T02:47:00+00:00,78262.67,research_batch_v2,B-BTC_USDT,1.2785300000000002,143
1.39665,0.18598999999999996,UNCERTIFIED,78288.02,94769.6242643,1.2106599999999998,0.7649623414042357,22,60,78288.02,78274.01,1789008480,2026-09-10T02:48:00+00:00,78274.01,research_batch_v2,B-BTC_USDT,1.5826400000000003,175
2.65858,1.4826400000000002,UNCERTIFIED,78313.48,92066.61021130004,1.1759400000000009,0.2839597992862008,24,59,78319.25,78288.01,1789008540,2026-09-10T02:49:00+00:00,78288.02,research_batch_v2,B-BTC_USDT,4.1412200000000015,474
0.5180600000000001,1.09629,UNCERTIFIED,78292.0,-45282.025925,-0.5782299999999999,-0.35818131136370673,23,60,78313.48,78292.0,1789008600,2026-09-10T02:50:00+00:00,78313.48,research_batch_v2,B-BTC_USDT,1.6143499999999997,261
1.7562300000000002,0.2566,UNCERTIFIED,78311.73,117418.66328830001,1.49963,0.7450355966475062,23,60,78311.73,78292.0,1789008660,2026-09-10T02:51:00+00:00,78292.01,research_batch_v2,B-BTC_USDT,2.01283,180
3.586230000000001,5.176359999999999,UNCERTIFIED,78322.95,-124598.32428290004,-1.5901299999999994,-0.1814680362769454,24,60,78346.38,78311.73,1789008720,2026-09-10T02:52:00+00:00,78311.73,research_batch_v2,B-BTC_USDT,8.762590000000001,533
3.3011300000000006,0.4948999999999997,UNCERTIFIED,78352.36,219828.9636759,2.8062300000000002,0.7392539047373178,23,60,78361.35,78322.95,1789008780,2026-09-10T02:53:00+00:00,78322.96,research_batch_v2,B-BTC_USDT,3.79603,450
3.6273500000000003,0.7544799999999998,UNCERTIFIED,78361.52,225055.73644509996,2.87287,0.6556324640618189,23,60,78361.53,78325.17,1789008840,2026-09-10T02:54:00+00:00,78352.35,research_batch_v2,B-BTC_USDT,4.38183,350
1.2047500000000004,1.9447900000000002,UNCERTIFIED,78366.38,-58005.484834200004,-0.7400400000000004,-0.23496764606894982,24,59,78373.1,78354.22,1789008900,2026-09-10T02:55:00+00:00,78361.52,research_batch_v2,B-BTC_USDT,3.1495400000000005,273
0.53442,2.3157900000000002,UNCERTIFIED,78350.77,-139580.74836029997,-1.78137,-0.6249960529224162,22,60,78366.12,78350.77,1789008960,2026-09-10T02:56:00+00:00,78366.12,research_batch_v2,B-BTC_USDT,2.85021,207
1.6073300000000004,0.9963800000000004,UNCERTIFIED,78349.84,47865.73016870006,0.6109500000000002,0.234645947513356,23,60,78350.59,78339.28,1789009020,2026-09-10T02:57:00+00:00,78350.58,research_batch_v2,B-BTC_USDT,2.6037100000000004,214
0.7317600000000001,0.7865000000000005,UNCERTIFIED,78348.11,-4293.20155480003,-0.05474,-0.0360544307299145,24,60,78349.85,78339.3,1789009080,2026-09-10T02:58:00+00:00,78349.84,research_batch_v2,B-BTC_USDT,1.5182600000000002,165
1.1905699999999997,0.55487,UNCERTIFIED,78357.86,49804.9734152,0.6356999999999999,0.36420616005133377,24,60,78357.87,78344.33,1789009140,2026-09-10T02:59:00+00:00,78348.11,research_batch_v2,B-BTC_USDT,1.7454399999999997,138
1.7273,0.6726399999999998,UNCERTIFIED,78348.96,82641.85186719998,1.0546600000000006,0.4394526529829917,23,60,78370.83,78348.96,1789009200,2026-09-10T03:00:00+00:00,78357.87,research_batch_v2,B-BTC_USDT,2.399939999999999,316
2.0439599999999998,1.3105400000000005,UNCERTIFIED,78354.1,57455.18102950006,0.7334199999999998,0.218637650916679,22,60,78355.36,78338.53,1789009260,2026-09-10T03:01:00+00:00,78348.96,research_batch_v2,B-BTC_USDT,3.3545000000000007,371
20.526020000000003,3.85364,UNCERTIFIED,78458.05,1307306.7419860994,16.672380000000008,0.6838643360900032,22,60,78458.06,78354.09,1789009320,2026-09-10T03:02:00+00:00,78354.1,research_batch_v2,B-BTC_USDT,24.37966,1936
10.713400000000007,5.160300000000002,UNCERTIFIED,78454.72,435829.70091580023,5.5531,0.3498302223174179,24,60,78501.87,78442.37,1789009380,2026-09-10T03:03:00+00:00,78458.05,research_batch_v2,B-BTC_USDT,15.87370000000001,1499
6.470790000000002,3.99289,UNCERTIFIED,78512.82,194477.37450080004,2.4779000000000013,0.23680961191473754,23,60,78544.53,78454.71,1789009440,2026-09-10T03:04:00+00:00,78463.33,research_batch_v2,B-BTC_USDT,10.463680000000002,1143
5.15663,1.6455300000000004,UNCERTIFIED,78468.85,275482.6888734,3.5110999999999994,0.5161742740541239,22,60,78512.82,78468.84,1789009500,2026-09-10T03:05:00+00:00,78512.82,research_batch_v2,B-BTC_USDT,6.802160000000001,448
2.1835500000000003,3.005450000000001,UNCERTIFIED,78419.15,-64531.926223199946,-0.8218999999999992,-0.15839275390248586,23,60,78468.85,78408.72,1789009560,2026-09-10T03:06:00+00:00,78468.85,research_batch_v2,B-BTC_USDT,5.189,413
1.7426700000000002,3.2433099999999997,UNCERTIFIED,78428.12,-117674.14287979998,-1.5006400000000004,-0.3009719252784809,25,60,78428.12,78411.76,1789009620,2026-09-10T03:07:00+00:00,78419.16,research_batch_v2,B-BTC_USDT,4.985980000000001,240
2.26083,8.029489999999994,UNCERTIFIED,78419.21,-452356.0739866,-5.768659999999995,-0.5605909242861251,23,59,78439.16,78419.2,1789009680,2026-09-10T03:08:00+00:00,78428.11,research_batch_v2,B-BTC_USDT,10.290319999999994,344
1.4224700000000003,5.608919999999999,UNCERTIFIED,78411.01,-328235.9513524001,-4.186449999999999,-0.5953943672588206,24,59,78439.16,78411.0,1789009740,2026-09-10T03:09:00+00:00,78419.2,research_batch_v2,B-BTC_USDT,7.031390000000001,345
2.1850100000000006,0.26093999999999995,UNCERTIFIED,78415.99,150856.51248959996,1.9240700000000004,0.7866350497761606,23,60,78415.99,78400.0,1789009800,2026-09-10T03:10:00+00:00,78411.01,research_batch_v2,B-BTC_USDT,2.4459500000000003,192
1.3086499999999996,1.71438,UNCERTIFIED,78403.25,-31826.680441500033,-0.40573,-0.13421302468053573,24,60,78427.53,78403.24,1789009860,2026-09-10T03:11:00+00:00,78415.99,research_batch_v2,B-BTC_USDT,3.0230300000000008,283
0.28042,0.09084,UNCERTIFIED,78400.0,14863.238551699998,0.18957999999999997,0.5106394440553789,25,60,78403.25,78400.0,1789009920,2026-09-10T03:12:00+00:00,78403.24,research_batch_v2,B-BTC_USDT,0.37126000000000003,92
0.39639,6.3133199999999965,UNCERTIFIED,78391.88,-463852.1072236001,-5.916929999999998,-0.8818458621907654,22,60,78400.01,78391.88,1789009980,2026-09-10T03:13:00+00:00,78400.01,research_batch_v2,B-BTC_USDT,6.709709999999997,124
2.85915,0.31034999999999996,UNCERTIFIED,78382.07,199763.73097390003,2.5488000000000004,0.8041646947468056,22,59,78391.89,78375.83,1789010040,2026-09-10T03:14:00+00:00,78391.88,research_batch_v2,B-BTC_USDT,3.1694999999999998,339
1.6975099999999999,1.4720299999999997,UNCERTIFIED,78364.68,17655.26765070001,0.22548000000000007,0.07113966064476235,24,60,78382.08,78349.4,1789010100,2026-09-10T03:15:00+00:00,78382.07,research_batch_v2,B-BTC_USDT,3.16954,448
0.22807999999999998,1.7033099999999997,UNCERTIFIED,78350.68,-115595.05048360003,-1.47523,-0.7638177685501119,22,60,78364.69,78350.68,1789010160,2026-09-10T03:16:00+00:00,78364.69,research_batch_v2,B-BTC_USDT,1.9313899999999995,243
4.395230000000001,1.8655399999999998,UNCERTIFIED,78361.7,198174.62707780008,2.5296900000000004,0.4040541339164353,24,60,78361.7,78335.79,1789010220,2026-09-10T03:17:00+00:00,78350.69,research_batch_v2,B-BTC_USDT,6.26077,332
3.169050000000001,1.02677,UNCERTIFIED,78385.16,167868.88849729995,2.1422800000000013,0.5105748101682149,24,60,78390.01,78361.69,1789010280,2026-09-10T03:18:00+00:00,78361.69,research_batch_v2,B-BTC_USDT,4.195820000000003,307
1.21545,0.7912100000000001,UNCERTIFIED,78364.56,33239.87623970002,0.4242400000000001,0.21141598477071352,23,59,78371.97,78364.55,1789010340,2026-09-10T03:19:00+00:00,78371.96,research_batch_v2,B-BTC_USDT,2.0066600000000006,186
1.9002400000000004,0.3380200000000001,UNCERTIFIED,78375.45,122423.91253550001,1.5622200000000002,0.6979618096199727,24,60,78375.46,78364.55,1789010400,2026-09-10T03:20:00+00:00,78364.55,research_batch_v2,B-BTC_USDT,2.2382600000000004,134
2.3115100000000006,1.4638300000000009,UNCERTIFIED,78375.47,66430.2189859,0.8476799999999989,0.2245307707385291,23,60,78375.47,78368.64,1789010460,2026-09-10T03:21:00+00:00,78375.45,research_batch_v2,B-BTC_USDT,3.775340000000002,157
5.314299999999999,4.984249999999997,UNCERTIFIED,78364.55,25907.814551599906,0.3300500000000026,0.032048200960329634,24,60,78392.0,78364.55,1789010520,2026-09-10T03:22:00+00:00,78375.47,research_batch_v2,B-BTC_USDT,10.298549999999995,369
0.7665600000000002,6.95257,UNCERTIFIED,78325.34,-484618.61654249975,-6.186009999999995,-0.8013869438654349,21,60,78349.93,78325.34,1789010580,2026-09-10T03:23:00+00:00,78346.37,research_batch_v2,B-BTC_USDT,7.719130000000001,416
0.7610700000000002,0.058670000000000014,UNCERTIFIED,78325.34,55015.719402699986,0.7024000000000002,0.8568570522360751,24,60,78325.34,78325.33,1789010640,2026-09-10T03:24:00+00:00,78325.33,research_batch_v2,B-BTC_USDT,0.81974,150
2.6665899999999993,0.36734999999999995,UNCERTIFIED,78330.85,180091.5517117999,2.29924,0.7578396408630365,23,59,78337.84,78325.33,1789010700,2026-09-10T03:25:00+00:00,78325.34,research_batch_v2,B-BTC_USDT,3.033939999999999,163
1.62204,2.00698,UNCERTIFIED,78307.33,-30155.628074100045,-0.3849399999999998,-0.10607271384561116,24,60,78330.85,78307.32,1789010760,2026-09-10T03:26:00+00:00,78330.85,research_batch_v2,B-BTC_USDT,3.6290199999999997,333
0.5239400000000001,0.5990100000000002,UNCERTIFIED,78307.33,-5878.525273000008,-0.07506999999999994,-0.06685070573044206,23,60,78307.33,78307.32,1789010820,2026-09-10T03:27:00+00:00,78307.32,research_batch_v2,B-BTC_USDT,1.1229500000000003,256
22.78108999999997,1.5200999999999998,UNCERTIFIED,78392.77,1665604.375503899,21.26098999999998,0.8748950154292856,24,59,78392.78,78306.4,1789010880,2026-09-10T03:28:00+00:00,78307.32,research_batch_v2,B-BTC_USDT,24.301189999999973,865
1.7465300000000004,2.6765300000000014,UNCERTIFIED,78395.74,-72913.23305219995,-0.9300000000000005,-0.210261674044666,24,60,78400.0,78384.93,1789010940,2026-09-10T03:29:00+00:00,78392.77,research_batch_v2,B-BTC_USDT,4.42306,238
0.7663099999999999,1.3153499999999994,UNCERTIFIED,78366.07,-43045.78647179998,-0.5490399999999998,-0.2637510448392147,23,60,78395.74,78366.06,1789011000,2026-09-10T03:30:00+00:00,78395.74,research_batch_v2,B-BTC_USDT,2.0816600000000003,277
0.67454,0.31982,UNCERTIFIED,78363.92,27798.086498300014,0.35472,0.35673196830121884,26,59,78366.07,78363.91,1789011060,2026-09-10T03:31:00+00:00,78366.07,research_batch_v2,B-BTC_USDT,0.99436,100
4.624700000000003,0.67298,UNCERTIFIED,78405.91,309735.8023954,3.9517200000000017,0.7459340692529561,24,60,78405.92,78363.91,1789011120,2026-09-10T03:32:00+00:00,78363.92,research_batch_v2,B-BTC_USDT,5.2976800000000015,291
4.937100000000002,7.345039999999999,UNCERTIFIED,78436.86,-188761.91974539997,-2.407939999999999,-0.19605215377776172,23,60,78436.86,78396.11,1789011180,2026-09-10T03:33:00+00:00,78405.92,research_batch_v2,B-BTC_USDT,12.282140000000004,450
8.251619999999999,19.395409999999952,UNCERTIFIED,78388.25,-874096.1842617993,-11.143789999999948,-0.40307367554489465,23,60,78450.0,78388.25,1789011240,2026-09-10T03:34:00+00:00,78439.2,research_batch_v2,B-BTC_USDT,27.647029999999948,658
1.2665899999999999,3.0141199999999997,UNCERTIFIED,78340.59,-136958.65196530003,-1.7475299999999996,-0.40823368086135237,24,60,78388.25,78340.58,1789011300,2026-09-10T03:35:00+00:00,78388.25,research_batch_v2,B-BTC_USDT,4.28071,345
1.765400000000001,1.1812800000000003,UNCERTIFIED,78347.4,45739.25070640007,0.5841200000000005,0.1982298722630215,23,60,78347.4,78325.35,1789011360,2026-09-10T03:36:00+00:00,78340.58,research_batch_v2,B-BTC_USDT,2.946680000000002,292
1.5968000000000002,0.7437200000000008,UNCERTIFIED,78375.38,66841.13070609998,0.8530799999999997,0.36448310631825376,25,60,78375.38,78347.39,1789011420,2026-09-10T03:37:00+00:00,78347.4,research_batch_v2,B-BTC_USDT,2.340520000000001,335
0.7600100000000001,1.1458999999999997,UNCERTIFIED,78356.88,-30254.07731169998,-0.38588999999999996,-0.2024702110802713,23,60,78375.37,78342.34,1789011480,2026-09-10T03:38:00+00:00,78375.37,research_batch_v2,B-BTC_USDT,1.9059100000000004,345
1.6721600000000003,0.5952700000000003,UNCERTIFIED,78352.75,84366.38471070002,1.0768900000000003,0.4749385868582492,25,60,78356.88,78341.31,1789011540,2026-09-10T03:39:00+00:00,78356.88,research_batch_v2,B-BTC_USDT,2.267430000000001,324
3.056030000000002,3.2561000000000004,UNCERTIFIED,78349.83,-15709.617869599913,-0.20006999999999983,-0.03169611525744871,24,60,78363.35,78344.41,1789011600,2026-09-10T03:40:00+00:00,78352.74,research_batch_v2,B-BTC_USDT,6.312130000000003,440
3.2367699999999986,1.2117699999999998,UNCERTIFIED,78329.88,158592.2913249001,2.0249999999999986,0.4552055281058503,24,60,78349.83,78321.87,1789011660,2026-09-10T03:41:00+00:00,78349.83,research_batch_v2,B-BTC_USDT,4.448539999999999,307
18.48992999999995,4.53396,UNCERTIFIED,78367.85,1093393.393988599,13.955969999999956,0.6061516972153701,25,60,78395.24,78329.87,1789011720,2026-09-10T03:42:00+00:00,78329.87,research_batch_v2,B-BTC_USDT,23.02388999999995,741
1.3263500000000004,0.1086,UNCERTIFIED,78375.04,95432.9146075,1.2177500000000006,0.8486358409700689,23,60,78375.04,78367.85,1789011780,2026-09-10T03:43:00+00:00,78367.85,research_batch_v2,B-BTC_USDT,1.4349500000000002,98
0.281,0.555,UNCERTIFIED,78368.68,-21473.350141399995,-0.2739999999999999,-0.3277511961722487,25,59,78375.04,78368.68,1789011840,2026-09-10T03:44:00+00:00,78375.04,research_batch_v2,B-BTC_USDT,0.8360000000000001,147
0.46523,1.79564,UNCERTIFIED,78367.26,-104262.42708770002,-1.3304100000000005,-0.5884504637595264,23,60,78368.69,78364.61,1789011900,2026-09-10T03:45:00+00:00,78368.68,research_batch_v2,B-BTC_USDT,2.26087,163
2.30212,0.8324000000000001,UNCERTIFIED,78390.51,115177.1066371,1.46972,0.4688819978816534,25,59,78390.51,78367.25,1789011960,2026-09-10T03:46:00+00:00,78367.26,research_batch_v2,B-BTC_USDT,3.1345199999999993,228
1.8851399999999998,1.59568,UNCERTIFIED,78422.49,22697.219555299976,0.28945999999999994,0.08315856608500292,24,60,78422.49,78390.5,1789012020,2026-09-10T03:47:00+00:00,78390.51,research_batch_v2,B-BTC_USDT,3.4808200000000005,215
1.9875199999999997,1.7667200000000005,UNCERTIFIED,78449.35,17306.972281599996,0.22079999999999939,0.05881350153426508,25,60,78449.36,78429.97,1789012080,2026-09-10T03:48:00+00:00,78429.97,research_batch_v2,B-BTC_USDT,3.7542400000000007,245
3.2541900000000004,0.2581099999999999,UNCERTIFIED,78450.0,235037.78226159987,2.996080000000001,0.8530250832787637,24,60,78450.0,78444.01,1789012140,2026-09-10T03:49:00+00:00,78449.36,research_batch_v2,B-BTC_USDT,3.5122999999999993,158
2.3118800000000004,20.394429999999932,UNCERTIFIED,78376.47,-1418022.0697975005,-18.082549999999934,-0.7963667368233759,23,60,78449.99,78368.63,1789012200,2026-09-10T03:50:00+00:00,78449.99,research_batch_v2,B-BTC_USDT,22.70630999999993,731
0.8096700000000003,1.6117899999999996,UNCERTIFIED,78343.86,-62850.9418915,-0.8021199999999998,-0.3312546975791463,22,60,78379.15,78343.85,1789012260,2026-09-10T03:51:00+00:00,78379.15,research_batch_v2,B-BTC_USDT,2.421460000000001,434
0.6246299999999999,1.2750500000000005,UNCERTIFIED,78333.08,-50956.30259810001,-0.6504200000000001,-0.34238398045986695,24,60,78343.86,78333.08,1789012320,2026-09-10T03:52:00+00:00,78343.85,research_batch_v2,B-BTC_USDT,1.89968,341
0.43228999999999995,0.01894999999999999,UNCERTIFIED,78333.09,32378.199610099993,0.4133400000000001,0.9160092190408657,24,60,78333.09,78333.08,1789012380,2026-09-10T03:53:00+00:00,78333.09,research_batch_v2,B-BTC_USDT,0.4512399999999998,137
3.473390000000001,0.43004999999999993,UNCERTIFIED,78337.91,238400.4405508,3.0433400000000006,0.7796558932633779,25,59,78340.62,78333.08,1789012440,2026-09-10T03:54:00+00:00,78333.08,research_batch_v2,B-BTC_USDT,3.9034400000000007,185
0.57954,7.494950000000002,UNCERTIFIED,78287.08,-541525.4866042001,-6.915410000000001,-0.8564516149007553,24,60,78337.91,78287.08,1789012500,2026-09-10T03:55:00+00:00,78337.9,research_batch_v2,B-BTC_USDT,8.074490000000003,431
1.8770000000000004,0.65659,UNCERTIFIED,78294.01,95544.7451886,1.2204100000000004,0.4816919864697923,24,60,78294.01,78287.08,1789012560,2026-09-10T03:56:00+00:00,78287.09,research_batch_v2,B-BTC_USDT,2.533589999999999,171
0.5688300000000001,0.8396599999999999,UNCERTIFIED,78294.0,-21204.358331700005,-0.2708300000000001,-0.1922839352782059,24,60,78294.01,78294.0,1789012620,2026-09-10T03:57:00+00:00,78294.0,research_batch_v2,B-BTC_USDT,1.4084899999999996,117
0.8353700000000003,1.9155199999999997,UNCERTIFIED,78278.12,-84560.1202265,-1.0801499999999997,-0.3926547408293316,25,60,78292.85,78278.11,1789012680,2026-09-10T03:58:00+00:00,78292.85,research_batch_v2,B-BTC_USDT,2.750889999999999,258
20.74994000000002,4.313380000000001,UNCERTIFIED,78328.08,1286835.423707701,16.43656000000002,0.6558013862489093,25,58,78328.83,78278.0,1789012740,2026-09-10T03:59:00+00:00,78278.11,research_batch_v2,B-BTC_USDT,25.063320000000015,520
2.69343,2.9988500000000005,UNCERTIFIED,78334.5,-23950.382379499966,-0.30541999999999925,-0.0536551258898015,24,60,78334.51,78303.28,1789012800,2026-09-10T04:00:00+00:00,78320.55,research_batch_v2,B-BTC_USDT,5.692279999999999,497
2.1886400000000004,2.39076,UNCERTIFIED,78336.11,-15830.61544220002,-0.20211999999999974,-0.044136786478577945,24,60,78340.72,78334.5,1789012860,2026-09-10T04:01:00+00:00,78334.51,research_batch_v2,B-BTC_USDT,4.579399999999998,212
1.12144,0.6953600000000001,UNCERTIFIED,78331.55,33381.102465500044,0.42608,0.23452223690004395,24,60,78343.5,78331.54,1789012920,2026-09-10T04:02:00+00:00,78336.12,research_batch_v2,B-BTC_USDT,1.8168000000000006,264
1.9305899999999996,1.2012499999999997,UNCERTIFIED,78346.93,57133.38988019999,0.7293399999999995,0.2328790742822109,23,60,78346.93,78323.59,1789012980,2026-09-10T04:03:00+00:00,78331.55,research_batch_v2,B-BTC_USDT,3.1318400000000004,425
0.8301499999999998,1.6828299999999998,UNCERTIFIED,78352.65,-66810.8576667,-0.8526800000000002,-0.3393103009176357,24,60,78352.66,78346.93,1789013040,2026-09-10T04:04:00+00:00,78346.94,research_batch_v2,B-BTC_USDT,2.51298,313
4.318080000000003,1.4765899999999996,UNCERTIFIED,78400.65,222626.96652219936,2.841490000000003,0.4903626953735074,24,60,78404.42,78352.65,1789013100,2026-09-10T04:05:00+00:00,78352.66,research_batch_v2,B-BTC_USDT,5.794670000000002,472
0.44641000000000003,1.4666799999999998,UNCERTIFIED,78380.07,-79975.321472,-1.02027,-0.5333099854162636,23,59,78400.65,78380.06,1789013160,2026-09-10T04:06:00+00:00,78400.65,research_batch_v2,B-BTC_USDT,1.9130900000000006,245
0.33546,0.23184000000000007,UNCERTIFIED,78380.06,8121.745171800002,0.10361999999999999,0.1826546800634585,25,60,78380.07,78380.06,1789013220,2026-09-10T04:07:00+00:00,78380.06,research_batch_v2,B-BTC_USDT,0.5672999999999999,100
0.6463800000000002,2.088280000000002,UNCERTIFIED,78366.77,-113008.47828519999,-1.4419000000000013,-0.5272684721318192,24,60,78380.07,78366.73,1789013280,2026-09-10T04:08:00+00:00,78380.07,research_batch_v2,B-BTC_USDT,2.7346600000000016,271
1.7577800000000006,0.24528000000000008,UNCERTIFIED,78373.08,118530.97067629994,1.5125000000000004,0.7550947051011954,24,60,78373.08,78366.77,1789013340,2026-09-10T04:09:00+00:00,78366.77,research_batch_v2,B-BTC_USDT,2.00306,125
1.6733899999999997,0.66971,UNCERTIFIED,78363.08,78662.87265759999,1.0036800000000001,0.42835559728564726,23,60,78377.75,78363.07,1789013400,2026-09-10T04:10:00+00:00,78373.07,research_batch_v2,B-BTC_USDT,2.3431,273
1.34217,1.9686499999999998,UNCERTIFIED,78348.22,-49087.71001580002,-0.6264799999999996,-0.18922200542463793,23,60,78373.0,78348.22,1789013460,2026-09-10T04:11:00+00:00,78363.07,research_batch_v2,B-BTC_USDT,3.310819999999999,306
0.42549000000000003,0.22112,UNCERTIFIED,78344.85,16011.2544488,0.20437000000000002,0.31606377878473896,25,60,78348.23,78344.85,1789013520,2026-09-10T04:12:00+00:00,78348.23,research_batch_v2,B-BTC_USDT,0.6466099999999999,143
2.02024,0.32644999999999996,UNCERTIFIED,78344.86,132699.74368390001,1.69379,0.7217783345904231,22,59,78344.86,78344.85,1789013580,2026-09-10T04:13:00+00:00,78344.86,research_batch_v2,B-BTC_USDT,2.34669,122
0.14492,0.6716799999999998,UNCERTIFIED,78344.86,-41268.9317368,-0.52676,-0.6450649032574088,23,60,78344.86,78344.85,1789013640,2026-09-10T04:14:00+00:00,78344.86,research_batch_v2,B-BTC_USDT,0.8165999999999999,123
2.1258500000000002,2.619859999999999,UNCERTIFIED,78377.37,-38695.42866809993,-0.494009999999999,-0.10409612049619528,23,60,78377.37,78344.85,1789013700,2026-09-10T04:15:00+00:00,78344.85,research_batch_v2,B-BTC_USDT,4.745710000000001,310
0.6636600000000002,0.9546800000000002,UNCERTIFIED,78369.11,-22811.800538899995,-0.29102,-0.17982624170446257,23,60,78377.37,78369.1,1789013760,2026-09-10T04:16:00+00:00,78377.36,research_batch_v2,B-BTC_USDT,1.6183400000000003,361
1.8267300000000006,0.19900000000000007,UNCERTIFIED,78377.36,127564.93211489997,1.6277300000000008,0.8035276172046623,24,59,78377.37,78369.1,1789013820,2026-09-10T04:17:00+00:00,78369.11,research_batch_v2,B-BTC_USDT,2.0257300000000003,251
1.5994700000000013,0.19314000000000003,UNCERTIFIED,78403.98,110234.06351469998,1.4063300000000012,0.7845153156570589,25,60,78403.98,78377.36,1789013880,2026-09-10T04:18:00+00:00,78377.37,research_batch_v2,B-BTC_USDT,1.7926100000000011,342
3.7568599999999996,1.1173199999999999,UNCERTIFIED,78415.95,206937.01261929993,2.63954,0.5415351915604266,24,60,78415.96,78385.65,1789013940,2026-09-10T04:19:00+00:00,78403.97,research_batch_v2,B-BTC_USDT,4.87418,427
1.3571500000000007,1.1808100000000001,UNCERTIFIED,78399.99,13818.965931600007,0.17634000000000027,0.06948100048858148,24,60,78429.23,78399.99,1789014000,2026-09-10T04:20:00+00:00,78415.95,research_batch_v2,B-BTC_USDT,2.53796,378
0.45433999999999997,0.19383999999999998,UNCERTIFIED,78400.0,20423.201938399998,0.2604999999999999,0.4018945354685424,24,60,78400.0,78399.99,1789014060,2026-09-10T04:21:00+00:00,78400.0,research_batch_v2,B-BTC_USDT,0.6481800000000002,83
4.481520000000001,0.8845200000000001,UNCERTIFIED,78390.62,281982.8988068999,3.5970000000000004,0.6703267213811301,23,60,78406.77,78381.11,1789014120,2026-09-10T04:22:00+00:00,78399.99,research_batch_v2,B-BTC_USDT,5.366040000000001,291
0.3319799999999999,0.40779999999999994,UNCERTIFIED,78378.46,-5944.307833600003,-0.07582,-0.10248992943848174,25,60,78390.62,78378.45,1789014180,2026-09-10T04:23:00+00:00,78390.62,research_batch_v2,B-BTC_USDT,0.7397799999999998,167
7.637289999999999,0.88474,UNCERTIFIED,78384.22,529330.8372202999,6.7525499999999985,0.7923640259421757,25,60,78400.01,78378.45,1789014240,2026-09-10T04:24:00+00:00,78378.45,research_batch_v2,B-BTC_USDT,8.522029999999999,274
0.28219,0.62357,UNCERTIFIED,78376.91,-26757.487785299993,-0.3413800000000001,-0.3768989577813108,23,59,78384.23,78376.9,1789014300,2026-09-10T04:25:00+00:00,78384.23,research_batch_v2,B-BTC_USDT,0.9057600000000001,136
0.21971999999999997,0.10922,UNCERTIFIED,78376.91,8660.649647200004,0.11049999999999996,0.33592752477655485,24,59,78376.91,78376.9,1789014360,2026-09-10T04:26:00+00:00,78376.91,research_batch_v2,B-BTC_USDT,0.32894,91
0.2485099999999999,0.0443,UNCERTIFIED,78376.91,16005.349234099998,0.20420999999999995,0.6974147057819062,24,57,78376.91,78376.9,1789014420,2026-09-10T04:27:00+00:00,78376.91,research_batch_v2,B-BTC_USDT,0.29280999999999996,70
2.8193000000000006,0.21010999999999996,UNCERTIFIED,78419.66,204546.55019559994,2.60919,0.8612865211377794,23,60,78419.66,78376.91,1789014480,2026-09-10T04:28:00+00:00,78376.91,research_batch_v2,B-BTC_USDT,3.0294099999999995,437
1.19329,1.0443399999999998,UNCERTIFIED,78387.63,11660.227753900013,0.14895000000000003,0.06656596488248728,24,60,78419.67,78387.63,1789014540,2026-09-10T04:29:00+00:00,78419.67,research_batch_v2,B-BTC_USDT,2.2376300000000002,333
0.29982,0.37434,UNCERTIFIED,78387.63,-5841.340517899997,-0.07452000000000003,-0.11053755784976865,24,60,78387.63,78380.79,1789014600,2026-09-10T04:30:00+00:00,78387.63,research_batch_v2,B-BTC_USDT,0.67416,207
1.6230600000000006,0.13663,UNCERTIFIED,78416.4,116529.46821670004,1.4864300000000004,0.8447112843739522,22,59,78416.41,78387.62,1789014660,2026-09-10T04:31:00+00:00,78387.63,research_batch_v2,B-BTC_USDT,1.7596900000000006,195
0.6658499999999999,0.5102099999999999,UNCERTIFIED,78405.19,12202.715253299999,0.15564000000000006,0.13234018672516712,24,60,78416.41,78397.4,1789014720,2026-09-10T04:32:00+00:00,78416.41,research_batch_v2,B-BTC_USDT,1.17606,248
0.36953,2.70254,UNCERTIFIED,78403.51,-182918.02272299997,-2.33301,-0.7594260547448463,25,60,78405.2,78403.5,1789014780,2026-09-10T04:33:00+00:00,78405.19,research_batch_v2,B-BTC_USDT,3.07207,78
0.57957,1.39009,UNCERTIFIED,78405.19,-63549.60554530003,-0.8105199999999999,-0.41150249281601886,24,60,78405.2,78403.5,1789014840,2026-09-10T04:34:00+00:00,78403.51,research_batch_v2,B-BTC_USDT,1.9696600000000004,119
1.8287200000000001,3.188110000000001,UNCERTIFIED,78374.77,-106595.1819579,-1.3593900000000005,-0.2709659286840495,23,60,78405.2,78374.77,1789014900,2026-09-10T04:35:00+00:00,78405.2,research_batch_v2,B-BTC_USDT,5.0168300000000015,347
1.7758099999999999,4.80758,UNCERTIFIED,78369.1,-237606.24603200005,-3.0317700000000003,-0.4605180613635224,23,60,78384.21,78369.1,1789014960,2026-09-10T04:36:00+00:00,78374.77,research_batch_v2,B-BTC_USDT,6.583390000000001,263
1.9168300000000005,3.0142700000000016,UNCERTIFIED,78370.39,-86002.70830220003,-1.09744,-0.22255480521587473,23,59,78373.9,78365.42,1789015020,2026-09-10T04:37:00+00:00,78369.1,research_batch_v2,B-BTC_USDT,4.931100000000001,260
0.42489000000000005,0.6478399999999997,UNCERTIFIED,78356.56,-17472.29279099999,-0.22294999999999993,-0.2078342173706338,24,60,78370.4,78356.55,1789015080,2026-09-10T04:38:00+00:00,78370.39,research_batch_v2,B-BTC_USDT,1.0727299999999997,190
3.694990000000001,5.824160000000001,UNCERTIFIED,78359.72,-166802.80783269997,-2.1291699999999985,-0.22367228166380376,25,60,78374.76,78356.26,1789015140,2026-09-10T04:39:00+00:00,78356.56,research_batch_v2,B-BTC_USDT,9.519150000000003,319
0.45363000000000003,2.3661400000000006,UNCERTIFIED,78352.09,-149861.7038117,-1.9125100000000004,-0.6782503537522566,23,60,78359.72,78352.09,1789015200,2026-09-10T04:40:00+00:00,78359.72,research_batch_v2,B-BTC_USDT,2.8197699999999997,242
2.151440000000002,2.3396399999999997,UNCERTIFIED,78363.53,-14767.007252400039,-0.18820000000000062,-0.04190528781495779,23,60,78365.38,78352.09,1789015260,2026-09-10T04:41:00+00:00,78352.09,research_batch_v2,B-BTC_USDT,4.49108,314
0.6765800000000001,0.8257000000000001,UNCERTIFIED,78341.72,-11686.742727100018,-0.14912000000000025,-0.09926245440264146,23,60,78366.09,78341.71,1789015320,2026-09-10T04:42:00+00:00,78363.53,research_batch_v2,B-BTC_USDT,1.5022800000000003,290
4.089190000000001,2.2754900000000005,UNCERTIFIED,78357.91,142063.8939928003,1.8137000000000023,0.2849632660243723,23,59,78366.09,78357.91,1789015380,2026-09-10T04:43:00+00:00,78366.08,research_batch_v2,B-BTC_USDT,6.364680000000003,247
0.27188999999999997,1.3370200000000003,UNCERTIFIED,78339.99,-83452.4900044,-1.065130000000001,-0.6620196281954868,24,59,78357.92,78339.99,1789015440,2026-09-10T04:44:00+00:00,78357.92,research_batch_v2,B-BTC_USDT,1.6089100000000007,256
0.4636,0.3952299999999998,UNCERTIFIED,78331.71,5355.3429660999955,0.0683700000000001,0.07960830432099493,26,60,78340.0,78331.71,1789015500,2026-09-10T04:45:00+00:00,78340.0,research_batch_v2,B-BTC_USDT,0.8588300000000003,182
2.56053,1.4311099999999994,UNCERTIFIED,78368.63,88479.87025370004,1.1294200000000005,0.282946357887986,23,60,78368.64,78331.71,1789015560,2026-09-10T04:46:00+00:00,78331.71,research_batch_v2,B-BTC_USDT,3.9916400000000003,251
0.9841599999999999,9.170439999999987,UNCERTIFIED,78341.19,-641498.0015705996,-8.186279999999993,-0.806164693833337,24,60,78374.77,78336.56,1789015620,2026-09-10T04:47:00+00:00,78368.64,research_batch_v2,B-BTC_USDT,10.154599999999986,366
1.8769200000000001,1.7856999999999998,UNCERTIFIED,78337.54,7150.141869100011,0.09122000000000073,0.02490566861973143,24,59,78357.08,78337.53,1789015680,2026-09-10T04:48:00+00:00,78345.37,research_batch_v2,B-BTC_USDT,3.6626199999999995,293
1.5570199999999996,1.3157299999999998,UNCERTIFIED,78348.1,18903.984444400045,0.24128999999999956,0.08399268993125036,25,60,78348.1,78337.53,1789015740,2026-09-10T04:49:00+00:00,78337.53,research_batch_v2,B-BTC_USDT,2.872750000000001,128
1.4719600000000002,2.8007500000000003,UNCERTIFIED,78342.71,-104131.62838269997,-1.3287899999999997,-0.31099466146778026,24,60,78359.76,78342.71,1789015800,2026-09-10T04:50:00+00:00,78348.09,research_batch_v2,B-BTC_USDT,4.272710000000001,258
1.1647500000000004,3.4059500000000007,UNCERTIFIED,78331.93,-175562.6871308,-2.2412000000000005,-0.4903406480407816,23,60,78342.72,78331.93,1789015860,2026-09-10T04:51:00+00:00,78342.71,research_batch_v2,B-BTC_USDT,4.5707,169
0.6034100000000002,1.496690000000001,UNCERTIFIED,78310.01,-69969.39648039998,-0.8932800000000004,-0.4253511737536309,15,41,78331.94,78310.0,1789015920,2026-09-10T04:52:00+00:00,78331.93,research_batch_v2,B-BTC_USDT,2.1001000000000003,295
4.8114,10.568999999999999,UNCERTIFIED,2485.57,-14311.810581000002,-5.757599999999999,-0.37434657096044305,2,6,2485.84,2485.55,1788966780,2026-09-09T15:13:00+00:00,2485.64,research_batch_v2,B-ETH_USDT,15.380400000000003,99
113.8419,150.92170000000002,UNCERTIFIED,2485.01,-92184.32739600004,-37.07979999999998,-0.14004870760180016,24,60,2486.45,2485.01,1788966840,2026-09-09T15:14:00+00:00,2485.32,research_batch_v2,B-ETH_USDT,264.7636,684
368.7208000000001,665.5005000000006,UNCERTIFIED,2488.65,-739323.9322790001,-296.77970000000056,-0.2869595704517017,23,60,2488.96,2482.61,1788966900,2026-09-09T15:15:00+00:00,2484.57,research_batch_v2,B-ETH_USDT,1034.2213000000002,2481
184.30000000000004,72.64220000000002,UNCERTIFIED,2490.24,277901.775911,111.65779999999998,0.4345638824607245,24,60,2490.24,2487.56,1788966960,2026-09-09T15:16:00+00:00,2488.51,research_batch_v2,B-ETH_USDT,256.9422,1654
134.0072,76.18570000000001,UNCERTIFIED,2489.59,143957.954366,57.82149999999999,0.27508778840769577,22,56,2491.16,2488.56,1788967020,2026-09-09T15:17:00+00:00,2490.94,research_batch_v2,B-ETH_USDT,210.19290000000012,1153
188.83870000000007,159.31010000000003,UNCERTIFIED,2487.79,73457.23678600004,29.528599999999994,0.08481603268487493,23,60,2490.09,2486.99,1788967080,2026-09-09T15:18:00+00:00,2489.97,research_batch_v2,B-ETH_USDT,348.1488000000001,1009
87.8313,86.19270000000003,UNCERTIFIED,2487.85,4060.057858999983,1.6385999999999903,0.009415942628602899,23,60,2487.95,2486.39,1788967140,2026-09-09T15:19:00+00:00,2487.77,research_batch_v2,B-ETH_USDT,174.02399999999994,838
71.87660000000001,140.8555,UNCERTIFIED,2485.06,-171507.95022899998,-68.97890000000001,-0.32425242828891365,23,60,2489.15,2485.06,1788967200,2026-09-09T15:20:00+00:00,2487.86,research_batch_v2,B-ETH_USDT,212.7321,972
335.43300000000005,2907.1743000000006,UNCERTIFIED,2477.61,-6378870.540827008,-2571.741300000001,-0.7931090823116326,23,60,2485.07,2477.61,1788967260,2026-09-09T15:21:00+00:00,2485.07,research_batch_v2,B-ETH_USDT,3242.6073000000006,3027
782.7342,1480.9152999999997,UNCERTIFIED,2473.04,-1728138.0123069996,-698.1811000000004,-0.30843162777629674,22,60,2479.03,2472.66,1788967320,2026-09-09T15:22:00+00:00,2478.67,research_batch_v2,B-ETH_USDT,2263.6495000000004,4378
428.30970000000013,698.2294999999999,UNCERTIFIED,2473.71,-667270.7857949998,-269.91979999999984,-0.23960089449173178,24,60,2474.48,2471.5,1788967380,2026-09-09T15:23:00+00:00,2473.01,research_batch_v2,B-ETH_USDT,1126.5391999999997,2777
264.60779999999994,422.50480000000033,UNCERTIFIED,2472.47,-390458.1632499995,-157.8970000000001,-0.22979785263725352,22,60,2474.36,2471.83,1788967440,2026-09-09T15:24:00+00:00,2473.01,research_batch_v2,B-ETH_USDT,687.1125999999999,1836
272.60670000000005,303.51259999999996,UNCERTIFIED,2474.12,-76383.15973500005,-30.90589999999998,-0.05364496554793421,23,60,2474.23,2471.27,1788967500,2026-09-09T15:25:00+00:00,2472.47,research_batch_v2,B-ETH_USDT,576.1193000000002,1997
277.6296,134.92700000000005,UNCERTIFIED,2477.6,353384.374648,142.70259999999993,0.3458982355390748,22,60,2477.6,2473.78,1788967560,2026-09-09T15:26:00+00:00,2474.16,research_batch_v2,B-ETH_USDT,412.55660000000023,1300
262.1488000000001,193.7412,UNCERTIFIED,2477.33,169473.87754799987,68.4076,0.15005286362938436,23,60,2478.72,2475.75,1788967620,2026-09-09T15:27:00+00:00,2477.59,research_batch_v2,B-ETH_USDT,455.8899999999998,1276
280.421,94.39869999999999,UNCERTIFIED,2479.47,461241.4689989999,186.0223,0.49629808678679377,23,60,2480.0,2477.33,1788967680,2026-09-09T15:28:00+00:00,2477.33,research_batch_v2,B-ETH_USDT,374.8197,804
154.71080000000006,75.6727,UNCERTIFIED,2479.49,196000.61138099994,79.03810000000004,0.34307187797737276,23,60,2480.35,2479.36,1788967740,2026-09-09T15:29:00+00:00,2479.99,research_batch_v2,B-ETH_USDT,230.38349999999997,545
421.24279999999976,159.48760000000004,UNCERTIFIED,2482.6,649132.1758420003,261.75519999999995,0.4507344544043155,24,60,2482.91,2478.8,1788967800,2026-09-09T15:30:00+00:00,2479.5,research_batch_v2,B-ETH_USDT,580.7304000000001,1569
191.38629999999998,177.14070000000004,UNCERTIFIED,2481.36,35395.02595599995,14.245599999999966,0.03865551235051969,24,60,2485.16,2481.36,1788967860,2026-09-09T15:31:00+00:00,2482.58,research_batch_v2,B-ETH_USDT,368.5269999999999,1175
269.9214999999999,151.46149999999997,UNCERTIFIED,2483.43,293896.5319490001,118.46000000000001,0.2811219247098246,23,60,2483.43,2481.0,1788967920,2026-09-09T15:32:00+00:00,2481.36,research_batch_v2,B-ETH_USDT,421.3829999999999,973
96.72310000000003,37.310500000000005,UNCERTIFIED,2484.92,147575.65786900005,59.412600000000005,0.4432664645282974,24,60,2484.92,2482.09,1788967980,2026-09-09T15:33:00+00:00,2483.33,research_batch_v2,B-ETH_USDT,134.0336,641
395.81199999999984,103.5924,UNCERTIFIED,2489.55,726869.637476,292.2195999999999,0.5851362142584247,24,60,2489.55,2484.6,1788968040,2026-09-09T15:34:00+00:00,2484.6,research_batch_v2,B-ETH_USDT,499.4043999999998,1201
251.9736,218.7507,UNCERTIFIED,2489.03,82592.65504000001,33.22290000000001,0.07057825567959845,23,60,2491.29,2488.38,1788968100,2026-09-09T15:35:00+00:00,2489.99,research_batch_v2,B-ETH_USDT,470.7243,1570
194.82149999999996,83.17009999999998,UNCERTIFIED,2492.23,278083.97942099994,111.65140000000001,0.4016358767674994,22,60,2492.23,2488.06,1788968160,2026-09-09T15:36:00+00:00,2488.61,research_batch_v2,B-ETH_USDT,277.99160000000006,1034
337.6428,107.17630000000005,UNCERTIFIED,2491.89,574248.5128599999,230.46650000000005,0.5181128688044196,24,60,2493.0,2491.05,1788968220,2026-09-09T15:37:00+00:00,2492.22,research_batch_v2,B-ETH_USDT,444.8191000000001,899
137.75150000000002,133.54730000000004,UNCERTIFIED,2489.48,10370.961222999947,4.204200000000011,0.015496566884925445,24,60,2491.53,2488.6,1788968280,2026-09-09T15:38:00+00:00,2491.53,research_batch_v2,B-ETH_USDT,271.29879999999997,870
396.48279999999994,105.60910000000001,UNCERTIFIED,2494.6,724424.113182,290.8737,0.579323625814318,24,60,2494.6,2488.43,1788968340,2026-09-09T15:39:00+00:00,2489.39,research_batch_v2,B-ETH_USDT,502.09190000000007,1337
249.24569999999997,121.05120000000004,UNCERTIFIED,2493.21,319530.525266,128.19449999999998,0.3461938244689599,24,60,2495.6,2491.28,1788968400,2026-09-09T15:40:00+00:00,2495.37,research_batch_v2,B-ETH_USDT,370.29689999999994,1205
226.97830000000002,88.6747,UNCERTIFIED,2493.47,345014.350224,138.3036000000001,0.4381507541509192,24,60,2494.31,2491.99,1788968460,2026-09-09T15:41:00+00:00,2493.1,research_batch_v2,B-ETH_USDT,315.653,911
52.969199999999944,94.08039999999997,UNCERTIFIED,2491.48,-102471.53088900005,-41.111200000000075,-0.27957369486214234,24,60,2494.56,2491.48,1788968520,2026-09-09T15:42:00+00:00,2493.41,research_batch_v2,B-ETH_USDT,147.04959999999997,636
85.94220000000001,69.697,UNCERTIFIED,2493.4,40448.710551000055,16.24520000000001,0.10437730340428382,22,54,2493.72,2491.48,1788968580,2026-09-09T15:43:00+00:00,2491.48,research_batch_v2,B-ETH_USDT,155.63920000000002,507
16.2531,65.68999999999998,UNCERTIFIED,2487.39,-123018.65384699998,-49.43689999999999,-0.603307661047727,18,44,2489.28,2487.39,1788970140,2026-09-09T16:09:00+00:00,2489.28,research_batch_v2,B-ETH_USDT,81.94309999999997,481
53.857000000000006,65.03430000000002,UNCERTIFIED,2488.1,-27825.713609000024,-11.177300000000004,-0.0940127662831511,24,60,2489.41,2486.96,1788970200,2026-09-09T16:10:00+00:00,2487.39,research_batch_v2,B-ETH_USDT,118.89130000000002,753
30.74630000000001,62.06150000000001,UNCERTIFIED,2487.8,-77933.39075700003,-31.31519999999998,-0.33741991513644304,23,59,2488.63,2487.56,1788970260,2026-09-09T16:11:00+00:00,2487.95,research_batch_v2,B-ETH_USDT,92.8078,480
260.65559999999994,30.9196,UNCERTIFIED,2491.15,571775.72102,229.736,0.7879133753487952,24,60,2491.15,2487.55,1788970320,2026-09-09T16:12:00+00:00,2487.8,research_batch_v2,B-ETH_USDT,291.57519999999994,528
47.78220000000001,50.691000000000024,UNCERTIFIED,2490.12,-7273.328524000035,-2.9088000000000163,-0.029539001474513032,23,60,2491.46,2489.34,1788970380,2026-09-09T16:13:00+00:00,2491.45,research_batch_v2,B-ETH_USDT,98.47319999999999,503
53.442200000000014,8.023000000000001,UNCERTIFIED,2492.06,113171.39980999996,45.41920000000001,0.738941710105881,25,59,2492.06,2490.12,1788970440,2026-09-09T16:14:00+00:00,2490.12,research_batch_v2,B-ETH_USDT,61.465200000000024,277
10.724599999999999,47.27030000000001,UNCERTIFIED,2488.34,-91038.67200700002,-36.545700000000004,-0.6301536859275556,25,60,2492.05,2488.34,1788970500,2026-09-09T16:15:00+00:00,2492.05,research_batch_v2,B-ETH_USDT,57.994900000000015,362
31.193500000000004,26.462500000000002,UNCERTIFIED,2487.67,11767.916120000009,4.731000000000004,0.08205564034966013,23,60,2488.48,2487.26,1788970560,2026-09-09T16:16:00+00:00,2488.35,research_batch_v2,B-ETH_USDT,57.656,229
40.774800000000006,297.11550000000005,UNCERTIFIED,2485.45,-637566.8242790005,-256.3407000000001,-0.7586506626558975,24,60,2488.61,2485.44,1788970620,2026-09-09T16:17:00+00:00,2487.67,research_batch_v2,B-ETH_USDT,337.8903000000001,513
119.83920000000002,118.30280000000002,UNCERTIFIED,2485.78,3813.150921000128,1.5364000000000375,0.0064516129032259634,24,60,2486.85,2485.06,1788970680,2026-09-09T16:18:00+00:00,2485.78,research_batch_v2,B-ETH_USDT,238.14200000000002,472
50.60390000000001,122.3413,UNCERTIFIED,2487.35,-178447.94317500005,-71.73740000000002,-0.4147984448252973,23,59,2487.56,2485.48,1788970740,2026-09-09T16:19:00+00:00,2485.78,research_batch_v2,B-ETH_USDT,172.94520000000003,509
92.43550000000002,22.435299999999994,UNCERTIFIED,2489.58,174215.86045599997,70.0002,0.6093820187549839,24,60,2489.58,2487.13,1788970800,2026-09-09T16:20:00+00:00,2487.35,research_batch_v2,B-ETH_USDT,114.87080000000002,601
64.50370000000002,53.68750000000002,UNCERTIFIED,2491.02,26927.08800199996,10.816200000000006,0.09151442747006545,24,60,2492.01,2489.58,1788970860,2026-09-09T16:21:00+00:00,2489.59,research_batch_v2,B-ETH_USDT,118.19120000000005,545
33.14920000000001,70.33150000000003,UNCERTIFIED,2486.12,-92512.96861299999,-37.182300000000005,-0.3593162783011712,23,60,2490.81,2486.12,1788970920,2026-09-09T16:22:00+00:00,2490.81,research_batch_v2,B-ETH_USDT,103.4807,471
158.01820000000004,96.7155,UNCERTIFIED,2485.89,152410.44521000003,61.30270000000004,0.2406540634395843,24,60,2486.17,2484.82,1788970980,2026-09-09T16:23:00+00:00,2486.13,research_batch_v2,B-ETH_USDT,254.73370000000003,350
55.332,26.08370000000001,UNCERTIFIED,2486.91,72724.82555200001,29.24829999999999,0.35924643526985556,23,60,2486.91,2485.38,1788971040,2026-09-09T16:24:00+00:00,2485.89,research_batch_v2,B-ETH_USDT,81.41570000000003,435
286.03329999999994,112.27799999999999,UNCERTIFIED,2488.43,432180.39860999957,173.75530000000018,0.43622990359550456,24,60,2491.16,2488.43,1788971100,2026-09-09T16:25:00+00:00,2489.25,research_batch_v2,B-ETH_USDT,398.3113000000002,835
28.894999999999996,74.3668,UNCERTIFIED,2488.98,-113145.33253000001,-45.4718,-0.44035451638456824,23,59,2489.0,2487.92,1788971160,2026-09-09T16:26:00+00:00,2488.43,research_batch_v2,B-ETH_USDT,103.26179999999998,255
48.31899999999998,53.502300000000005,UNCERTIFIED,2489.99,-12906.48439900002,-5.183300000000014,-0.05090585172257685,23,60,2490.69,2488.98,1788971220,2026-09-09T16:27:00+00:00,2488.98,research_batch_v2,B-ETH_USDT,101.82130000000001,386
18.0945,28.493100000000002,UNCERTIFIED,2489.25,-25894.800466000015,-10.398599999999998,-0.22320531643613317,23,60,2490.88,2489.24,1788971280,2026-09-09T16:28:00+00:00,2490.0,research_batch_v2,B-ETH_USDT,46.5876,324
36.9106,13.974200000000002,UNCERTIFIED,2490.69,57102.95883499999,22.9364,0.45075150143068243,23,60,2490.69,2488.76,1788971340,2026-09-09T16:29:00+00:00,2489.34,research_batch_v2,B-ETH_USDT,50.88480000000002,384
127.08340000000003,51.458300000000015,UNCERTIFIED,2493.89,188474.93894700008,75.62510000000002,0.4235710761127513,23,60,2494.0,2490.98,1788971400,2026-09-09T16:30:00+00:00,2490.98,research_batch_v2,B-ETH_USDT,178.54170000000002,640
73.53500000000001,103.4119,UNCERTIFIED,2495.35,-74556.56373599998,-29.876899999999996,-0.16884669920750234,22,60,2495.35,2493.63,1788971460,2026-09-09T16:31:00+00:00,2493.88,research_batch_v2,B-ETH_USDT,176.9469,504
53.17159999999999,31.47970000000001,UNCERTIFIED,2495.67,54129.607207,21.69189999999998,0.2562500516826083,26,60,2495.67,2493.72,1788971520,2026-09-09T16:32:00+00:00,2495.35,research_batch_v2,B-ETH_USDT,84.6513,465
108.18770000000002,56.12150000000001,UNCERTIFIED,2496.93,129967.04684900011,52.066199999999995,0.31687939567595735,23,60,2497.24,2495.77,1788971580,2026-09-09T16:33:00+00:00,2495.77,research_batch_v2,B-ETH_USDT,164.30919999999995,615
613.4753999999994,217.84169999999992,UNCERTIFIED,2497.49,988748.9165080003,395.63369999999964,0.4759118993221718,24,60,2499.24,2497.13,1788971640,2026-09-09T16:34:00+00:00,2498.61,research_batch_v2,B-ETH_USDT,831.3170999999995,1601
87.36800000000001,95.79370000000006,UNCERTIFIED,2497.17,-21048.339289000054,-8.425700000000024,-0.04600142933812049,23,60,2498.34,2495.8,1788971700,2026-09-09T16:35:00+00:00,2497.6,research_batch_v2,B-ETH_USDT,183.1617,945
77.04589999999997,56.27710000000001,UNCERTIFIED,2497.6,51865.49920100007,20.76879999999997,0.15577807280064185,24,60,2498.15,2496.83,1788971760,2026-09-09T16:36:00+00:00,2497.26,research_batch_v2,B-ETH_USDT,133.32299999999998,671
31.904600000000002,80.5558,UNCERTIFIED,2495.56,-121462.36082200005,-48.65119999999999,-0.4326073889120078,23,60,2497.6,2495.33,1788971820,2026-09-09T16:37:00+00:00,2497.6,research_batch_v2,B-ETH_USDT,112.46040000000006,363
29.371900000000007,31.639999999999993,UNCERTIFIED,2496.7,-5675.660387999993,-2.268099999999995,-0.03717471509656304,23,60,2497.47,2495.55,1788971880,2026-09-09T16:38:00+00:00,2495.55,research_batch_v2,B-ETH_USDT,61.01190000000001,625
1.9173,1.5221000000000002,UNCERTIFIED,2496.42,986.4233530000001,0.3952,0.11490376228411932,7,17,2496.7,2496.42,1788971940,2026-09-09T16:39:00+00:00,2496.7,research_batch_v2,B-ETH_USDT,3.4394,43
7.2475000000000005,43.4826,UNCERTIFIED,2496.0,-90463.74002300003,-36.235099999999996,-0.7142721973739458,12,31,2497.29,2495.91,1788974460,2026-09-09T17:21:00+00:00,2496.72,research_batch_v2,B-ETH_USDT,50.730099999999986,234
11.7764,71.5934,UNCERTIFIED,2494.88,-149290.67732400002,-59.817,-0.7174900263644628,24,58,2496.31,2494.69,1788974520,2026-09-09T17:22:00+00:00,2496.02,research_batch_v2,B-ETH_USDT,83.36980000000001,228
38.589400000000005,3.3068999999999993,UNCERTIFIED,2495.74,88029.58563900001,35.282500000000006,0.8421388046199785,25,60,2495.75,2494.79,1788974580,2026-09-09T17:23:00+00:00,2494.88,research_batch_v2,B-ETH_USDT,41.896300000000004,142
19.9371,72.2536,UNCERTIFIED,2496.72,-130604.99789699998,-52.3165,-0.5674813186145674,23,60,2496.73,2495.74,1788974640,2026-09-09T17:24:00+00:00,2495.74,research_batch_v2,B-ETH_USDT,92.19069999999999,360
41.904500000000006,29.363499999999988,UNCERTIFIED,2499.21,31322.247392999998,12.541000000000018,0.17596957961497467,23,60,2499.23,2496.72,1788974700,2026-09-09T17:25:00+00:00,2496.73,research_batch_v2,B-ETH_USDT,71.26800000000001,417
44.2218,40.89150000000001,UNCERTIFIED,2498.32,8312.623226999971,3.3302999999999905,0.039127844884406904,25,60,2499.58,2497.5,1788974760,2026-09-09T17:26:00+00:00,2499.2,research_batch_v2,B-ETH_USDT,85.11330000000001,472
132.0658,38.190900000000006,UNCERTIFIED,2496.84,234510.5199600001,93.87489999999997,0.5513727213084713,23,60,2498.4,2496.77,1788974820,2026-09-09T17:27:00+00:00,2498.31,research_batch_v2,B-ETH_USDT,170.25669999999994,287
53.1039,26.246399999999998,UNCERTIFIED,2497.72,67068.685038,26.857499999999998,0.33846752942332925,24,60,2497.72,2496.94,1788974880,2026-09-09T17:28:00+00:00,2497.2,research_batch_v2,B-ETH_USDT,79.35029999999999,276
10.4771,51.454100000000004,UNCERTIFIED,2496.63,-102339.72494999997,-40.97699999999999,-0.6616535768724002,25,60,2497.73,2496.63,1788974940,2026-09-09T17:29:00+00:00,2497.72,research_batch_v2,B-ETH_USDT,61.9312,255
13.536299999999999,58.526500000000006,UNCERTIFIED,2496.33,-112316.53833499996,-44.99020000000001,-0.6243193436835647,23,60,2496.89,2496.25,1788975000,2026-09-09T17:30:00+00:00,2496.63,research_batch_v2,B-ETH_USDT,72.06280000000004,296
42.805,59.35020000000001,UNCERTIFIED,2493.86,-41306.26007900001,-16.545200000000015,-0.16196140774037954,24,60,2496.33,2493.86,1788975060,2026-09-09T17:31:00+00:00,2496.33,research_batch_v2,B-ETH_USDT,102.15519999999998,351
37.10669999999999,26.2813,UNCERTIFIED,2494.01,27006.76608499998,10.825399999999998,0.1707799583517385,24,60,2494.9,2493.73,1788975120,2026-09-09T17:32:00+00:00,2493.86,research_batch_v2,B-ETH_USDT,63.38799999999999,280
24.1797,30.410500000000003,UNCERTIFIED,2494.4,-15541.365096000003,-6.230800000000005,-0.11413770237148796,24,60,2494.4,2493.33,1788975180,2026-09-09T17:33:00+00:00,2493.33,research_batch_v2,B-ETH_USDT,54.590200000000024,301
21.568700000000003,58.39029999999999,UNCERTIFIED,2494.31,-91870.32701200001,-36.82159999999999,-0.46050600932978136,24,60,2495.26,2494.14,1788975240,2026-09-09T17:34:00+00:00,2494.49,research_batch_v2,B-ETH_USDT,79.959,291
26.390700000000006,18.854200000000006,UNCERTIFIED,2494.8,18795.70413400001,7.536500000000007,0.1665712599652117,24,60,2494.8,2493.72,1788975300,2026-09-09T17:35:00+00:00,2494.32,research_batch_v2,B-ETH_USDT,45.24490000000001,295
304.6536000000001,31.1822,UNCERTIFIED,2495.49,682573.0397550002,273.47140000000013,0.8143009172935108,24,60,2496.46,2494.79,1788975360,2026-09-09T17:36:00+00:00,2494.8,research_batch_v2,B-ETH_USDT,335.8358000000001,469
37.48670000000003,84.02060000000003,UNCERTIFIED,2494.51,-116076.48733199995,-46.53389999999998,-0.3829720518849482,23,60,2495.62,2494.5,1788975420,2026-09-09T17:37:00+00:00,2495.14,research_batch_v2,B-ETH_USDT,121.50730000000004,395
41.60139999999998,51.959699999999984,UNCERTIFIED,2492.73,-25848.601387999974,-10.358300000000003,-0.11071160984639995,24,60,2494.5,2492.72,1788975480,2026-09-09T17:38:00+00:00,2494.5,research_batch_v2,B-ETH_USDT,93.56109999999994,358
45.55110000000001,151.2761999999999,UNCERTIFIED,2492.12,-263536.6070479999,-105.7251,-0.537146523881596,24,59,2492.73,2492.08,1788975540,2026-09-09T17:39:00+00:00,2492.73,research_batch_v2,B-ETH_USDT,196.8272999999999,265
48.4573,81.52739999999999,UNCERTIFIED,2492.01,-82441.37919699999,-33.0701,-0.2544153273423718,24,60,2492.79,2492.0,1788975600,2026-09-09T17:40:00+00:00,2492.13,research_batch_v2,B-ETH_USDT,129.9847,359
32.735,135.74779999999998,UNCERTIFIED,2490.63,-256646.44542099987,-103.01279999999994,-0.6114143402175175,25,60,2492.0,2490.27,1788975660,2026-09-09T17:41:00+00:00,2492.0,research_batch_v2,B-ETH_USDT,168.48279999999997,366
14.942500000000003,9.7835,UNCERTIFIED,2490.95,12849.93338699999,5.158999999999998,0.20864676858367706,25,60,2491.0,2490.62,1788975720,2026-09-09T17:42:00+00:00,2490.89,research_batch_v2,B-ETH_USDT,24.725999999999996,202
10.855800000000002,15.774000000000003,UNCERTIFIED,2490.45,-12249.226873999998,-4.918200000000002,-0.1846878309262556,23,60,2491.06,2490.44,1788975780,2026-09-09T17:43:00+00:00,2490.96,research_batch_v2,B-ETH_USDT,26.629800000000007,183
19.506300000000007,17.054199999999998,UNCERTIFIED,2491.22,6105.865425999993,2.4521000000000033,0.067069651673254,23,60,2491.22,2490.44,1788975840,2026-09-09T17:44:00+00:00,2490.45,research_batch_v2,B-ETH_USDT,36.560500000000005,185
33.569700000000005,14.472600000000002,UNCERTIFIED,2491.91,47577.786418,19.097099999999998,0.39750594788342763,24,60,2491.91,2491.4,1788975900,2026-09-09T17:45:00+00:00,2491.4,research_batch_v2,B-ETH_USDT,48.042300000000004,170
49.82719999999998,174.20119999999994,UNCERTIFIED,2489.6,-309766.11215199984,-124.374,-0.5551706837168859,23,59,2491.91,2489.15,1788975960,2026-09-09T17:46:00+00:00,2491.9,research_batch_v2,B-ETH_USDT,224.02839999999998,573
72.66849999999994,21.361600000000003,UNCERTIFIED,2491.23,127762.261537,51.306899999999935,0.5456433631358466,24,60,2491.23,2489.71,1788976020,2026-09-09T17:47:00+00:00,2489.71,research_batch_v2,B-ETH_USDT,94.03009999999993,373
11.199300000000001,16.4948,UNCERTIFIED,2491.99,-13188.880417999999,-5.2955,-0.1912140130930415,23,60,2491.99,2490.37,1788976080,2026-09-09T17:48:00+00:00,2491.23,research_batch_v2,B-ETH_USDT,27.694099999999995,319
10.221400000000003,21.712799999999998,UNCERTIFIED,2493.01,-28651.857619000006,-11.4914,-0.3598461837152645,25,60,2493.02,2491.98,1788976140,2026-09-09T17:49:00+00:00,2491.99,research_batch_v2,B-ETH_USDT,31.9342,169
42.63490000000001,20.186899999999994,UNCERTIFIED,2492.36,55938.50417500004,22.448000000000008,0.357328188622421,25,59,2492.96,2492.22,1788976200,2026-09-09T17:50:00+00:00,2492.96,research_batch_v2,B-ETH_USDT,62.8218,167
30.711300000000005,46.26609999999998,UNCERTIFIED,2491.65,-38773.65227000002,-15.554799999999974,-0.20206969837900446,23,60,2492.45,2491.63,1788976260,2026-09-09T17:51:00+00:00,2492.44,research_batch_v2,B-ETH_USDT,76.97739999999997,347
14.213600000000001,26.0593,UNCERTIFIED,2492.69,-29511.07147899998,-11.845699999999999,-0.29413575878568465,24,60,2492.69,2491.65,1788976320,2026-09-09T17:52:00+00:00,2491.66,research_batch_v2,B-ETH_USDT,40.2729,139
142.7693,55.720299999999995,UNCERTIFIED,2494.19,217141.74242599995,87.04899999999999,0.43855698233056034,23,60,2494.19,2492.69,1788976380,2026-09-09T17:53:00+00:00,2492.69,research_batch_v2,B-ETH_USDT,198.4896,363
72.7581,27.152000000000005,UNCERTIFIED,2494.99,113755.13815599999,45.60609999999999,0.4564713677596157,24,60,2494.99,2493.75,1788976440,2026-09-09T17:54:00+00:00,2494.18,research_batch_v2,B-ETH_USDT,99.91010000000001,307
14.9665,41.508100000000006,UNCERTIFIED,2494.75,-66219.66291199997,-26.5416,-0.46997411225577523,26,58,2495.08,2494.26,1788976500,2026-09-09T17:55:00+00:00,2494.99,research_batch_v2,B-ETH_USDT,56.47459999999999,267
7.327799999999999,31.302500000000002,UNCERTIFIED,2494.45,-59810.56740200001,-23.9747,-0.6206190477423161,24,59,2494.94,2494.45,1788976560,2026-09-09T17:56:00+00:00,2494.75,research_batch_v2,B-ETH_USDT,38.630300000000005,110
20.313200000000002,26.1603,UNCERTIFIED,2494.99,-14584.849206999997,-5.847100000000001,-0.1258157874917964,24,60,2495.0,2494.35,1788976620,2026-09-09T17:57:00+00:00,2494.58,research_batch_v2,B-ETH_USDT,46.47350000000001,140
14.2155,79.05120000000002,UNCERTIFIED,2495.42,-161774.15424399998,-64.83570000000002,-0.6951645120927408,24,60,2495.75,2494.99,1788976680,2026-09-09T17:58:00+00:00,2495.07,research_batch_v2,B-ETH_USDT,93.26669999999999,182
2.4060000000000006,29.83440000000001,UNCERTIFIED,2493.62,-68423.171501,-27.428400000000007,-0.8507462686567162,24,60,2494.94,2493.62,1788976740,2026-09-09T17:59:00+00:00,2494.94,research_batch_v2,B-ETH_USDT,32.240400000000015,212
192.2722,42.3006,UNCERTIFIED,2493.86,374108.479812,149.97160000000002,0.6393392584306452,23,60,2495.2,2493.71,1788976800,2026-09-09T18:00:00+00:00,2493.72,research_batch_v2,B-ETH_USDT,234.57279999999997,434
8.9081,55.87899999999999,UNCERTIFIED,2494.73,-117162.019715,-46.9709,-0.7250038973808058,24,60,2494.99,2493.96,1788976860,2026-09-09T18:01:00+00:00,2494.05,research_batch_v2,B-ETH_USDT,64.7871,238
257.4625,98.6443,UNCERTIFIED,2494.59,396109.9487449997,158.8182,0.44598474390267184,25,60,2494.74,2493.14,1788976920,2026-09-09T18:02:00+00:00,2494.74,research_batch_v2,B-ETH_USDT,356.1068,540
54.288999999999994,36.1615,UNCERTIFIED,2494.21,45216.989182999976,18.127499999999994,0.20041348582926563,24,60,2494.66,2493.87,1788976980,2026-09-09T18:03:00+00:00,2494.27,research_batch_v2,B-ETH_USDT,90.45050000000002,268
17.203799999999994,31.543900000000008,UNCERTIFIED,2494.49,-35769.162411,-14.340100000000003,-0.294169776215083,24,60,2494.51,2494.29,1788977040,2026-09-09T18:04:00+00:00,2494.51,research_batch_v2,B-ETH_USDT,48.7477,164
11.051400000000001,24.97359999999999,UNCERTIFIED,2495.23,-34751.069087,-13.922199999999988,-0.3864594031922274,24,58,2495.81,2494.49,1788977100,2026-09-09T18:05:00+00:00,2494.5,research_batch_v2,B-ETH_USDT,36.02499999999999,255
72.8409,39.087100000000014,UNCERTIFIED,2493.31,84164.19677900005,33.753800000000005,0.3015670788363949,24,60,2495.24,2493.21,1788977160,2026-09-09T18:06:00+00:00,2495.24,research_batch_v2,B-ETH_USDT,111.928,338
1.7335,45.255199999999995,UNCERTIFIED,2491.34,-108485.81349999999,-43.52169999999999,-0.92621630306861,23,60,2493.31,2491.33,1788977220,2026-09-09T18:07:00+00:00,2493.31,research_batch_v2,B-ETH_USDT,46.988699999999994,235
64.2481,53.874400000000016,UNCERTIFIED,2491.07,25839.647829000005,10.373700000000001,0.0878215411966391,24,60,2491.93,2490.66,1788977280,2026-09-09T18:08:00+00:00,2491.26,research_batch_v2,B-ETH_USDT,118.12249999999999,430
12.697999999999999,18.3599,UNCERTIFIED,2491.77,-14106.884394999997,-5.6619,-0.18230144343307175,23,60,2491.83,2491.02,1788977340,2026-09-09T18:09:00+00:00,2491.08,research_batch_v2,B-ETH_USDT,31.057900000000004,150
13.516699999999998,29.170500000000004,UNCERTIFIED,2491.24,-39002.22503300001,-15.653800000000011,-0.36670945857306186,23,60,2491.68,2491.16,1788977400,2026-09-09T18:10:00+00:00,2491.39,research_batch_v2,B-ETH_USDT,42.68720000000001,273
18.888699999999996,32.4497,UNCERTIFIED,2490.05,-33775.388622000006,-13.561000000000002,-0.26414925280102225,24,60,2491.25,2490.05,1788977460,2026-09-09T18:11:00+00:00,2491.25,research_batch_v2,B-ETH_USDT,51.33840000000001,269
25.608599999999996,54.71099999999999,UNCERTIFIED,2490.27,-72471.36621599998,-29.1024,-0.3623324817354668,24,60,2490.38,2489.72,1788977520,2026-09-09T18:12:00+00:00,2490.05,research_batch_v2,B-ETH_USDT,80.31960000000001,260
10.9226,45.29009999999999,UNCERTIFIED,2489.62,-85572.619937,-34.3675,-0.6113831927660476,23,60,2490.59,2489.49,1788977580,2026-09-09T18:13:00+00:00,2490.27,research_batch_v2,B-ETH_USDT,56.21269999999999,228
52.75430000000001,81.28179999999998,UNCERTIFIED,2490.06,-71036.28800999997,-28.527499999999996,-0.21283445280786298,23,60,2490.06,2489.06,1788977640,2026-09-09T18:14:00+00:00,2489.62,research_batch_v2,B-ETH_USDT,134.03609999999998,227
26.586699999999997,11.291300000000001,UNCERTIFIED,2490.14,38081.31994400001,15.295399999999995,0.4038069591847509,23,60,2490.14,2489.69,1788977700,2026-09-09T18:15:00+00:00,2490.06,research_batch_v2,B-ETH_USDT,37.878,184
13.677700000000002,18.0699,UNCERTIFIED,2490.1,-10939.310034999993,-4.3922,-0.13834746563519762,24,60,2490.32,2489.35,1788977760,2026-09-09T18:16:00+00:00,2490.15,research_batch_v2,B-ETH_USDT,31.7476,280
18.9484,7.667299999999998,UNCERTIFIED,2491.1,28098.99665,11.281100000000002,0.42385133586567336,25,60,2491.1,2490.2,1788977820,2026-09-09T18:17:00+00:00,2490.2,research_batch_v2,B-ETH_USDT,26.6157,208
1.5659,9.509799999999998,UNCERTIFIED,2490.75,-19787.337574999994,-7.943899999999999,-0.7172368337892864,24,59,2491.1,2490.74,1788977880,2026-09-09T18:18:00+00:00,2491.1,research_batch_v2,B-ETH_USDT,11.0757,77
14.7527,62.38619999999998,UNCERTIFIED,2488.36,-118556.84691099999,-47.63349999999999,-0.617502971911707,24,58,2490.14,2488.03,1788977940,2026-09-09T18:19:00+00:00,2490.14,research_batch_v2,B-ETH_USDT,77.13890000000002,397
25.3291,5.416199999999999,UNCERTIFIED,2489.56,49557.52427400001,19.912900000000004,0.6476729776583737,23,60,2489.56,2488.36,1788978000,2026-09-09T18:20:00+00:00,2488.36,research_batch_v2,B-ETH_USDT,30.745300000000007,201
44.781000000000006,7.1744,UNCERTIFIED,2491.97,93676.782935,37.6066,0.7238246650011356,24,60,2491.97,2489.56,1788978060,2026-09-09T18:21:00+00:00,2489.56,research_batch_v2,B-ETH_USDT,51.9554,350
48.3947,56.31809999999999,UNCERTIFIED,2490.58,-19771.389877000027,-7.923399999999992,-0.07566792216424345,25,60,2492.04,2490.0,1788978120,2026-09-09T18:22:00+00:00,2491.97,research_batch_v2,B-ETH_USDT,104.7128,413
17.716300000000004,33.682,UNCERTIFIED,2488.98,-39760.70978700001,-15.965699999999993,-0.3106270051733227,24,60,2490.86,2488.9,1788978180,2026-09-09T18:23:00+00:00,2490.59,research_batch_v2,B-ETH_USDT,51.398300000000006,318
39.29000000000001,8.9941,UNCERTIFIED,2490.65,75416.636508,30.295900000000014,0.6274508585642066,26,60,2490.66,2489.08,1788978240,2026-09-09T18:24:00+00:00,2489.08,research_batch_v2,B-ETH_USDT,48.28410000000001,239
12.5642,123.20339999999999,UNCERTIFIED,2490.56,-275561.234648,-110.63919999999999,-0.8149160771789439,23,60,2490.88,2490.41,1788978300,2026-09-09T18:25:00+00:00,2490.64,research_batch_v2,B-ETH_USDT,135.76760000000002,187
19.2438,20.9657,UNCERTIFIED,2490.54,-4293.18355400001,-1.7218999999999978,-0.0428232134197142,25,60,2490.79,2490.4,1788978360,2026-09-09T18:26:00+00:00,2490.56,research_batch_v2,B-ETH_USDT,40.20949999999999,138
8.427399999999997,2.8413000000000013,UNCERTIFIED,2491.25,13913.176011000001,5.586099999999996,0.4957182283670695,25,59,2491.25,2490.5,1788978420,2026-09-09T18:27:00+00:00,2490.55,research_batch_v2,B-ETH_USDT,11.268699999999999,178
11.1559,17.7145,UNCERTIFIED,2490.84,-16343.643605999998,-6.558600000000003,-0.22717385280425628,24,57,2491.36,2490.5,1788978480,2026-09-09T18:28:00+00:00,2491.25,research_batch_v2,B-ETH_USDT,28.87040000000001,216
26.159399999999998,4.211700000000001,UNCERTIFIED,2491.2,54671.72539299999,21.947699999999998,0.7226508094866501,26,59,2491.21,2490.8,1788978540,2026-09-09T18:29:00+00:00,2490.8,research_batch_v2,B-ETH_USDT,30.3711,80
9.101000000000003,18.7386,UNCERTIFIED,2490.84,-24010.272563,-9.637599999999994,-0.34618313481515506,24,60,2491.51,2490.53,1788978600,2026-09-09T18:30:00+00:00,2491.21,research_batch_v2,B-ETH_USDT,27.839600000000008,278
16.083000000000002,9.7171,UNCERTIFIED,2490.95,15852.822841000008,6.365899999999999,0.24673935372343525,24,60,2491.05,2490.33,1788978660,2026-09-09T18:31:00+00:00,2490.84,research_batch_v2,B-ETH_USDT,25.80009999999999,215
15.445300000000001,20.5919,UNCERTIFIED,2490.44,-12819.729222,-5.1465999999999985,-0.14281353712275086,24,60,2490.92,2489.64,1788978720,2026-09-09T18:32:00+00:00,2490.71,research_batch_v2,B-ETH_USDT,36.03720000000001,356
30.5223,25.6174,UNCERTIFIED,2491.65,12217.053110000006,4.9049,0.08736954419065295,24,60,2492.09,2490.5,1788978780,2026-09-09T18:33:00+00:00,2490.5,research_batch_v2,B-ETH_USDT,56.139700000000005,303
10.5541,27.818599999999996,UNCERTIFIED,2489.62,-43015.973476,-17.26449999999999,-0.4499162164768179,24,59,2492.03,2489.49,1788978840,2026-09-09T18:34:00+00:00,2491.64,research_batch_v2,B-ETH_USDT,38.3727,308
47.8035,37.08329999999999,UNCERTIFIED,2488.0,26660.23142900001,10.720199999999997,0.1262881861490831,25,60,2489.62,2488.0,1788978900,2026-09-09T18:35:00+00:00,2489.61,research_batch_v2,B-ETH_USDT,84.88680000000006,416
30.422400000000007,26.2288,UNCERTIFIED,2488.81,10424.45932000002,4.193600000000002,0.07402491032846617,25,60,2489.16,2488.17,1788978960,2026-09-09T18:36:00+00:00,2488.17,research_batch_v2,B-ETH_USDT,56.65119999999999,279
7.1514999999999995,15.000699999999998,UNCERTIFIED,2488.33,-19533.935954999994,-7.849199999999998,-0.3543304953909768,24,60,2488.83,2488.32,1788979020,2026-09-09T18:37:00+00:00,2488.83,research_batch_v2,B-ETH_USDT,22.152200000000008,112
26.12990000000001,7.041700000000001,UNCERTIFIED,2489.26,47507.862012,19.088199999999997,0.5754380252987493,27,60,2489.27,2488.61,1788979080,2026-09-09T18:38:00+00:00,2488.61,research_batch_v2,B-ETH_USDT,33.171600000000005,169
10.702200000000001,10.101799999999999,UNCERTIFIED,2487.77,1492.064746999999,0.6003999999999998,0.028859834647183228,27,59,2489.27,2487.77,1788979140,2026-09-09T18:39:00+00:00,2489.27,research_batch_v2,B-ETH_USDT,20.804,184
128.67560000000006,15.5714,UNCERTIFIED,2489.19,281451.8811690001,113.10420000000008,0.7841008825140212,25,59,2489.47,2487.77,1788979200,2026-09-09T18:40:00+00:00,2487.77,research_batch_v2,B-ETH_USDT,144.24700000000007,291
11.354300000000002,15.900900000000002,UNCERTIFIED,2488.19,-11313.973817000002,-4.5466000000000015,-0.1668158736681441,25,60,2489.19,2488.01,1788979260,2026-09-09T18:41:00+00:00,2489.18,research_batch_v2,B-ETH_USDT,27.255200000000002,180
21.340400000000006,63.88410000000001,UNCERTIFIED,2487.88,-105855.09166099994,-42.54370000000001,-0.4991956538319378,24,60,2488.7,2487.88,1788979320,2026-09-09T18:42:00+00:00,2488.45,research_batch_v2,B-ETH_USDT,85.22450000000005,209
26.794299999999993,19.7934,UNCERTIFIED,2488.69,17420.357293999998,7.000900000000001,0.15027357006248432,24,60,2488.7,2487.7,1788979380,2026-09-09T18:43:00+00:00,2487.7,research_batch_v2,B-ETH_USDT,46.5877,253
14.5592,5.0454,UNCERTIFIED,2488.95,23679.689658999996,9.5138,0.4852840659845138,25,58,2488.96,2488.69,1788979440,2026-09-09T18:44:00+00:00,2488.69,research_batch_v2,B-ETH_USDT,19.6046,81
79.97279999999994,202.6705000000001,UNCERTIFIED,2487.7,-305353.3214640001,-122.69770000000004,-0.4341079374603962,24,60,2489.01,2487.08,1788979500,2026-09-09T18:45:00+00:00,2489.01,research_batch_v2,B-ETH_USDT,282.64330000000007,347
11.159000000000002,26.73100000000001,UNCERTIFIED,2488.18,-38738.05348199999,-15.572000000000008,-0.41097915017154935,24,60,2488.24,2487.45,1788979560,2026-09-09T18:46:00+00:00,2487.71,research_batch_v2,B-ETH_USDT,37.89000000000001,181
11.594600000000005,24.522300000000005,UNCERTIFIED,2487.93,-32166.110473999983,-12.927700000000003,-0.35794046554383124,25,59,2488.18,2487.11,1788979620,2026-09-09T18:47:00+00:00,2488.18,research_batch_v2,B-ETH_USDT,36.116900000000015,251
7.3146,12.506200000000002,UNCERTIFIED,2487.66,-12915.721662999998,-5.191600000000001,-0.26192686470778187,25,58,2487.93,2487.66,1788979680,2026-09-09T18:48:00+00:00,2487.93,research_batch_v2,B-ETH_USDT,19.820799999999995,78
366.4045,20.6868,UNCERTIFIED,2488.55,859915.1349910002,345.7177,0.8931166884918363,24,60,2488.55,2486.53,1788979740,2026-09-09T18:49:00+00:00,2487.66,research_batch_v2,B-ETH_USDT,387.0913,470
11.670800000000005,54.8235,UNCERTIFIED,2488.09,-107378.99090900003,-43.1527,-0.6489684078184147,24,59,2488.75,2488.09,1788979800,2026-09-09T18:50:00+00:00,2488.75,research_batch_v2,B-ETH_USDT,66.49429999999998,179
122.61020000000003,17.3725,UNCERTIFIED,2486.58,261640.14685400014,105.23770000000005,0.7517907570006868,24,60,2488.1,2486.26,1788979860,2026-09-09T18:51:00+00:00,2488.1,research_batch_v2,B-ETH_USDT,139.98270000000002,318
140.6065000000001,81.9389,UNCERTIFIED,2485.58,145817.20328199986,58.66760000000006,0.26362081624693245,23,60,2486.79,2485.57,1788979920,2026-09-09T18:52:00+00:00,2486.57,research_batch_v2,B-ETH_USDT,222.5453999999999,345
22.012700000000013,22.05699999999999,UNCERTIFIED,2485.58,-117.31914599999722,-0.04429999999999266,-0.0010052258127464602,26,60,2486.28,2485.57,1788979980,2026-09-09T18:53:00+00:00,2485.9,research_batch_v2,B-ETH_USDT,44.06969999999998,191
159.3925,811.8085000000001,UNCERTIFIED,2482.29,-1620619.9835130004,-652.4159999999999,-0.6717620760275165,24,60,2485.95,2482.29,1788980040,2026-09-09T18:54:00+00:00,2485.58,research_batch_v2,B-ETH_USDT,971.2009999999999,1018
99.63670000000002,27.0851,UNCERTIFIED,2484.96,180237.14021800002,72.55160000000001,0.5725265897422545,24,60,2484.96,2482.15,1788980100,2026-09-09T18:55:00+00:00,2482.29,research_batch_v2,B-ETH_USDT,126.72179999999997,492
25.89530000000001,43.8778,UNCERTIFIED,2482.76,-44645.08494200001,-17.982499999999995,-0.25772826490438266,25,60,2484.97,2482.76,1788980160,2026-09-09T18:56:00+00:00,2484.97,research_batch_v2,B-ETH_USDT,69.77310000000004,288
59.91100000000003,16.875999999999994,UNCERTIFIED,2483.05,106844.9637719999,43.03500000000003,0.5604464297342001,25,60,2483.13,2482.2,1788980220,2026-09-09T18:57:00+00:00,2482.6,research_batch_v2,B-ETH_USDT,76.78700000000002,291
20.364700000000006,16.45210000000001,UNCERTIFIED,2482.88,9716.371681000006,3.912599999999996,0.10627213663327598,24,60,2483.36,2482.88,1788980280,2026-09-09T18:58:00+00:00,2483.35,research_batch_v2,B-ETH_USDT,36.81680000000001,202
25.93610000000001,72.1132,UNCERTIFIED,2481.43,-114614.12556899997,-46.17709999999999,-0.47095797726245864,24,59,2483.05,2481.43,1788980340,2026-09-09T18:59:00+00:00,2482.88,research_batch_v2,B-ETH_USDT,98.0493,257
369.5432,467.8793,UNCERTIFIED,2482.4,-243797.88790400038,-98.33610000000034,-0.11742710519480938,26,60,2482.4,2480.0,1788980400,2026-09-09T19:00:00+00:00,2481.43,research_batch_v2,B-ETH_USDT,837.4225000000007,1362
59.452200000000005,47.72060000000001,UNCERTIFIED,2482.69,29126.680086000026,11.731599999999975,0.10946434169863972,23,60,2482.8,2481.5,1788980460,2026-09-09T19:01:00+00:00,2482.4,research_batch_v2,B-ETH_USDT,107.1728,373
34.856100000000005,55.49100000000002,UNCERTIFIED,2480.01,-51209.886193000006,-20.63490000000001,-0.2283958201204025,24,60,2482.69,2480.01,1788980520,2026-09-09T19:02:00+00:00,2482.69,research_batch_v2,B-ETH_USDT,90.34709999999997,403
85.51240000000001,557.6036000000001,UNCERTIFIED,2478.91,-1170713.1831440008,-472.0912000000002,-0.7340685039712896,23,60,2479.75,2478.84,1788980580,2026-09-09T19:03:00+00:00,2479.3,research_batch_v2,B-ETH_USDT,643.1160000000003,585
116.8913,59.0084,UNCERTIFIED,2479.16,143497.17444499998,57.88290000000001,0.329067644799849,24,60,2479.56,2478.62,1788980640,2026-09-09T19:04:00+00:00,2479.02,research_batch_v2,B-ETH_USDT,175.89970000000002,244
221.79330000000007,551.0281000000002,UNCERTIFIED,2479.13,-816435.5143079999,-329.23480000000023,-0.4260166708634105,23,60,2480.14,2476.72,1788980700,2026-09-09T19:05:00+00:00,2479.16,research_batch_v2,B-ETH_USDT,772.8214000000003,1374
92.5649,22.426500000000004,UNCERTIFIED,2480.11,173901.54228999998,70.1384,0.6099447436938761,25,60,2480.11,2478.5,1788980760,2026-09-09T19:06:00+00:00,2478.61,research_batch_v2,B-ETH_USDT,114.99140000000004,475
135.54919999999998,133.24059999999997,UNCERTIFIED,2479.74,5696.498028999951,2.3085999999999878,0.008588867583516886,26,60,2480.87,2479.64,1788980820,2026-09-09T19:07:00+00:00,2480.1,research_batch_v2,B-ETH_USDT,268.78980000000007,549
53.7245,123.89400000000002,UNCERTIFIED,2479.17,-173984.780804,-70.16950000000008,-0.3950573842251799,25,60,2480.03,2478.97,1788980880,2026-09-09T19:08:00+00:00,2479.73,research_batch_v2,B-ETH_USDT,177.61849999999993,284
37.19220000000001,31.828500000000002,UNCERTIFIED,2479.58,13291.03142799998,5.363700000000001,0.07771146916794529,25,60,2479.64,2478.91,1788980940,2026-09-09T19:09:00+00:00,2479.17,research_batch_v2,B-ETH_USDT,69.02069999999999,195
275.442,48.13090000000001,UNCERTIFIED,2480.4,563778.353724,227.31109999999998,0.7025035162091757,25,60,2480.59,2479.72,1788981000,2026-09-09T19:10:00+00:00,2479.73,research_batch_v2,B-ETH_USDT,323.5729,354
24.642899999999997,26.309500000000007,UNCERTIFIED,2480.69,-4142.865717999987,-1.6665999999999999,-0.03270895973496831,24,60,2480.97,2480.32,1788981060,2026-09-09T19:11:00+00:00,2480.41,research_batch_v2,B-ETH_USDT,50.95240000000001,220
46.38639999999999,9.318100000000001,UNCERTIFIED,2481.66,91965.27698499999,37.0683,0.66544534104067,24,60,2481.67,2480.64,1788981120,2026-09-09T19:12:00+00:00,2480.94,research_batch_v2,B-ETH_USDT,55.704499999999996,214
37.714099999999995,11.6706,UNCERTIFIED,2482.17,64639.34751999998,26.043499999999998,0.5273596883245216,24,60,2482.17,2481.72,1788981180,2026-09-09T19:13:00+00:00,2481.72,research_batch_v2,B-ETH_USDT,49.384699999999995,113
54.948500000000024,160.31159999999997,UNCERTIFIED,2482.46,-261512.62777899994,-105.3631,-0.48946878683044387,24,60,2482.48,2481.51,1788981240,2026-09-09T19:14:00+00:00,2482.16,research_batch_v2,B-ETH_USDT,215.26009999999994,329
92.09449999999998,210.57070000000007,UNCERTIFIED,2484.08,-294204.04894500016,-118.47620000000009,-0.39144308628808333,24,60,2484.08,2482.02,1788981300,2026-09-09T19:15:00+00:00,2482.46,research_batch_v2,B-ETH_USDT,302.66520000000025,557
13.8683,62.39830000000001,UNCERTIFIED,2483.04,-120533.91538199995,-48.530000000000015,-0.6363204862941315,24,59,2484.07,2483.04,1788981360,2026-09-09T19:16:00+00:00,2484.07,research_batch_v2,B-ETH_USDT,76.26660000000001,239
75.44489999999999,19.4178,UNCERTIFIED,2483.25,139111.59091499995,56.02710000000002,0.5906125379100533,25,60,2483.45,2482.7,1788981420,2026-09-09T19:17:00+00:00,2483.44,research_batch_v2,B-ETH_USDT,94.8627,220
86.0322,88.85629999999995,UNCERTIFIED,2483.37,-7057.13059999998,-2.824099999999971,-0.016148002870400118,25,59,2483.37,2482.39,1788981480,2026-09-09T19:18:00+00:00,2483.25,research_batch_v2,B-ETH_USDT,174.8885,294
87.6658,283.6175999999999,UNCERTIFIED,2483.99,-486621.264528,-195.95179999999982,-0.5277688148729512,24,60,2484.23,2483.37,1788981540,2026-09-09T19:19:00+00:00,2483.37,research_batch_v2,B-ETH_USDT,371.28339999999986,295
54.405799999999985,32.75800000000002,UNCERTIFIED,2483.38,53737.270846999985,21.647799999999982,0.24835768977488343,26,58,2483.99,2482.95,1788981600,2026-09-09T19:20:00+00:00,2483.99,research_batch_v2,B-ETH_USDT,87.1638,213
10.511299999999999,18.699600000000004,UNCERTIFIED,2483.23,-20335.190284000015,-8.188300000000002,-0.28031659414807486,25,60,2483.38,2483.15,1788981660,2026-09-09T19:21:00+00:00,2483.38,research_batch_v2,B-ETH_USDT,29.210900000000006,73
25.654199999999985,14.976499999999998,UNCERTIFIED,2483.85,26511.909662000013,10.677699999999989,0.26279881961177126,25,56,2484.01,2483.13,1788981720,2026-09-09T19:22:00+00:00,2483.23,research_batch_v2,B-ETH_USDT,40.630699999999976,157
64.96519999999998,123.16560000000001,UNCERTIFIED,2484.53,-144620.34936400002,-58.20040000000002,-0.30936135922453956,23,60,2484.69,2483.84,1788981780,2026-09-09T19:23:00+00:00,2483.84,research_batch_v2,B-ETH_USDT,188.13080000000005,279
41.778800000000004,4.5536,UNCERTIFIED,2484.81,92495.65475099997,37.225199999999994,0.8034377670917112,25,60,2484.96,2484.54,1788981840,2026-09-09T19:24:00+00:00,2484.54,research_batch_v2,B-ETH_USDT,46.33239999999999,162
18.6321,24.4097,UNCERTIFIED,2484.6,-14357.054153999983,-5.777599999999993,-0.1342323044110607,24,60,2484.61,2484.31,1788981900,2026-09-09T19:25:00+00:00,2484.6,research_batch_v2,B-ETH_USDT,43.0418,189
27.8051,18.162399999999998,UNCERTIFIED,2484.52,23959.266702999998,9.642700000000005,0.20977212160765768,25,59,2484.68,2484.39,1788981960,2026-09-09T19:26:00+00:00,2484.61,research_batch_v2,B-ETH_USDT,45.9675,116
12.6786,22.397400000000008,UNCERTIFIED,2483.01,-24149.19950100001,-9.718799999999998,-0.2770783441669516,25,59,2484.45,2483.0,1788982020,2026-09-09T19:27:00+00:00,2484.45,research_batch_v2,B-ETH_USDT,35.076000000000015,227
5.950200000000001,53.727000000000004,UNCERTIFIED,2482.91,-118631.02381999997,-47.776799999999994,-0.8005871589149623,25,60,2483.16,2482.91,1788982080,2026-09-09T19:28:00+00:00,2483.0,research_batch_v2,B-ETH_USDT,59.677200000000006,84
26.034499999999998,38.875699999999995,UNCERTIFIED,2482.91,-31889.479708000013,-12.8412,-0.19783023315287895,26,60,2483.32,2482.91,1788982140,2026-09-09T19:29:00+00:00,2482.91,research_batch_v2,B-ETH_USDT,64.91019999999999,111
53.16010000000002,112.08249999999997,UNCERTIFIED,2482.23,-146304.487113,-58.922399999999946,-0.3565811721674676,25,60,2482.82,2481.93,1788982200,2026-09-09T19:30:00+00:00,2482.45,research_batch_v2,B-ETH_USDT,165.2425999999999,332
167.54190000000008,169.0887999999998,UNCERTIFIED,2481.07,-3855.1133630001204,-1.5468999999997521,-0.004595243392833014,25,60,2481.91,2480.55,1788982260,2026-09-09T19:31:00+00:00,2481.91,research_batch_v2,B-ETH_USDT,336.63069999999993,766
130.16009999999997,37.03359999999999,UNCERTIFIED,2481.62,231074.84302100004,93.12649999999998,0.5569976619932449,23,60,2481.74,2481.16,1788982320,2026-09-09T19:32:00+00:00,2481.17,research_batch_v2,B-ETH_USDT,167.19369999999998,251
18.812900000000006,158.59299999999996,UNCERTIFIED,2480.18,-346789.06237900007,-139.7801,-0.7879112250494487,25,60,2482.05,2480.17,1788982380,2026-09-09T19:33:00+00:00,2482.05,research_batch_v2,B-ETH_USDT,177.40590000000003,317
60.03489999999999,78.01230000000001,UNCERTIFIED,2481.07,-44620.28017899997,-17.977400000000006,-0.13022647326421694,23,59,2481.19,2479.69,1788982440,2026-09-09T19:34:00+00:00,2480.18,research_batch_v2,B-ETH_USDT,138.04719999999998,276
36.558299999999996,51.79010000000002,UNCERTIFIED,2478.8,-37782.53969799999,-15.231799999999996,-0.17240606507871103,24,60,2481.08,2478.49,1788982500,2026-09-09T19:35:00+00:00,2481.08,research_batch_v2,B-ETH_USDT,88.34840000000001,388
95.01810000000002,168.45880000000005,UNCERTIFIED,2476.23,-181992.70886299998,-73.44070000000008,-0.27873676971301886,23,60,2478.81,2476.23,1788982560,2026-09-09T19:36:00+00:00,2478.81,research_batch_v2,B-ETH_USDT,263.47689999999994,602
108.61189999999999,209.90259999999998,UNCERTIFIED,2475.0,-250755.00104999988,-101.29069999999996,-0.3180096981456101,24,60,2476.43,2475.0,1788982620,2026-09-09T19:37:00+00:00,2476.43,research_batch_v2,B-ETH_USDT,318.5145000000001,772
96.49469999999997,281.2143000000001,UNCERTIFIED,2473.51,-457140.5385579999,-184.7196000000002,-0.48905268341501046,24,60,2474.88,2473.51,1788982680,2026-09-09T19:38:00+00:00,2474.82,research_batch_v2,B-ETH_USDT,377.70900000000006,671
48.59970000000001,204.6684,UNCERTIFIED,2472.94,-386012.840316,-156.06869999999998,-0.6162193343733379,23,60,2474.2,2472.94,1788982740,2026-09-09T19:39:00+00:00,2473.51,research_batch_v2,B-ETH_USDT,253.26810000000003,430
188.17980000000017,131.39929999999998,UNCERTIFIED,2474.66,140395.7542390002,56.780500000000146,0.1776727576991116,25,60,2474.66,2472.6,1788982800,2026-09-09T19:40:00+00:00,2472.94,research_batch_v2,B-ETH_USDT,319.5791,605
208.76549999999997,103.08840000000001,UNCERTIFIED,2474.0,261491.76414899988,105.67709999999988,0.3388673349924432,22,60,2474.83,2473.57,1788982860,2026-09-09T19:41:00+00:00,2474.42,research_batch_v2,B-ETH_USDT,311.8539,430
63.6593,69.17679999999999,UNCERTIFIED,2473.8,-13655.837442000005,-5.5174999999999725,-0.041536148682473906,25,60,2475.13,2473.68,1788982920,2026-09-09T19:42:00+00:00,2474.01,research_batch_v2,B-ETH_USDT,132.83610000000002,371
32.479200000000006,43.3105,UNCERTIFIED,2474.08,-26812.993586999997,-10.831299999999995,-0.14291255935832967,24,60,2474.53,2473.8,1788982980,2026-09-09T19:43:00+00:00,2473.8,research_batch_v2,B-ETH_USDT,75.78969999999998,259
56.16429999999999,307.4815,UNCERTIFIED,2471.71,-621473.3976670002,-251.31719999999993,-0.691104365841706,23,60,2474.09,2471.47,1788983040,2026-09-09T19:44:00+00:00,2474.08,research_batch_v2,B-ETH_USDT,363.6458000000001,524
96.39269999999999,58.70059999999998,UNCERTIFIED,2471.94,93150.98871800002,37.692100000000025,0.24302855120111588,24,60,2471.94,2471.46,1788983100,2026-09-09T19:45:00+00:00,2471.83,research_batch_v2,B-ETH_USDT,155.0933,318
35.60729999999999,74.8898,UNCERTIFIED,2471.23,-97075.5675989999,-39.282500000000006,-0.35550706760629924,25,60,2472.1,2471.0,1788983160,2026-09-09T19:46:00+00:00,2472.0,research_batch_v2,B-ETH_USDT,110.49709999999999,266
42.3456,459.5682,UNCERTIFIED,2471.49,-1031427.498327,-417.22260000000006,-0.8312634559958304,24,60,2472.62,2471.22,1788983220,2026-09-09T19:47:00+00:00,2471.22,research_batch_v2,B-ETH_USDT,501.91380000000004,541
84.12520000000004,34.091100000000004,UNCERTIFIED,2471.51,123676.424298,50.0341,0.4232419725537003,24,60,2472.37,2471.49,1788983280,2026-09-09T19:48:00+00:00,2471.49,research_batch_v2,B-ETH_USDT,118.2163,224
101.5709,37.5022,UNCERTIFIED,2472.18,158378.17528799997,64.0687,0.4606836260930405,23,60,2472.46,2471.51,1788983340,2026-09-09T19:49:00+00:00,2471.52,research_batch_v2,B-ETH_USDT,139.07309999999995,379
668.4189000000002,2648.140599999996,UNCERTIFIED,2466.12,-4888916.009530002,-1979.7216999999962,-0.5969203025002261,24,59,2472.17,2465.66,1788983400,2026-09-09T19:50:00+00:00,2472.17,research_batch_v2,B-ETH_USDT,3316.559499999996,3363
178.53250000000006,243.13329999999996,UNCERTIFIED,2468.97,-159312.82814699996,-64.60079999999999,-0.1532037931461361,24,60,2469.0,2465.01,1788983460,2026-09-09T19:51:00+00:00,2465.19,research_batch_v2,B-ETH_USDT,421.66579999999993,702
105.90029999999996,203.20250000000004,UNCERTIFIED,2465.06,-240021.55725100002,-97.30220000000007,-0.3147891251713024,23,60,2469.84,2465.06,1788983520,2026-09-09T19:52:00+00:00,2468.97,research_batch_v2,B-ETH_USDT,309.10280000000006,864
144.03719999999998,531.3030000000001,UNCERTIFIED,2463.34,-954210.4727379996,-387.26580000000007,-0.5734380983095632,24,60,2464.84,2462.65,1788983580,2026-09-09T19:53:00+00:00,2464.84,research_batch_v2,B-ETH_USDT,675.3402000000001,1630
163.75400000000008,102.44530000000002,UNCERTIFIED,2465.0,151111.17760400003,61.308699999999995,0.230311274297115,23,60,2465.34,2463.35,1788983640,2026-09-09T19:54:00+00:00,2463.35,research_batch_v2,B-ETH_USDT,266.19929999999994,704
99.90950000000004,190.30230000000006,UNCERTIFIED,2465.52,-222840.05360300018,-90.39280000000005,-0.3114718285059396,24,60,2465.59,2464.11,1788983700,2026-09-09T19:55:00+00:00,2464.11,research_batch_v2,B-ETH_USDT,290.21180000000004,580
78.77040000000001,177.69760000000005,UNCERTIFIED,2464.75,-243854.41327000002,-98.9272,-0.38572921378105646,26,60,2465.06,2464.05,1788983760,2026-09-09T19:56:00+00:00,2465.06,research_batch_v2,B-ETH_USDT,256.468,526
74.08750000000002,359.3421,UNCERTIFIED,2464.09,-703139.512324,-285.2546,-0.6581336392346069,25,60,2465.14,2464.08,1788983820,2026-09-09T19:57:00+00:00,2464.74,research_batch_v2,B-ETH_USDT,433.4296,444
48.7014,51.742500000000014,UNCERTIFIED,2464.85,-7495.3416570000245,-3.0411000000000006,-0.03027660216299846,24,60,2464.86,2464.22,1788983880,2026-09-09T19:58:00+00:00,2464.53,research_batch_v2,B-ETH_USDT,100.44389999999999,250
251.99930000000003,171.2918,UNCERTIFIED,2465.49,198930.16270900005,80.70750000000004,0.19066665942184946,24,60,2465.49,2463.94,1788983940,2026-09-09T19:59:00+00:00,2464.86,research_batch_v2,B-ETH_USDT,423.2911000000001,674
191.91739999999996,108.34899999999996,UNCERTIFIED,2466.0,206011.30416500004,83.56840000000001,0.2783141903323182,23,60,2466.0,2464.75,1788984000,2026-09-09T20:00:00+00:00,2465.5,research_batch_v2,B-ETH_USDT,300.2664000000001,439
223.86820000000006,87.974,UNCERTIFIED,2468.64,335193.66850399977,135.89419999999998,0.4357787368098351,23,60,2468.64,2465.56,1788984060,2026-09-09T20:01:00+00:00,2466.34,research_batch_v2,B-ETH_USDT,311.84220000000005,829
80.76269999999998,95.14149999999998,UNCERTIFIED,2468.46,-35473.579943000055,-14.3788,-0.08174222104986693,25,60,2468.93,2466.96,1788984120,2026-09-09T20:02:00+00:00,2468.65,research_batch_v2,B-ETH_USDT,175.90419999999997,650
77.44880000000002,164.33279999999996,UNCERTIFIED,2466.49,-214474.69992500002,-86.88400000000001,-0.35934909852528063,24,60,2468.72,2466.48,1788984180,2026-09-09T20:03:00+00:00,2468.39,research_batch_v2,B-ETH_USDT,241.78160000000005,580
43.8288,75.36279999999995,UNCERTIFIED,2465.74,-77762.32637299999,-31.53399999999997,-0.2645656237520091,23,59,2466.74,2465.35,1788984240,2026-09-09T20:04:00+00:00,2466.48,research_batch_v2,B-ETH_USDT,119.19160000000001,552
127.7738,50.043000000000006,UNCERTIFIED,2467.0,191669.3241540001,77.73079999999999,0.4371397978143797,24,60,2467.0,2465.0,1788984300,2026-09-09T20:05:00+00:00,2465.0,research_batch_v2,B-ETH_USDT,177.81679999999997,599
50.074500000000015,67.0399,UNCERTIFIED,2467.0,-41859.35343700002,-16.965399999999992,-0.14486177617782273,24,60,2467.1,2466.47,1788984360,2026-09-09T20:06:00+00:00,2467.0,research_batch_v2,B-ETH_USDT,117.11439999999993,387
321.68000000000006,167.89579999999995,UNCERTIFIED,2465.25,379008.9039199999,153.78420000000006,0.3141172419061565,25,60,2466.84,2464.07,1788984420,2026-09-09T20:07:00+00:00,2466.79,research_batch_v2,B-ETH_USDT,489.57579999999996,678
110.2511,111.52730000000005,UNCERTIFIED,2466.09,-3148.63332300007,-1.2762000000000149,-0.0057543926730466745,23,60,2466.1,2465.2,1788984480,2026-09-09T20:08:00+00:00,2465.35,research_batch_v2,B-ETH_USDT,221.77840000000003,358
36.859300000000005,61.88740000000001,UNCERTIFIED,2466.68,-61719.51041099999,-25.028100000000002,-0.25345758389900624,23,60,2466.69,2465.9,1788984540,2026-09-09T20:09:00+00:00,2466.09,research_batch_v2,B-ETH_USDT,98.74670000000002,249
46.38549999999999,66.99070000000002,UNCERTIFIED,2466.92,-50832.33277399996,-20.605200000000007,-0.1817418470543201,24,59,2467.62,2466.42,1788984600,2026-09-09T20:10:00+00:00,2467.09,research_batch_v2,B-ETH_USDT,113.37620000000001,378
29.3019,39.018699999999995,UNCERTIFIED,2467.92,-23972.178964000017,-9.716799999999996,-0.14222357531988886,23,60,2467.92,2466.91,1788984660,2026-09-09T20:11:00+00:00,2466.91,research_batch_v2,B-ETH_USDT,68.32059999999998,242
54.32369999999999,57.87370000000001,UNCERTIFIED,2467.08,-8752.01686499999,-3.5500000000000185,-0.03164066190482149,24,60,2468.19,2467.07,1788984720,2026-09-09T20:12:00+00:00,2467.92,research_batch_v2,B-ETH_USDT,112.1974,245
101.25369999999998,98.85010000000001,UNCERTIFIED,2466.32,5938.81817599996,2.4035999999999995,0.012011765893501268,25,60,2467.35,2466.13,1788984780,2026-09-09T20:13:00+00:00,2467.32,research_batch_v2,B-ETH_USDT,200.10380000000004,389
116.27650000000001,137.742,UNCERTIFIED,2466.57,-53038.735200000105,-21.465499999999988,-0.08450368772353191,23,60,2467.98,2466.09,1788984840,2026-09-09T20:14:00+00:00,2466.09,research_batch_v2,B-ETH_USDT,254.01849999999996,496
60.952299999999994,12.946099999999996,UNCERTIFIED,2468.99,118496.24198299997,48.0062,0.6496243491063406,24,58,2469.0,2466.57,1788984900,2026-09-09T20:15:00+00:00,2466.58,research_batch_v2,B-ETH_USDT,73.8984,315
43.82650000000001,52.689600000000006,UNCERTIFIED,2467.99,-21908.980616000004,-8.86310000000001,-0.09183027494894645,23,60,2468.89,2467.08,1788984960,2026-09-09T20:16:00+00:00,2468.89,research_batch_v2,B-ETH_USDT,96.5161,389
235.7858999999999,106.1241,UNCERTIFIED,2470.75,320256.102462,129.66179999999994,0.37922786698253913,24,60,2470.75,2467.98,1788985020,2026-09-09T20:17:00+00:00,2467.98,research_batch_v2,B-ETH_USDT,341.90999999999997,518
161.12879999999998,233.01460000000012,UNCERTIFIED,2469.17,-177543.9864859998,-71.88580000000012,-0.18238488834266933,24,60,2472.16,2469.17,1788985080,2026-09-09T20:18:00+00:00,2470.75,research_batch_v2,B-ETH_USDT,394.1434000000003,664
64.37010000000001,54.68740000000002,UNCERTIFIED,2468.65,23894.783518000022,9.6827,0.08132792978182814,25,60,2469.59,2468.65,1788985140,2026-09-09T20:19:00+00:00,2469.17,research_batch_v2,B-ETH_USDT,119.05749999999996,247
15.995799999999997,27.1684,UNCERTIFIED,2468.8,-27584.75195999999,-11.172600000000001,-0.2588395012533534,24,60,2468.8,2468.12,1788985200,2026-09-09T20:20:00+00:00,2468.12,research_batch_v2,B-ETH_USDT,43.16420000000001,204
51.5069,46.31209999999999,UNCERTIFIED,2468.76,12830.755221999962,5.194800000000012,0.05310624725257888,24,60,2469.34,2468.7,1788985260,2026-09-09T20:21:00+00:00,2468.79,research_batch_v2,B-ETH_USDT,97.81899999999999,215
41.409800000000004,72.59460000000001,UNCERTIFIED,2467.69,-76974.10077600002,-31.18480000000003,-0.27354031949644064,24,59,2469.15,2467.68,1788985320,2026-09-09T20:22:00+00:00,2468.76,research_batch_v2,B-ETH_USDT,114.00440000000005,368
115.64710000000005,75.58670000000001,UNCERTIFIED,2466.5,98855.42257500009,40.06040000000004,0.20948388830844777,23,60,2468.28,2466.49,1788985380,2026-09-09T20:23:00+00:00,2467.69,research_batch_v2,B-ETH_USDT,191.23379999999997,461
257.4281,678.3301999999999,UNCERTIFIED,2466.05,-1037593.842278,-420.9021,-0.4497978804996973,23,60,2466.49,2462.2,1788985440,2026-09-09T20:24:00+00:00,2466.49,research_batch_v2,B-ETH_USDT,935.7583000000002,1441
34.770300000000006,135.10049999999995,UNCERTIFIED,2463.48,-247372.126502,-100.33019999999999,-0.5906265232164681,22,60,2466.32,2463.13,1788985500,2026-09-09T20:25:00+00:00,2466.28,research_batch_v2,B-ETH_USDT,169.87079999999995,444
175.1292,128.70899999999995,UNCERTIFIED,2463.33,114308.52319800007,46.42020000000002,0.1527793411098408,23,60,2464.26,2462.73,1788985560,2026-09-09T20:26:00+00:00,2463.8,research_batch_v2,B-ETH_USDT,303.8382,498
71.4811,14.1413,UNCERTIFIED,2466.04,141307.945262,57.3398,0.6696822326867734,24,60,2466.04,2462.95,1788985620,2026-09-09T20:27:00+00:00,2463.34,research_batch_v2,B-ETH_USDT,85.62240000000001,396
52.202200000000005,6.5604,UNCERTIFIED,2467.18,112586.68934299999,45.641799999999996,0.7767151215228734,24,60,2467.24,2466.03,1788985680,2026-09-09T20:28:00+00:00,2466.04,research_batch_v2,B-ETH_USDT,58.7626,198
831.4768000000005,2000.358299999996,UNCERTIFIED,2461.8,-2875688.5657819905,-1168.8814999999963,-0.4127646768697785,24,60,2467.18,2455.35,1788985740,2026-09-09T20:29:00+00:00,2467.18,research_batch_v2,B-ETH_USDT,2831.8350999999984,4627
355.4578999999999,228.64959999999994,UNCERTIFIED,2465.01,312395.6754130003,126.80830000000002,0.21709753769640003,25,60,2465.16,2460.85,1788985800,2026-09-09T20:30:00+00:00,2461.35,research_batch_v2,B-ETH_USDT,584.1075000000002,1638
109.49329999999999,107.09120000000001,UNCERTIFIED,2466.86,5888.036785999918,2.4020999999999915,0.011090821365333119,23,60,2466.86,2465.15,1788985860,2026-09-09T20:31:00+00:00,2465.48,research_batch_v2,B-ETH_USDT,216.58450000000005,868
138.83370000000005,140.8793,UNCERTIFIED,2468.24,-5126.960620000116,-2.0455999999999706,-0.007313210326298636,23,60,2468.29,2466.61,1788985920,2026-09-09T20:32:00+00:00,2466.61,research_batch_v2,B-ETH_USDT,279.713,641
215.30750000000003,121.73090000000002,UNCERTIFIED,2469.28,230987.38145900005,93.57659999999996,0.27764373436379935,23,60,2469.4,2467.53,1788985980,2026-09-09T20:33:00+00:00,2467.97,research_batch_v2,B-ETH_USDT,337.0384,786
32.1599,81.50359999999999,UNCERTIFIED,2467.77,-121784.74776099998,-49.34370000000002,-0.43412089193100695,25,60,2469.56,2467.68,1788986040,2026-09-09T20:34:00+00:00,2469.29,research_batch_v2,B-ETH_USDT,113.66350000000003,498
288.1585,183.94680000000008,UNCERTIFIED,2470.17,257133.47244599983,104.21169999999992,0.22073825479188633,25,60,2470.52,2467.37,1788986100,2026-09-09T20:35:00+00:00,2467.42,research_batch_v2,B-ETH_USDT,472.10529999999994,983
40.5158,72.6004,UNCERTIFIED,2470.31,-79259.36916499997,-32.0846,-0.2836428380727076,25,60,2470.65,2470.25,1788986160,2026-09-09T20:36:00+00:00,2470.25,research_batch_v2,B-ETH_USDT,113.11619999999996,234
47.8014,143.47379999999998,UNCERTIFIED,2470.28,-236315.55785500005,-95.67239999999993,-0.500181936811463,25,60,2470.31,2469.43,1788986220,2026-09-09T20:37:00+00:00,2470.3,research_batch_v2,B-ETH_USDT,191.27519999999996,404
9.461300000000001,10.439900000000002,UNCERTIFIED,2470.45,-2418.529470999999,-0.9786000000000022,-0.04917291419612897,25,59,2470.68,2470.28,1788986280,2026-09-09T20:38:00+00:00,2470.29,research_batch_v2,B-ETH_USDT,19.901200000000006,122
30.2893,64.8258,UNCERTIFIED,2470.0,-85321.77896999996,-34.536500000000004,-0.36310217830817615,25,60,2470.6,2470.0,1788986340,2026-09-09T20:39:00+00:00,2470.46,research_batch_v2,B-ETH_USDT,95.1151,222
72.241,87.70989999999999,UNCERTIFIED,2469.91,-38217.82254300001,-15.468900000000003,-0.09671030297422524,23,60,2470.01,2468.87,1788986400,2026-09-09T20:40:00+00:00,2470.01,research_batch_v2,B-ETH_USDT,159.9509,334
122.0344,101.3258,UNCERTIFIED,2469.85,51171.556936999914,20.708600000000015,0.09271392128051466,24,60,2470.35,2469.76,1788986460,2026-09-09T20:41:00+00:00,2469.76,research_batch_v2,B-ETH_USDT,223.36020000000005,321
84.26569999999998,450.90789999999987,UNCERTIFIED,2467.18,-905327.7869679994,-366.6421999999999,-0.6850902211917776,23,60,2470.45,2466.87,1788986520,2026-09-09T20:42:00+00:00,2469.84,research_batch_v2,B-ETH_USDT,535.1736,529
31.7559,13.9227,UNCERTIFIED,2468.51,44010.59483400001,17.833200000000005,0.39040601069209663,24,60,2468.51,2467.18,1788986580,2026-09-09T20:43:00+00:00,2467.18,research_batch_v2,B-ETH_USDT,45.6786,180
19.138700000000004,24.742799999999995,UNCERTIFIED,2468.47,-13835.063088000012,-5.604099999999994,-0.12770985495026363,25,58,2468.7,2468.1,1788986640,2026-09-09T20:44:00+00:00,2468.51,research_batch_v2,B-ETH_USDT,43.8815,164
46.4825,18.6106,UNCERTIFIED,2469.11,68811.53572000003,27.8719,0.42818516862770395,23,60,2469.12,2468.32,1788986700,2026-09-09T20:45:00+00:00,2468.47,research_batch_v2,B-ETH_USDT,65.0931,186
7.099200000000001,28.167099999999998,UNCERTIFIED,2468.76,-52017.25114599999,-21.0679,-0.59739467990688,24,59,2469.12,2468.75,1788986760,2026-09-09T20:46:00+00:00,2469.11,research_batch_v2,B-ETH_USDT,35.2663,92
44.515,75.02640000000004,UNCERTIFIED,2467.52,-75309.94376199998,-30.511400000000027,-0.2552370977753315,25,60,2468.76,2467.52,1788986820,2026-09-09T20:47:00+00:00,2468.76,research_batch_v2,B-ETH_USDT,119.54140000000005,417
68.404,272.7796999999999,UNCERTIFIED,2462.81,-503582.5589280009,-204.37569999999988,-0.599019531120625,24,60,2467.53,2462.56,1788986880,2026-09-09T20:48:00+00:00,2467.53,research_batch_v2,B-ETH_USDT,341.1836999999998,881
172.22729999999999,341.3623,UNCERTIFIED,2461.22,-416357.0144599999,-169.135,-0.32931936316467464,22,60,2462.88,2460.24,1788986940,2026-09-09T20:49:00+00:00,2462.59,research_batch_v2,B-ETH_USDT,513.5896,968
456.04049999999955,273.8035000000001,UNCERTIFIED,2464.86,448458.4780079998,182.2369999999996,0.24969308509763696,23,60,2464.86,2460.34,1788987000,2026-09-09T20:50:00+00:00,2461.22,research_batch_v2,B-ETH_USDT,729.8439999999994,1143
55.6269,141.35860000000002,UNCERTIFIED,2464.65,-211251.673089,-85.73169999999996,-0.4352183282525871,23,60,2464.86,2463.34,1788987060,2026-09-09T20:51:00+00:00,2464.85,research_batch_v2,B-ETH_USDT,196.98549999999992,567
230.6659000000002,129.9914,UNCERTIFIED,2467.0,248283.10938700003,100.67450000000015,0.27914172262699266,23,60,2468.24,2464.86,1788987120,2026-09-09T20:52:00+00:00,2464.86,research_batch_v2,B-ETH_USDT,360.65730000000025,815
15.349800000000002,41.30670000000001,UNCERTIFIED,2465.98,-64021.873413000016,-25.956899999999997,-0.45814513780413535,24,60,2467.01,2465.97,1788987180,2026-09-09T20:53:00+00:00,2467.0,research_batch_v2,B-ETH_USDT,56.65650000000001,236
78.53530000000002,188.91799999999998,UNCERTIFIED,2466.94,-272329.95616800006,-110.38269999999996,-0.41271765949419953,24,59,2467.01,2465.58,1788987240,2026-09-09T20:54:00+00:00,2465.97,research_batch_v2,B-ETH_USDT,267.4532999999999,393
103.85319999999999,44.87660000000002,UNCERTIFIED,2468.31,145531.419491,58.976599999999976,0.3965351933506264,23,60,2468.34,2466.99,1788987300,2026-09-09T20:55:00+00:00,2466.99,research_batch_v2,B-ETH_USDT,148.72979999999995,300
59.215999999999994,151.4377,UNCERTIFIED,2469.51,-227752.48311299997,-92.2217,-0.4377881803167948,24,60,2469.55,2468.32,1788987360,2026-09-09T20:56:00+00:00,2468.32,research_batch_v2,B-ETH_USDT,210.65370000000001,231
24.0481,4.4971000000000005,UNCERTIFIED,2470.07,48288.340118,19.551000000000002,0.6849137508232559,25,60,2470.08,2469.51,1788987420,2026-09-09T20:57:00+00:00,2469.52,research_batch_v2,B-ETH_USDT,28.545199999999998,88
51.9737,91.0368,UNCERTIFIED,2470.96,-96518.15420300004,-39.06310000000001,-0.27314847511196744,23,60,2470.96,2470.0,1788987480,2026-09-09T20:58:00+00:00,2470.0,research_batch_v2,B-ETH_USDT,143.01049999999998,272
120.43679999999996,21.0024,UNCERTIFIED,2471.82,245728.71701399994,99.43439999999998,0.7030186822323656,24,60,2472.08,2470.96,1788987540,2026-09-09T20:59:00+00:00,2470.96,research_batch_v2,B-ETH_USDT,141.43919999999997,245
114.417,608.3612000000002,UNCERTIFIED,2470.75,-1220223.1511400004,-493.9442000000001,-0.6833966492071837,24,59,2471.82,2468.1,1788987600,2026-09-09T21:00:00+00:00,2471.82,research_batch_v2,B-ETH_USDT,722.7782000000007,788
10.0954,15.170999999999996,UNCERTIFIED,2470.65,-12540.087590999994,-5.0756,-0.20088338663204888,24,59,2470.76,2470.64,1788987660,2026-09-09T21:01:00+00:00,2470.75,research_batch_v2,B-ETH_USDT,25.266399999999997,91
22.6515,82.18039999999995,UNCERTIFIED,2470.29,-147071.20747300002,-59.52889999999997,-0.567851007183882,23,60,2470.65,2469.84,1788987720,2026-09-09T21:02:00+00:00,2470.65,research_batch_v2,B-ETH_USDT,104.83189999999995,221
19.9224,36.8522,UNCERTIFIED,2469.59,-41814.255360999996,-16.929800000000004,-0.29819320611681993,24,60,2470.3,2469.59,1788987780,2026-09-09T21:03:00+00:00,2470.3,research_batch_v2,B-ETH_USDT,56.77459999999999,139
41.2603,51.94869999999999,UNCERTIFIED,2470.99,-26404.381740999994,-10.688399999999993,-0.11467133002177894,23,60,2471.0,2469.13,1788987840,2026-09-09T21:04:00+00:00,2469.6,research_batch_v2,B-ETH_USDT,93.20899999999999,291
42.0228,42.564400000000006,UNCERTIFIED,2472.31,-1346.2450999999887,-0.5416000000000099,-0.006402860007187965,24,60,2472.38,2470.99,1788987900,2026-09-09T21:05:00+00:00,2471.0,research_batch_v2,B-ETH_USDT,84.5872,206
38.6066,75.09930000000001,UNCERTIFIED,2471.2,-90214.74711099999,-36.4927,-0.3209393707802321,23,60,2472.38,2471.14,1788987960,2026-09-09T21:06:00+00:00,2472.31,research_batch_v2,B-ETH_USDT,113.70590000000001,232
23.998100000000004,57.50450000000001,UNCERTIFIED,2470.32,-82788.25310700001,-33.5064,-0.4111083572793996,24,60,2471.2,2470.32,1788988020,2026-09-09T21:07:00+00:00,2471.19,research_batch_v2,B-ETH_USDT,81.50260000000002,254
8.3109,45.32769999999999,UNCERTIFIED,2469.71,-91431.63259599997,-37.0168,-0.6901149545290147,24,60,2470.25,2469.71,1788988080,2026-09-09T21:08:00+00:00,2470.25,research_batch_v2,B-ETH_USDT,53.63859999999999,141
21.25950000000001,66.10659999999999,UNCERTIFIED,2469.34,-110754.56246299998,-44.84709999999998,-0.5133238178194973,24,60,2470.12,2469.34,1788988140,2026-09-09T21:09:00+00:00,2469.71,research_batch_v2,B-ETH_USDT,87.36609999999999,192
25.8119,11.461500000000003,UNCERTIFIED,2469.5,35435.035963,14.3504,0.38500378285855336,24,58,2469.71,2469.27,1788988200,2026-09-09T21:10:00+00:00,2469.34,research_batch_v2,B-ETH_USDT,37.273399999999995,116
2.4542,96.9844,UNCERTIFIED,2468.11,-233387.77293399995,-94.53020000000001,-0.95063888670999,11,28,2469.51,2468.11,1788988260,2026-09-09T21:11:00+00:00,2469.51,research_batch_v2,B-ETH_USDT,99.4386,222
10.862700000000004,17.7816,UNCERTIFIED,2469.04,-17086.603068,-6.918899999999997,-0.2415454383594641,21,54,2469.27,2468.33,1788988320,2026-09-09T21:12:00+00:00,2468.34,research_batch_v2,B-ETH_USDT,28.644299999999998,169
16.8167,86.50970000000001,UNCERTIFIED,2469.41,-172114.34958900002,-69.693,-0.6744936434444632,24,60,2469.82,2469.03,1788988380,2026-09-09T21:13:00+00:00,2469.03,research_batch_v2,B-ETH_USDT,103.32640000000002,187
2.9842,4.063,UNCERTIFIED,2469.89,-2663.688385,-1.0787999999999995,-0.15308207515041428,23,58,2469.89,2469.4,1788988440,2026-09-09T21:14:00+00:00,2469.41,research_batch_v2,B-ETH_USDT,7.0472,72
23.211499999999997,9.053499999999998,UNCERTIFIED,2469.96,34968.18716500001,14.158,0.438803657213699,23,60,2469.97,2469.84,1788988500,2026-09-09T21:15:00+00:00,2469.92,research_batch_v2,B-ETH_USDT,32.265,90
47.37319999999998,43.792500000000004,UNCERTIFIED,2468.95,8836.693730000003,3.580699999999999,0.03927683328269293,23,60,2469.97,2468.8,1788988560,2026-09-09T21:16:00+00:00,2469.96,research_batch_v2,B-ETH_USDT,91.1657,258
16.37859999999999,207.85989999999998,UNCERTIFIED,2466.06,-472357.255571,-191.48129999999995,-0.8539180381602622,24,59,2468.96,2465.87,1788988620,2026-09-09T21:17:00+00:00,2468.95,research_batch_v2,B-ETH_USDT,224.2385,474
53.83840000000001,279.8711,UNCERTIFIED,2465.24,-557260.4309810003,-226.0327,-0.6773337288869511,24,60,2466.12,2464.23,1788988680,2026-09-09T21:18:00+00:00,2465.88,research_batch_v2,B-ETH_USDT,333.7095,631
14.1482,44.600699999999996,UNCERTIFIED,2465.57,-75093.68372500001,-30.452500000000008,-0.51835013081096,24,60,2466.09,2465.23,1788988740,2026-09-09T21:19:00+00:00,2465.23,research_batch_v2,B-ETH_USDT,58.7489,201
22.8986,103.2784,UNCERTIFIED,2463.94,-198105.90145900004,-80.37979999999999,-0.6370400310674686,23,60,2465.11,2463.94,1788988800,2026-09-09T21:20:00+00:00,2465.1,research_batch_v2,B-ETH_USDT,126.17699999999999,277
37.30199999999999,16.824900000000003,UNCERTIFIED,2464.76,50456.50572400001,20.477100000000004,0.3783165117529364,23,60,2464.76,2463.93,1788988860,2026-09-09T21:21:00+00:00,2463.94,research_batch_v2,B-ETH_USDT,54.12689999999998,236
73.2377,124.93580000000003,UNCERTIFIED,2466.49,-127465.80830500001,-51.69809999999998,-0.2608729219597977,25,60,2466.49,2464.85,1788988920,2026-09-09T21:22:00+00:00,2464.85,research_batch_v2,B-ETH_USDT,198.17350000000002,270
38.718500000000006,9.872600000000002,UNCERTIFIED,2468.44,71184.47312300002,28.845900000000018,0.5936457499418621,22,60,2468.44,2467.14,1788988980,2026-09-09T21:23:00+00:00,2467.14,research_batch_v2,B-ETH_USDT,48.5911,245
82.16299999999997,5.5367999999999995,UNCERTIFIED,2469.34,189161.16720800006,76.62619999999995,0.8737328933475329,24,60,2469.34,2468.43,1788989040,2026-09-09T21:24:00+00:00,2468.43,research_batch_v2,B-ETH_USDT,87.69979999999998,130
68.8977,100.16009999999999,UNCERTIFIED,2470.64,-77146.11091199996,-31.26240000000001,-0.1849213700876269,25,60,2470.64,2468.75,1788989100,2026-09-09T21:25:00+00:00,2468.76,research_batch_v2,B-ETH_USDT,169.0578,315
30.670800000000003,57.05609999999998,UNCERTIFIED,2470.78,-65193.712226,-26.385299999999983,-0.3007663555876246,24,59,2471.03,2470.46,1788989160,2026-09-09T21:26:00+00:00,2470.64,research_batch_v2,B-ETH_USDT,87.7269,190
26.084000000000003,34.9969,UNCERTIFIED,2470.72,-22024.436000000005,-8.912899999999999,-0.14591959188551576,24,60,2470.99,2470.72,1788989220,2026-09-09T21:27:00+00:00,2470.79,research_batch_v2,B-ETH_USDT,61.08089999999999,73
10.4037,82.69300000000001,UNCERTIFIED,2469.85,-178585.25164599996,-72.2893,-0.7764969112761244,25,56,2470.73,2469.85,1788989280,2026-09-09T21:28:00+00:00,2470.72,research_batch_v2,B-ETH_USDT,93.09670000000003,135
48.98039999999999,8.7077,UNCERTIFIED,2470.96,99483.03588000002,40.27270000000001,0.6981110488991669,24,60,2470.97,2469.85,1788989340,2026-09-09T21:29:00+00:00,2469.85,research_batch_v2,B-ETH_USDT,57.68809999999997,175
3.9242999999999992,71.47200000000002,UNCERTIFIED,2469.55,-166859.46120299998,-67.54770000000002,-0.8959020535490468,25,59,2470.97,2469.55,1788989400,2026-09-09T21:30:00+00:00,2470.97,research_batch_v2,B-ETH_USDT,75.39630000000002,211
19.128500000000003,16.6063,UNCERTIFIED,2469.75,6229.719424000001,2.5222000000000033,0.07058105824014695,25,59,2469.87,2469.46,1788989460,2026-09-09T21:31:00+00:00,2469.55,research_batch_v2,B-ETH_USDT,35.7348,104
2.3437000000000006,38.91580000000001,UNCERTIFIED,2469.35,-90314.78975700002,-36.572100000000006,-0.8863922248209503,25,60,2469.62,2469.34,1788989520,2026-09-09T21:32:00+00:00,2469.62,research_batch_v2,B-ETH_USDT,41.25950000000001,95
2.402,70.32520000000001,UNCERTIFIED,2467.48,-167656.23865700007,-67.92320000000001,-0.9339449339449342,24,60,2469.34,2467.48,1788989580,2026-09-09T21:33:00+00:00,2469.34,research_batch_v2,B-ETH_USDT,72.7272,256
1.6654,61.2647,UNCERTIFIED,2466.25,-147023.94425600005,-59.5993,-0.9470714332251179,26,60,2467.49,2466.25,1788989640,2026-09-09T21:34:00+00:00,2467.49,research_batch_v2,B-ETH_USDT,62.93010000000001,206
25.899600000000007,66.46830000000001,UNCERTIFIED,2465.51,-100032.37420799998,-40.56869999999998,-0.4392077767276291,24,60,2466.26,2465.28,1788989700,2026-09-09T21:35:00+00:00,2466.03,research_batch_v2,B-ETH_USDT,92.3679,354
126.92720000000003,123.5978,UNCERTIFIED,2464.86,8146.385434000062,3.3294000000000477,0.01328969164754036,26,60,2464.86,2463.75,1788989760,2026-09-09T21:36:00+00:00,2464.85,research_batch_v2,B-ETH_USDT,250.52499999999995,572
112.93190000000001,81.7725,UNCERTIFIED,2466.11,76780.78551600006,31.1594,0.16003439059415195,24,60,2466.11,2464.35,1788989820,2026-09-09T21:37:00+00:00,2464.85,research_batch_v2,B-ETH_USDT,194.70440000000002,322
43.348,93.35379999999999,UNCERTIFIED,2465.61,-123318.49758,-50.005800000000015,-0.3658020596656373,27,59,2466.55,2465.35,1788989880,2026-09-09T21:38:00+00:00,2466.01,research_batch_v2,B-ETH_USDT,136.7018,273
20.826300000000003,32.0033,UNCERTIFIED,2466.0,-27554.758765,-11.177000000000005,-0.21156700031800363,25,60,2466.0,2465.6,1788989940,2026-09-09T21:39:00+00:00,2465.61,research_batch_v2,B-ETH_USDT,52.8296,79
21.8826,40.55790000000001,UNCERTIFIED,2465.74,-46058.124703,-18.675299999999996,-0.29908953323564025,24,60,2466.62,2465.73,1788990000,2026-09-09T21:40:00+00:00,2465.99,research_batch_v2,B-ETH_USDT,62.4405,210
81.13329999999999,43.2802,UNCERTIFIED,2466.24,93340.42072300002,37.853099999999976,0.3042523520357515,24,59,2466.63,2465.24,1788990060,2026-09-09T21:41:00+00:00,2465.74,research_batch_v2,B-ETH_USDT,124.41350000000003,374
17.280600000000003,8.932599999999999,UNCERTIFIED,2466.42,20589.956760999983,8.347999999999999,0.31846550592831085,25,60,2466.42,2466.23,1788990120,2026-09-09T21:42:00+00:00,2466.23,research_batch_v2,B-ETH_USDT,26.213200000000004,69
47.373000000000005,156.018,UNCERTIFIED,2465.59,-267944.5875939999,-108.64499999999995,-0.5341681785329733,24,60,2467.14,2465.59,1788990180,2026-09-09T21:43:00+00:00,2466.42,research_batch_v2,B-ETH_USDT,203.391,514
5.2224,52.51689999999999,UNCERTIFIED,2464.7,-116598.50294699999,-47.29449999999998,-0.8191041457031866,24,59,2465.59,2464.7,1788990240,2026-09-09T21:44:00+00:00,2465.58,research_batch_v2,B-ETH_USDT,57.73929999999997,201
21.1662,81.52360000000002,UNCERTIFIED,2464.03,-148753.89710000006,-60.357399999999956,-0.5877643154432081,23,59,2464.7,2463.75,1788990300,2026-09-09T21:45:00+00:00,2464.7,research_batch_v2,B-ETH_USDT,102.6898,352
34.37470000000001,78.759,UNCERTIFIED,2464.4,-109385.33375100003,-44.38430000000001,-0.39231723173554844,25,59,2465.12,2463.76,1788990360,2026-09-09T21:46:00+00:00,2463.78,research_batch_v2,B-ETH_USDT,113.13369999999999,609
76.23529999999997,73.3015,UNCERTIFIED,2463.45,7247.02518400002,2.933799999999989,0.019619250913487447,25,58,2464.74,2463.45,1788990420,2026-09-09T21:47:00+00:00,2464.31,research_batch_v2,B-ETH_USDT,149.53679999999997,436
117.49779999999997,502.03159999999997,UNCERTIFIED,2459.18,-946148.964514,-384.5338,-0.6206869278520115,23,60,2463.44,2458.87,1788990480,2026-09-09T21:48:00+00:00,2463.44,research_batch_v2,B-ETH_USDT,619.5294,2117
41.73249999999998,162.96699999999996,UNCERTIFIED,2458.01,-298084.374294,-121.23449999999994,-0.5922559654517963,24,60,2459.1,2458.0,1788990540,2026-09-09T21:49:00+00:00,2458.0,research_batch_v2,B-ETH_USDT,204.69949999999994,1027
85.68720000000003,208.21409999999997,UNCERTIFIED,2457.14,-301117.38615399995,-122.5269,-0.4168981219205223,24,60,2458.1,2456.57,1788990600,2026-09-09T21:50:00+00:00,2458.0,research_batch_v2,B-ETH_USDT,293.9013,895
105.55750000000002,167.89089999999996,UNCERTIFIED,2458.88,-153408.730522,-62.33339999999998,-0.2279530617110943,24,60,2460.0,2457.14,1788990660,2026-09-09T21:51:00+00:00,2457.14,research_batch_v2,B-ETH_USDT,273.44839999999994,629
22.897600000000004,80.07039999999998,UNCERTIFIED,2458.01,-140534.233953,-57.172799999999995,-0.5552482324605703,24,60,2458.89,2457.09,1788990720,2026-09-09T21:52:00+00:00,2458.89,research_batch_v2,B-ETH_USDT,102.96799999999998,432
45.96260000000001,6.761200000000001,UNCERTIFIED,2460.1,96399.07693200003,39.2014,0.7435237976018417,25,60,2460.11,2458.0,1788990780,2026-09-09T21:53:00+00:00,2458.0,research_batch_v2,B-ETH_USDT,52.72380000000002,236
25.902299999999997,100.52939999999998,UNCERTIFIED,2460.27,-183593.40951900012,-74.62709999999998,-0.590256241116745,24,60,2460.27,2459.05,1788990840,2026-09-09T21:54:00+00:00,2460.11,research_batch_v2,B-ETH_USDT,126.43170000000002,286
31.2556,139.9585,UNCERTIFIED,2459.56,-267344.52977300005,-108.70290000000001,-0.6348945559974323,24,60,2460.27,2458.59,1788990900,2026-09-09T21:55:00+00:00,2460.27,research_batch_v2,B-ETH_USDT,171.21410000000006,406
27.335100000000004,75.04069999999999,UNCERTIFIED,2460.3,-117359.00440800004,-47.7056,-0.4659851253909616,24,60,2460.31,2459.56,1788990960,2026-09-09T21:56:00+00:00,2459.56,research_batch_v2,B-ETH_USDT,102.37579999999998,170
22.54820000000001,74.9654,UNCERTIFIED,2459.29,-128951.72530100003,-52.417199999999994,-0.5375373281265382,24,60,2461.05,2459.29,1788991020,2026-09-09T21:57:00+00:00,2460.31,research_batch_v2,B-ETH_USDT,97.5136,386
91.8609,157.5123,UNCERTIFIED,2460.53,-161427.7668669999,-65.6514,-0.26326565966190435,24,60,2460.54,2458.44,1788991080,2026-09-09T21:58:00+00:00,2459.28,research_batch_v2,B-ETH_USDT,249.37319999999997,417
82.5772,88.0534,UNCERTIFIED,2461.89,-13466.250199999995,-5.476199999999999,-0.03209389171696049,24,59,2461.89,2460.53,1788991140,2026-09-09T21:59:00+00:00,2460.53,research_batch_v2,B-ETH_USDT,170.63060000000002,209
117.43889999999999,171.32689999999994,UNCERTIFIED,2462.1,-132743.57319100018,-53.88800000000004,-0.18661489691646327,24,60,2463.46,2461.22,1788991200,2026-09-09T22:00:00+00:00,2462.46,research_batch_v2,B-ETH_USDT,288.76579999999996,901
36.26289999999999,83.82880000000003,UNCERTIFIED,2462.19,-117138.21769200008,-47.56590000000003,-0.3960798289973415,24,60,2463.09,2461.69,1788991260,2026-09-09T22:01:00+00:00,2462.1,research_batch_v2,B-ETH_USDT,120.09169999999997,525
102.19999999999999,253.591,UNCERTIFIED,2459.12,-372431.2505699999,-151.391,-0.42550542312762274,23,60,2462.36,2458.6,1788991320,2026-09-09T22:02:00+00:00,2462.23,research_batch_v2,B-ETH_USDT,355.79099999999994,1287
181.502,325.50870000000003,UNCERTIFIED,2458.2,-353949.3580690001,-144.00669999999997,-0.2840308892889241,25,60,2460.08,2456.2,1788991380,2026-09-09T22:03:00+00:00,2459.33,research_batch_v2,B-ETH_USDT,507.01070000000016,1123
27.180900000000005,11.8158,UNCERTIFIED,2459.7,37784.687832999996,15.365100000000005,0.39401026240681913,23,60,2459.71,2458.2,1788991440,2026-09-09T22:04:00+00:00,2458.2,research_batch_v2,B-ETH_USDT,38.996700000000004,234
26.263,172.84760000000003,UNCERTIFIED,2456.06,-360320.4343639999,-146.5846,-0.7361968674696375,23,60,2459.7,2456.06,1788991500,2026-09-09T22:05:00+00:00,2459.7,research_batch_v2,B-ETH_USDT,199.11059999999998,729
86.4437,241.48549999999997,UNCERTIFIED,2455.67,-380736.44552000007,-155.0418,-0.47279046818642556,26,60,2456.48,2455.0,1788991560,2026-09-09T22:06:00+00:00,2455.68,research_batch_v2,B-ETH_USDT,327.92920000000004,774
134.79690000000002,324.61229999999995,UNCERTIFIED,2454.41,-465961.3128069996,-189.81539999999995,-0.41317283154103135,23,60,2456.42,2453.33,1788991620,2026-09-09T22:07:00+00:00,2455.67,research_batch_v2,B-ETH_USDT,459.40919999999994,1096
656.7772000000001,3854.6932999999976,UNCERTIFIED,2446.14,-7834025.133511998,-3197.916099999999,-0.7088411860390088,25,60,2453.7,2446.01,1788991680,2026-09-09T22:08:00+00:00,2453.7,research_batch_v2,B-ETH_USDT,4511.4704999999985,4656
502.3364,1376.4739999999993,UNCERTIFIED,2451.0,-2137540.8573779995,-874.1376000000004,-0.4652612099656253,22,60,2451.0,2444.16,1788991740,2026-09-09T22:09:00+00:00,2446.0,research_batch_v2,B-ETH_USDT,1878.8103999999998,2830
185.96880000000007,267.15650000000005,UNCERTIFIED,2452.31,-199317.931205,-81.1877,-0.1791727365477055,23,60,2454.27,2450.99,1788991800,2026-09-09T22:10:00+00:00,2450.99,research_batch_v2,B-ETH_USDT,453.1253,886
311.5756999999999,265.12379999999985,UNCERTIFIED,2453.71,113756.85771699999,46.451900000000116,0.08054784164023052,23,60,2454.58,2452.32,1788991860,2026-09-09T22:11:00+00:00,2452.32,research_batch_v2,B-ETH_USDT,576.6995,984
1127.3746,2858.9306,UNCERTIFIED,2450.0,-4247438.392990994,-1731.556,-0.4343761737059164,24,60,2455.3,2449.99,1788991920,2026-09-09T22:12:00+00:00,2453.71,research_batch_v2,B-ETH_USDT,3986.3052000000052,1844
1294.9849999999956,444.62649999999996,UNCERTIFIED,2449.23,2083301.3378700009,850.3584999999958,0.488820923522291,24,60,2451.13,2449.23,1788991980,2026-09-09T22:13:00+00:00,2450.0,research_batch_v2,B-ETH_USDT,1739.6114999999957,1376
57.213,309.7743999999999,UNCERTIFIED,2447.58,-618355.5199079998,-252.56139999999996,-0.6882018292726126,24,60,2449.24,2447.58,1788992040,2026-09-09T22:14:00+00:00,2449.24,research_batch_v2,B-ETH_USDT,366.9873999999999,910
112.8199,350.4001,UNCERTIFIED,2445.53,-581312.5993189999,-237.58020000000008,-0.5128884763179483,22,60,2448.47,2445.53,1788992100,2026-09-09T22:15:00+00:00,2447.37,research_batch_v2,B-ETH_USDT,463.2200000000001,1221
193.9858,648.9507,UNCERTIFIED,2447.4,-1111836.6790109996,-454.9649000000002,-0.5397380466974684,24,60,2447.4,2443.44,1788992160,2026-09-09T22:16:00+00:00,2445.52,research_batch_v2,B-ETH_USDT,842.9364999999993,1764
256.8132999999999,277.72219999999993,UNCERTIFIED,2445.71,-50818.50012699983,-20.908900000000042,-0.0391160175516875,24,60,2448.8,2444.44,1788992220,2026-09-09T22:17:00+00:00,2447.4,research_batch_v2,B-ETH_USDT,534.5354999999997,1284
138.8681,74.28850000000001,UNCERTIFIED,2449.35,158020.0657399999,64.57960000000001,0.30296786494061184,23,60,2450.18,2445.85,1788992280,2026-09-09T22:18:00+00:00,2445.85,research_batch_v2,B-ETH_USDT,213.15659999999997,749
71.82430000000004,66.90199999999999,UNCERTIFIED,2450.96,12082.48230799994,4.922300000000013,0.03548209676175328,23,60,2450.96,2448.46,1788992340,2026-09-09T22:19:00+00:00,2449.53,research_batch_v2,B-ETH_USDT,138.72629999999995,565
87.34100000000001,33.453,UNCERTIFIED,2453.01,132130.36189200002,53.888000000000005,0.44611487325529414,25,60,2453.01,2451.09,1788992400,2026-09-09T22:20:00+00:00,2451.09,research_batch_v2,B-ETH_USDT,120.79400000000001,373
66.19959999999999,22.688000000000006,UNCERTIFIED,2453.76,106751.10164300002,43.511599999999994,0.4895125979326698,24,60,2453.76,2453.02,1788992460,2026-09-09T22:21:00+00:00,2453.02,research_batch_v2,B-ETH_USDT,88.88760000000002,309
36.7725,101.00209999999993,UNCERTIFIED,2452.65,-157579.32992,-64.22959999999999,-0.4661933331688137,23,60,2453.77,2452.29,1788992520,2026-09-09T22:22:00+00:00,2453.77,research_batch_v2,B-ETH_USDT,137.7745999999999,667
37.66430000000001,43.791500000000006,UNCERTIFIED,2453.66,-15034.279393999994,-6.127200000000011,-0.07522116288833956,23,60,2454.05,2452.64,1788992580,2026-09-09T22:23:00+00:00,2452.64,research_batch_v2,B-ETH_USDT,81.45580000000001,293
101.1003,92.15980000000002,UNCERTIFIED,2455.18,21937.663317000002,8.940500000000004,0.0462614890502489,23,60,2455.18,2453.66,1788992640,2026-09-09T22:24:00+00:00,2453.67,research_batch_v2,B-ETH_USDT,193.26009999999994,369
28.40150000000002,56.15050000000001,UNCERTIFIED,2454.25,-68122.84314299995,-27.749000000000002,-0.328188570347242,25,60,2455.76,2454.24,1788992700,2026-09-09T22:25:00+00:00,2455.18,research_batch_v2,B-ETH_USDT,84.55199999999998,354
37.91800000000001,59.87240000000001,UNCERTIFIED,2455.25,-53917.663988000015,-21.954400000000003,-0.22450465485364618,24,60,2456.0,2454.25,1788992760,2026-09-09T22:26:00+00:00,2454.25,research_batch_v2,B-ETH_USDT,97.7904,337
177.9182999999998,112.09389999999998,UNCERTIFIED,2455.15,161592.5883350001,65.82439999999984,0.2269711412140589,23,60,2455.44,2454.61,1788992820,2026-09-09T22:27:00+00:00,2455.03,research_batch_v2,B-ETH_USDT,290.0121999999998,461
19.935799999999997,76.0646,UNCERTIFIED,2454.91,-137794.131215,-56.1288,-0.5846725638643171,24,60,2455.29,2454.61,1788992880,2026-09-09T22:28:00+00:00,2455.16,research_batch_v2,B-ETH_USDT,96.00040000000001,289
49.58560000000001,114.57459999999999,UNCERTIFIED,2455.09,-159570.64884799995,-64.989,-0.395887675575444,25,60,2455.31,2454.56,1788992940,2026-09-09T22:29:00+00:00,2454.77,research_batch_v2,B-ETH_USDT,164.1602,269
48.021000000000015,91.1363,UNCERTIFIED,2453.14,-105835.66777500001,-43.11530000000001,-0.3098313922446038,24,60,2455.1,2452.9,1788993000,2026-09-09T22:30:00+00:00,2455.1,research_batch_v2,B-ETH_USDT,139.15730000000002,562
38.61919999999999,70.89150000000002,UNCERTIFIED,2453.17,-79175.40763,-32.272300000000044,-0.2946954041933807,24,60,2453.99,2452.78,1788993060,2026-09-09T22:31:00+00:00,2453.14,research_batch_v2,B-ETH_USDT,109.51069999999997,415
13.342100000000002,63.09380000000001,UNCERTIFIED,2453.13,-122058.43298600003,-49.751700000000014,-0.6508944095640924,23,60,2453.66,2452.56,1788993120,2026-09-09T22:32:00+00:00,2452.65,research_batch_v2,B-ETH_USDT,76.4359,295
23.033600000000007,94.6545,UNCERTIFIED,2452.06,-175665.11388000005,-71.62089999999998,-0.6085653519769627,24,60,2453.32,2452.0,1788993180,2026-09-09T22:33:00+00:00,2453.13,research_batch_v2,B-ETH_USDT,117.68809999999998,393
141.6479,49.2695,UNCERTIFIED,2453.74,226620.55137399994,92.3784,0.4838657974600534,23,60,2453.84,2452.06,1788993240,2026-09-09T22:34:00+00:00,2452.06,research_batch_v2,B-ETH_USDT,190.9174,420
20.2823,76.31240000000001,UNCERTIFIED,2452.87,-137463.7743640001,-56.03010000000001,-0.580053564015417,24,60,2453.94,2452.63,1788993300,2026-09-09T22:35:00+00:00,2453.73,research_batch_v2,B-ETH_USDT,96.59470000000002,355
42.348,83.39809999999999,UNCERTIFIED,2453.43,-100674.14357800003,-41.050099999999986,-0.3264522716807916,24,60,2453.43,2452.36,1788993360,2026-09-09T22:36:00+00:00,2452.86,research_batch_v2,B-ETH_USDT,125.7461,341
75.96080000000002,28.682700000000004,UNCERTIFIED,2455.14,116058.600009,47.27809999999999,0.45180159302775613,24,60,2455.14,2453.43,1788993420,2026-09-09T22:37:00+00:00,2453.43,research_batch_v2,B-ETH_USDT,104.64349999999997,396
55.355700000000006,67.9858,UNCERTIFIED,2455.59,-31017.783968000018,-12.630099999999985,-0.1023994357130405,25,60,2455.66,2455.33,1788993480,2026-09-09T22:38:00+00:00,2455.33,research_batch_v2,B-ETH_USDT,123.3415,167
55.4179,45.27030000000001,UNCERTIFIED,2455.6,24915.460316000044,10.147600000000002,0.10078241541709951,23,60,2456.58,2455.59,1788993540,2026-09-09T22:39:00+00:00,2455.59,research_batch_v2,B-ETH_USDT,100.68820000000004,279
118.7739,99.37050000000002,UNCERTIFIED,2457.31,47666.175708999945,19.403399999999994,0.08894750449702121,23,60,2457.48,2455.81,1788993600,2026-09-09T22:40:00+00:00,2455.93,research_batch_v2,B-ETH_USDT,218.1444,520
164.14300000000003,156.06900000000002,UNCERTIFIED,2456.02,19856.05911899996,8.073999999999982,0.025214545363696494,24,60,2457.51,2456.01,1788993660,2026-09-09T22:41:00+00:00,2457.31,research_batch_v2,B-ETH_USDT,320.212,412
17.692600000000002,87.0139,UNCERTIFIED,2455.95,-170228.98669100003,-69.32130000000001,-0.6620534541790625,24,60,2456.18,2455.61,1788993720,2026-09-09T22:42:00+00:00,2456.18,research_batch_v2,B-ETH_USDT,104.7065,193
49.1807,27.050400000000003,UNCERTIFIED,2455.81,54343.64182000002,22.1303,0.2903054002893831,25,59,2455.94,2455.34,1788993780,2026-09-09T22:43:00+00:00,2455.94,research_batch_v2,B-ETH_USDT,76.23110000000001,185
76.00230000000002,33.0745,UNCERTIFIED,2457.39,105455.70706900001,42.9278,0.39355573320816145,24,60,2457.39,2454.77,1788993840,2026-09-09T22:44:00+00:00,2455.81,research_batch_v2,B-ETH_USDT,109.07680000000003,489
14.327,60.98170000000001,UNCERTIFIED,2456.41,-114634.25360899999,-46.65470000000002,-0.6195127521786993,25,60,2457.39,2456.41,1788993900,2026-09-09T22:45:00+00:00,2457.39,research_batch_v2,B-ETH_USDT,75.30870000000002,333
49.853100000000005,111.50689999999999,UNCERTIFIED,2455.05,-151413.58873100003,-61.65379999999998,-0.38208849776896375,23,60,2456.58,2455.01,1788993960,2026-09-09T22:46:00+00:00,2456.0,research_batch_v2,B-ETH_USDT,161.35999999999999,562
16.619699999999998,92.3659,UNCERTIFIED,2454.95,-185960.057441,-75.7462,-0.69501108403312,24,60,2455.32,2454.51,1788994020,2026-09-09T22:47:00+00:00,2455.32,research_batch_v2,B-ETH_USDT,108.9856,316
16.957099999999997,55.0556,UNCERTIFIED,2454.85,-93543.38862099999,-38.0985,-0.5290525143481636,24,60,2455.39,2454.84,1788994080,2026-09-09T22:48:00+00:00,2455.38,research_batch_v2,B-ETH_USDT,72.01270000000001,232
7.201000000000001,183.95939999999993,UNCERTIFIED,2453.04,-433770.45024099987,-176.75839999999997,-0.9246601283529434,24,60,2454.85,2453.04,1788994140,2026-09-09T22:49:00+00:00,2454.84,research_batch_v2,B-ETH_USDT,191.16039999999995,314
34.0891,51.391600000000004,UNCERTIFIED,2454.0,-42486.63877599999,-17.302499999999995,-0.20241411219140687,23,60,2455.02,2453.05,1788994200,2026-09-09T22:50:00+00:00,2453.05,research_batch_v2,B-ETH_USDT,85.48070000000001,444
47.1517,48.879700000000035,UNCERTIFIED,2453.56,-4239.708340000052,-1.728000000000036,-0.01799411442507384,23,60,2454.0,2453.42,1788994260,2026-09-09T22:51:00+00:00,2454.0,research_batch_v2,B-ETH_USDT,96.0314,345
13.625899999999998,51.8583,UNCERTIFIED,2452.71,-93787.75591299999,-38.232400000000005,-0.5838415984313775,23,60,2453.56,2452.71,1788994320,2026-09-09T22:52:00+00:00,2453.56,research_batch_v2,B-ETH_USDT,65.48419999999999,163
85.44699999999999,49.06739999999999,UNCERTIFIED,2452.61,89224.503598,36.379599999999996,0.2704513420124536,24,60,2453.32,2452.51,1788994380,2026-09-09T22:53:00+00:00,2452.71,research_batch_v2,B-ETH_USDT,134.51440000000005,273
16.3122,26.43310000000001,UNCERTIFIED,2452.66,-24820.073504999982,-10.120900000000013,-0.23677222992937266,24,60,2452.67,2452.14,1788994440,2026-09-09T22:54:00+00:00,2452.42,research_batch_v2,B-ETH_USDT,42.7453,169
85.70630000000003,420.92510000000044,UNCERTIFIED,2451.62,-822231.4018890001,-335.21880000000044,-0.6616621077967142,24,60,2453.06,2451.61,1788994500,2026-09-09T22:55:00+00:00,2453.06,research_batch_v2,B-ETH_USDT,506.6314000000003,681
30.253899999999994,91.6899,UNCERTIFIED,2451.16,-150584.43631200003,-61.435999999999986,-0.503805851548008,23,60,2451.62,2450.0,1788994560,2026-09-09T22:56:00+00:00,2451.62,research_batch_v2,B-ETH_USDT,121.94380000000001,471
3.0310000000000006,14.998700000000001,UNCERTIFIED,2451.29,-29338.37263900001,-11.9677,-0.6637769901884117,25,60,2451.51,2451.17,1788994620,2026-09-09T22:57:00+00:00,2451.17,research_batch_v2,B-ETH_USDT,18.02969999999999,118
18.6003,55.83999999999997,UNCERTIFIED,2450.13,-91269.08109499997,-37.239699999999985,-0.5002626265611503,24,60,2451.3,2450.13,1788994680,2026-09-09T22:58:00+00:00,2451.3,research_batch_v2,B-ETH_USDT,74.44029999999998,299
45.270200000000024,45.7257,UNCERTIFIED,2450.37,-1112.8849630000168,-0.4554999999999769,-0.00500572003793552,23,60,2450.84,2450.13,1788994740,2026-09-09T22:59:00+00:00,2450.13,research_batch_v2,B-ETH_USDT,90.99590000000002,287
55.449000000000005,69.14949999999999,UNCERTIFIED,2452.34,-33622.84599799999,-13.700499999999991,-0.10995718247009383,24,60,2453.07,2450.12,1788994800,2026-09-09T23:00:00+00:00,2450.13,research_batch_v2,B-ETH_USDT,124.59850000000004,541
37.27479999999999,45.43320000000002,UNCERTIFIED,2453.21,-20003.704851000002,-8.158400000000002,-0.09864100207960537,22,55,2453.21,2451.52,1788994860,2026-09-09T23:01:00+00:00,2452.35,research_batch_v2,B-ETH_USDT,82.70800000000001,398
28.853300000000004,11.0339,UNCERTIFIED,2454.79,43724.51064400001,17.819399999999998,0.44674482039350955,22,56,2454.79,2453.25,1788994920,2026-09-09T23:02:00+00:00,2453.29,research_batch_v2,B-ETH_USDT,39.88720000000001,246
38.857699999999994,126.3783,UNCERTIFIED,2456.1,-214978.08530200005,-87.52060000000002,-0.5296702897673632,24,60,2456.15,2454.78,1788994980,2026-09-09T23:03:00+00:00,2454.79,research_batch_v2,B-ETH_USDT,165.236,206
103.01299999999999,85.28170000000001,UNCERTIFIED,2457.49,43504.124491000024,17.731299999999983,0.09416781247693103,25,60,2457.51,2456.14,1788995040,2026-09-09T23:04:00+00:00,2456.14,research_batch_v2,B-ETH_USDT,188.29469999999998,404
34.83829999999998,161.5906,UNCERTIFIED,2457.91,-311555.946034,-126.75230000000002,-0.6452833569805666,24,60,2458.04,2457.5,1788995100,2026-09-09T23:05:00+00:00,2457.5,research_batch_v2,B-ETH_USDT,196.4289,248
43.9408,62.03940000000001,UNCERTIFIED,2458.89,-44487.09153100006,-18.098599999999998,-0.17077340861783616,23,59,2458.89,2457.82,1788995160,2026-09-09T23:06:00+00:00,2458.01,research_batch_v2,B-ETH_USDT,105.98019999999998,305
25.906500000000005,81.03089999999997,UNCERTIFIED,2456.94,-135509.67135900003,-55.124399999999966,-0.5154828899898444,24,60,2458.91,2456.94,1788995220,2026-09-09T23:07:00+00:00,2458.9,research_batch_v2,B-ETH_USDT,106.93739999999995,423
30.744100000000003,20.6477,UNCERTIFIED,2458.05,24804.903421000006,10.0964,0.19645935732937939,24,60,2458.06,2456.25,1788995280,2026-09-09T23:08:00+00:00,2456.78,research_batch_v2,B-ETH_USDT,51.391799999999996,339
87.7694,17.151999999999994,UNCERTIFIED,2459.68,173654.50538099997,70.61740000000003,0.6730504930357395,24,59,2459.71,2457.87,1788995340,2026-09-09T23:09:00+00:00,2457.92,research_batch_v2,B-ETH_USDT,104.92139999999999,350
185.49980000000005,89.44980000000001,UNCERTIFIED,2460.02,236309.25549700012,96.04999999999994,0.3493367511718509,23,60,2461.44,2459.46,1788995400,2026-09-09T23:10:00+00:00,2459.69,research_batch_v2,B-ETH_USDT,274.9496,689
27.236600000000003,40.85649999999999,UNCERTIFIED,2460.02,-33505.813994000004,-13.619899999999992,-0.20001879779302148,24,60,2460.72,2459.8,1788995460,2026-09-09T23:11:00+00:00,2459.8,research_batch_v2,B-ETH_USDT,68.0931,300
69.7625,19.482,UNCERTIFIED,2460.48,123712.97816299998,50.280499999999996,0.5634016662091221,24,60,2460.61,2460.02,1788995520,2026-09-09T23:12:00+00:00,2460.03,research_batch_v2,B-ETH_USDT,89.24449999999999,155
60.589499999999994,40.04579999999999,UNCERTIFIED,2460.71,50528.75037199999,20.5437,0.20414009795767493,24,60,2460.71,2459.74,1788995580,2026-09-09T23:13:00+00:00,2460.47,research_batch_v2,B-ETH_USDT,100.63529999999999,261
21.879300000000008,22.697399999999995,UNCERTIFIED,2460.6,-2013.3024830000022,-0.8181000000000025,-0.018352637140030607,25,60,2461.0,2460.6,1788995640,2026-09-09T23:14:00+00:00,2460.71,research_batch_v2,B-ETH_USDT,44.57670000000001,159
16.578100000000003,53.81100000000001,UNCERTIFIED,2459.53,-91591.95420300002,-37.2329,-0.5289583188306144,23,60,2460.01,2459.52,1788995700,2026-09-09T23:15:00+00:00,2460.0,research_batch_v2,B-ETH_USDT,70.3891,212
99.43359999999997,41.98130000000001,UNCERTIFIED,2459.49,141279.4938,57.452299999999994,0.4062676563785005,24,60,2459.52,2458.89,1788995760,2026-09-09T23:16:00+00:00,2459.52,research_batch_v2,B-ETH_USDT,141.41489999999996,240
42.9776,73.31429999999997,UNCERTIFIED,2460.69,-74655.91583699995,-30.336699999999986,-0.2608668359533207,23,60,2460.7,2459.49,1788995820,2026-09-09T23:17:00+00:00,2459.49,research_batch_v2,B-ETH_USDT,116.29190000000003,448
26.5911,13.578600000000002,UNCERTIFIED,2461.22,32022.36758799999,13.012499999999994,0.3239381922195085,23,60,2461.55,2460.69,1788995880,2026-09-09T23:18:00+00:00,2460.69,research_batch_v2,B-ETH_USDT,40.16970000000001,191
91.63860000000005,48.6489,UNCERTIFIED,2461.98,105795.47151499991,42.98970000000004,0.3064399893076719,25,60,2462.27,2461.21,1788995940,2026-09-09T23:19:00+00:00,2461.21,research_batch_v2,B-ETH_USDT,140.28750000000005,330
17.441599999999998,21.256500000000003,UNCERTIFIED,2461.18,-9394.499094999985,-3.8149000000000033,-0.09858106728754136,24,60,2461.98,2461.16,1788996000,2026-09-09T23:20:00+00:00,2461.98,research_batch_v2,B-ETH_USDT,38.69809999999999,147
19.103200000000005,7.2918,UNCERTIFIED,2461.44,29072.314176,11.811399999999995,0.4474862663383214,24,59,2461.55,2461.18,1788996060,2026-09-09T23:21:00+00:00,2461.18,research_batch_v2,B-ETH_USDT,26.395000000000007,129
89.5676,54.94220000000001,UNCERTIFIED,2460.17,85203.51244500001,34.62539999999999,0.23960589524032277,24,60,2461.86,2460.17,1788996120,2026-09-09T23:22:00+00:00,2461.44,research_batch_v2,B-ETH_USDT,144.50979999999998,383
117.7066,68.77970000000002,UNCERTIFIED,2460.25,120382.76664299998,48.92689999999999,0.26236190004305937,23,60,2460.6,2459.47,1788996180,2026-09-09T23:23:00+00:00,2460.17,research_batch_v2,B-ETH_USDT,186.48630000000003,313
75.5279,27.084699999999998,UNCERTIFIED,2460.61,119200.93503799994,48.4432,0.47209796847560626,24,60,2461.15,2460.24,1788996240,2026-09-09T23:24:00+00:00,2460.25,research_batch_v2,B-ETH_USDT,102.6126,254
14.571899999999998,8.3385,UNCERTIFIED,2461.1,15339.536176000005,6.2334000000000005,0.2720773098680076,25,60,2461.1,2460.61,1788996300,2026-09-09T23:25:00+00:00,2460.86,research_batch_v2,B-ETH_USDT,22.9104,163
11.872699999999998,10.0285,UNCERTIFIED,2461.09,4538.638765999997,1.8441999999999978,0.08420543166584471,24,60,2461.09,2460.81,1788996360,2026-09-09T23:26:00+00:00,2460.95,research_batch_v2,B-ETH_USDT,21.901199999999996,107
40.0739,11.2817,UNCERTIFIED,2460.82,70844.262402,28.7922,0.5606438246267205,24,60,2461.15,2460.61,1788996420,2026-09-09T23:27:00+00:00,2461.14,research_batch_v2,B-ETH_USDT,51.355599999999995,133
16.9125,28.6142,UNCERTIFIED,2460.89,-28790.084184999996,-11.701700000000004,-0.25702939154386334,26,60,2460.9,2460.32,1788996480,2026-09-09T23:28:00+00:00,2460.76,research_batch_v2,B-ETH_USDT,45.526700000000005,147
22.175400000000003,12.9315,UNCERTIFIED,2462.5,22757.880843999996,9.243900000000004,0.2633072131119525,25,60,2462.5,2460.9,1788996540,2026-09-09T23:29:00+00:00,2460.9,research_batch_v2,B-ETH_USDT,35.106899999999996,195
27.806400000000004,9.211,UNCERTIFIED,2462.6,45793.14438500002,18.595399999999994,0.502342141803584,24,60,2462.72,2462.59,1788996600,2026-09-09T23:30:00+00:00,2462.68,research_batch_v2,B-ETH_USDT,37.0174,96
14.846699999999998,51.155300000000004,UNCERTIFIED,2463.04,-89422.21697699999,-36.308600000000006,-0.5501136329202144,23,60,2463.04,2462.39,1788996660,2026-09-09T23:31:00+00:00,2462.59,research_batch_v2,B-ETH_USDT,66.00200000000002,138
34.2621,34.5326,UNCERTIFIED,2463.67,-671.7076980000035,-0.2705000000000062,-0.003931988946823028,23,60,2463.84,2463.07,1788996720,2026-09-09T23:32:00+00:00,2463.07,research_batch_v2,B-ETH_USDT,68.7947,196
65.73080000000002,16.1669,UNCERTIFIED,2464.64,122132.54723999999,49.563900000000004,0.6051928198227787,25,60,2464.94,2463.74,1788996780,2026-09-09T23:33:00+00:00,2463.74,research_batch_v2,B-ETH_USDT,81.89770000000003,236
143.4338,15.494999999999997,UNCERTIFIED,2466.8,315448.64862100006,127.9388,0.805007022012373,23,60,2466.8,2464.65,1788996840,2026-09-09T23:34:00+00:00,2464.65,research_batch_v2,B-ETH_USDT,158.92879999999997,459
71.9622,79.9333,UNCERTIFIED,2465.87,-19694.550537000006,-7.971100000000002,-0.05247752566731735,24,60,2467.63,2465.86,1788996900,2026-09-09T23:35:00+00:00,2466.82,research_batch_v2,B-ETH_USDT,151.89549999999997,415
20.4773,3.647299999999999,UNCERTIFIED,2466.2,41504.40373399999,16.830000000000002,0.6976281472024407,23,59,2466.21,2465.86,1788996960,2026-09-09T23:36:00+00:00,2465.86,research_batch_v2,B-ETH_USDT,24.1246,78
15.289,15.479500000000003,UNCERTIFIED,2465.71,-471.84577299999,-0.1905000000000034,-0.006191397045679945,24,60,2466.21,2465.7,1788997020,2026-09-09T23:37:00+00:00,2466.21,research_batch_v2,B-ETH_USDT,30.768500000000003,115
16.934299999999997,21.319599999999998,UNCERTIFIED,2465.4,-10814.850915999992,-4.385300000000005,-0.11463667756751615,24,60,2465.77,2465.4,1788997080,2026-09-09T23:38:00+00:00,2465.71,research_batch_v2,B-ETH_USDT,38.253899999999994,177
54.885000000000005,50.007299999999994,UNCERTIFIED,2466.92,12025.632265999928,4.877700000000014,0.046501983463037924,25,60,2466.93,2465.4,1788997140,2026-09-09T23:39:00+00:00,2465.4,research_batch_v2,B-ETH_USDT,104.89230000000002,302
19.8593,38.759299999999996,UNCERTIFIED,2466.16,-46619.44770699999,-18.900000000000006,-0.3224232581467317,23,59,2466.92,2466.08,1788997200,2026-09-09T23:40:00+00:00,2466.92,research_batch_v2,B-ETH_USDT,58.6186,240
10.5273,42.4723,UNCERTIFIED,2465.01,-78777.38192300002,-31.945000000000004,-0.6027403980407398,24,60,2466.16,2465.01,1788997260,2026-09-09T23:41:00+00:00,2466.15,research_batch_v2,B-ETH_USDT,52.99960000000002,212
51.39159999999999,4.095300000000001,UNCERTIFIED,2465.52,116591.76813099996,47.29629999999998,0.8523867795822075,24,60,2465.53,2465.02,1788997320,2026-09-09T23:42:00+00:00,2465.02,research_batch_v2,B-ETH_USDT,55.486899999999984,93
32.788900000000005,17.9461,UNCERTIFIED,2465.94,36595.326366000016,14.8428,0.2925554351039717,25,60,2465.94,2465.34,1788997380,2026-09-09T23:43:00+00:00,2465.52,research_batch_v2,B-ETH_USDT,50.73499999999999,243
14.8117,27.455600000000004,UNCERTIFIED,2465.73,-31179.992761000027,-12.643900000000011,-0.29914141665069716,23,60,2465.74,2465.57,1788997440,2026-09-09T23:44:00+00:00,2465.59,research_batch_v2,B-ETH_USDT,42.2673,117
39.9633,32.04169999999999,UNCERTIFIED,2466.01,19531.122651999995,7.921600000000019,0.11001458232067247,24,60,2466.01,2465.4,1788997500,2026-09-09T23:45:00+00:00,2465.52,research_batch_v2,B-ETH_USDT,72.00499999999998,257
20.950799999999997,62.65440000000001,UNCERTIFIED,2466.16,-102844.70681200005,-41.70360000000002,-0.498815863128131,23,60,2466.16,2465.94,1788997560,2026-09-09T23:46:00+00:00,2466.14,research_batch_v2,B-ETH_USDT,83.60520000000001,198
86.16310000000001,23.622500000000002,UNCERTIFIED,2468.0,154251.91551800002,62.54060000000001,0.5696612306167658,23,60,2468.0,2466.04,1788997620,2026-09-09T23:47:00+00:00,2466.15,research_batch_v2,B-ETH_USDT,109.78560000000002,301
17.9757,7.450999999999999,UNCERTIFIED,2468.0,25975.034110000004,10.5247,0.41392315951342484,25,60,2468.0,2467.99,1788997680,2026-09-09T23:48:00+00:00,2467.99,research_batch_v2,B-ETH_USDT,25.4267,45
23.660600000000002,13.283100000000001,UNCERTIFIED,2468.32,25613.744031999995,10.3775,0.2809003970907083,24,60,2468.32,2467.67,1788997740,2026-09-09T23:49:00+00:00,2467.71,research_batch_v2,B-ETH_USDT,36.9437,168
23.227000000000004,31.24040000000001,UNCERTIFIED,2467.53,-19784.133137999997,-8.0134,-0.1471228661548008,23,59,2468.48,2467.53,1788997800,2026-09-09T23:50:00+00:00,2468.33,research_batch_v2,B-ETH_USDT,54.46740000000002,295
82.86889999999998,10.2345,UNCERTIFIED,2468.11,179243.03673,72.63439999999999,0.7801476637802701,24,60,2468.57,2467.47,1788997860,2026-09-09T23:51:00+00:00,2467.48,research_batch_v2,B-ETH_USDT,93.10339999999998,208
41.142500000000005,7.654699999999999,UNCERTIFIED,2468.32,82653.01978699998,33.48780000000001,0.6862647856844246,23,60,2468.59,2468.1,1788997920,2026-09-09T23:52:00+00:00,2468.1,research_batch_v2,B-ETH_USDT,48.797200000000004,124
25.407400000000006,30.647199999999998,UNCERTIFIED,2468.77,-12939.188178999992,-5.23979999999999,-0.0934767173434471,25,60,2468.91,2468.32,1788997980,2026-09-09T23:53:00+00:00,2468.32,research_batch_v2,B-ETH_USDT,56.0546,185
85.8066,27.548700000000004,UNCERTIFIED,2468.16,143790.241239,58.2579,0.5139406803210789,24,60,2468.82,2468.16,1788998040,2026-09-09T23:54:00+00:00,2468.48,research_batch_v2,B-ETH_USDT,113.35530000000001,179
37.0703,88.32170000000004,UNCERTIFIED,2466.98,-126478.508917,-51.2514,-0.4087294245246904,24,60,2468.01,2466.54,1788998100,2026-09-09T23:55:00+00:00,2467.8,research_batch_v2,B-ETH_USDT,125.39200000000004,353
83.2451,9.445999999999998,UNCERTIFIED,2467.35,182070.54800699995,73.79909999999998,0.7961832365782691,24,60,2467.69,2466.98,1788998160,2026-09-09T23:56:00+00:00,2466.99,research_batch_v2,B-ETH_USDT,92.69109999999998,186
46.19110000000001,4.497700000000001,UNCERTIFIED,2468.14,102883.66457400001,41.69340000000001,0.8225367339530627,24,60,2468.15,2467.34,1788998220,2026-09-09T23:57:00+00:00,2467.34,research_batch_v2,B-ETH_USDT,50.68880000000001,157
8.0364,29.598600000000005,UNCERTIFIED,2467.43,-53214.08541900001,-21.562200000000004,-0.5729294539657234,23,60,2467.91,2467.43,1788998280,2026-09-09T23:58:00+00:00,2467.91,research_batch_v2,B-ETH_USDT,37.63500000000001,95
23.299500000000002,35.0216,UNCERTIFIED,2468.13,-28929.24730999999,-11.722099999999998,-0.2009924366995821,23,60,2468.53,2467.43,1788998340,2026-09-09T23:59:00+00:00,2467.44,research_batch_v2,B-ETH_USDT,58.321099999999994,199
97.8966,75.63310000000003,UNCERTIFIED,2468.73,54970.652376,22.2635,0.12829792248819658,22,60,2469.38,2467.63,1788998400,2026-09-10T00:00:00+00:00,2468.13,research_batch_v2,B-ETH_USDT,173.52969999999996,515
48.41279999999999,54.96240000000001,UNCERTIFIED,2468.71,-16176.437718000003,-6.549600000000009,-0.06335755577740125,24,60,2469.22,2468.25,1788998460,2026-09-10T00:01:00+00:00,2469.1,research_batch_v2,B-ETH_USDT,103.37519999999999,309
46.870100000000015,60.510499999999986,UNCERTIFIED,2469.61,-33685.58892399998,-13.640400000000001,-0.1270285321557153,25,60,2469.87,2468.7,1788998520,2026-09-10T00:02:00+00:00,2468.7,research_batch_v2,B-ETH_USDT,107.38059999999999,336
24.936300000000003,60.97549999999998,UNCERTIFIED,2469.51,-88982.17975300002,-36.039199999999994,-0.4194906869603477,24,60,2469.77,2468.49,1788998580,2026-09-10T00:03:00+00:00,2469.69,research_batch_v2,B-ETH_USDT,85.91179999999999,325
59.01819999999999,12.0026,UNCERTIFIED,2470.19,116129.10465700003,47.01559999999999,0.6619976119671984,24,60,2470.2,2469.3,1788998640,2026-09-10T00:04:00+00:00,2469.5,research_batch_v2,B-ETH_USDT,71.02079999999998,243
70.48959999999997,80.23499999999999,UNCERTIFIED,2469.5,-24062.37664799996,-9.745399999999988,-0.0646569969334799,23,60,2470.85,2469.48,1788998700,2026-09-10T00:05:00+00:00,2470.19,research_batch_v2,B-ETH_USDT,150.72460000000004,500
31.8019,39.8777,UNCERTIFIED,2469.81,-19945.44190199999,-8.075799999999987,-0.1126652492480425,24,60,2470.01,2468.64,1788998760,2026-09-10T00:06:00+00:00,2469.38,research_batch_v2,B-ETH_USDT,71.6796,343
24.469400000000004,40.8998,UNCERTIFIED,2469.01,-40577.39938899999,-16.430400000000002,-0.2513477295117578,25,60,2469.82,2468.77,1788998820,2026-09-10T00:07:00+00:00,2469.82,research_batch_v2,B-ETH_USDT,65.3692,320
18.302300000000002,17.822,UNCERTIFIED,2468.64,1183.3855780000063,0.4802999999999979,0.01329575936419523,26,59,2469.01,2468.37,1788998880,2026-09-10T00:08:00+00:00,2469.01,research_batch_v2,B-ETH_USDT,36.12430000000001,238
13.73,11.5171,UNCERTIFIED,2468.73,5460.626823000002,2.2128999999999994,0.08764967065524355,25,60,2468.77,2468.4,1788998940,2026-09-10T00:09:00+00:00,2468.65,research_batch_v2,B-ETH_USDT,25.2471,132
27.4475,120.95119999999999,UNCERTIFIED,2469.28,-230766.34168599983,-93.50369999999998,-0.6300843605772827,25,60,2469.28,2467.91,1788999000,2026-09-10T00:10:00+00:00,2468.74,research_batch_v2,B-ETH_USDT,148.39869999999996,391
53.7791,35.0399,UNCERTIFIED,2470.17,46287.49805200001,18.739200000000004,0.21098188450669336,26,59,2470.88,2470.02,1788999060,2026-09-10T00:11:00+00:00,2470.02,research_batch_v2,B-ETH_USDT,88.81900000000003,256
31.900100000000002,45.0254,UNCERTIFIED,2468.4,-32443.291805000048,-13.125300000000005,-0.17062352535895117,24,60,2469.3,2468.02,1788999120,2026-09-10T00:12:00+00:00,2469.3,research_batch_v2,B-ETH_USDT,76.92550000000004,292
22.7896,60.716300000000004,UNCERTIFIED,2467.7,-93617.52675600004,-37.92669999999999,-0.4541798842956006,25,60,2468.77,2466.79,1788999180,2026-09-10T00:13:00+00:00,2468.39,research_batch_v2,B-ETH_USDT,83.5059,366
73.68189999999998,64.51790000000003,UNCERTIFIED,2467.7,22583.184812000043,9.163999999999998,0.06630979205469183,23,60,2469.7,2467.69,1788999240,2026-09-10T00:14:00+00:00,2467.69,research_batch_v2,B-ETH_USDT,138.19979999999998,679
58.16299999999999,33.40800000000001,UNCERTIFIED,2468.64,61083.511989000006,24.754999999999967,0.2703366786428013,23,60,2469.56,2468.61,1788999300,2026-09-10T00:15:00+00:00,2468.61,research_batch_v2,B-ETH_USDT,91.57100000000003,428
14.5602,14.633600000000001,UNCERTIFIED,2468.09,-178.65051999999184,-0.07340000000000138,-0.0025142324740185023,25,60,2469.01,2468.09,1788999360,2026-09-10T00:16:00+00:00,2468.64,research_batch_v2,B-ETH_USDT,29.19380000000001,173
6.141799999999999,5.868700000000001,UNCERTIFIED,2467.62,673.1890970000007,0.27309999999999934,0.02273843720078259,25,60,2468.09,2467.54,1788999420,2026-09-10T00:17:00+00:00,2468.08,research_batch_v2,B-ETH_USDT,12.010500000000002,112
42.0725,20.164699999999996,UNCERTIFIED,2467.3,54073.656235,21.907800000000005,0.352004910246605,24,60,2468.79,2467.29,1788999480,2026-09-10T00:18:00+00:00,2467.83,research_batch_v2,B-ETH_USDT,62.2372,311
6.2989,9.418199999999999,UNCERTIFIED,2466.8,-7695.645595999997,-3.1193000000000013,-0.19846536574813425,24,60,2467.55,2466.8,1788999540,2026-09-10T00:19:00+00:00,2467.29,research_batch_v2,B-ETH_USDT,15.717100000000002,187
12.2989,64.0552,UNCERTIFIED,2465.73,-127648.66878,-51.756299999999996,-0.677845721447833,25,60,2467.02,2465.72,1788999600,2026-09-10T00:20:00+00:00,2467.02,research_batch_v2,B-ETH_USDT,76.35410000000002,260
26.464900000000004,32.511900000000004,UNCERTIFIED,2467.25,-14915.198528999988,-6.046999999999999,-0.1025318430298015,24,60,2467.25,2465.71,1788999660,2026-09-10T00:21:00+00:00,2465.93,research_batch_v2,B-ETH_USDT,58.97680000000001,286
15.456299999999997,32.420700000000004,UNCERTIFIED,2466.52,-41847.659251000005,-16.964400000000005,-0.35433297825678306,26,60,2467.33,2466.29,1788999720,2026-09-10T00:22:00+00:00,2467.32,research_batch_v2,B-ETH_USDT,47.87700000000001,210
151.35820000000012,86.48560000000003,UNCERTIFIED,2469.59,159991.3659259999,64.87260000000009,0.27275295803380234,24,60,2469.64,2465.33,1788999780,2026-09-10T00:23:00+00:00,2466.37,research_batch_v2,B-ETH_USDT,237.84380000000007,816
32.971700000000006,49.611900000000006,UNCERTIFIED,2468.03,-41088.57067399998,-16.640200000000004,-0.20149521212444121,24,60,2469.77,2468.03,1788999840,2026-09-10T00:24:00+00:00,2469.36,research_batch_v2,B-ETH_USDT,82.5836,317
14.328299999999999,34.2198,UNCERTIFIED,2466.81,-49075.99758499998,-19.891499999999994,-0.40972767214370887,23,60,2467.86,2466.53,1788999900,2026-09-10T00:25:00+00:00,2467.86,research_batch_v2,B-ETH_USDT,48.548100000000005,353
37.71970000000002,51.5756,UNCERTIFIED,2466.87,-34198.823819,-13.855899999999993,-0.15516942101096015,25,60,2468.13,2466.54,1788999960,2026-09-10T00:26:00+00:00,2466.81,research_batch_v2,B-ETH_USDT,89.29530000000003,462
48.7327,66.9571,UNCERTIFIED,2468.0,-44965.174370000044,-18.224399999999996,-0.15752814854896457,23,60,2468.0,2467.36,1789000020,2026-09-10T00:27:00+00:00,2467.36,research_batch_v2,B-ETH_USDT,115.68979999999996,314
137.815,131.02250000000006,UNCERTIFIED,2470.28,16766.912345999983,6.792499999999945,0.025266192402473405,25,60,2471.0,2468.28,1789000080,2026-09-10T00:28:00+00:00,2468.58,research_batch_v2,B-ETH_USDT,268.83750000000003,777
113.59550000000003,15.538599999999999,UNCERTIFIED,2470.17,242258.31423,98.05690000000001,0.7593416456226512,24,60,2471.43,2469.86,1789000140,2026-09-10T00:29:00+00:00,2470.6,research_batch_v2,B-ETH_USDT,129.13410000000002,349
60.559200000000004,28.890800000000006,UNCERTIFIED,2470.04,78172.00346600002,31.668400000000005,0.35403465623253205,26,60,2470.04,2467.43,1789000200,2026-09-10T00:30:00+00:00,2469.95,research_batch_v2,B-ETH_USDT,89.45000000000003,661
21.4878,36.56820000000002,UNCERTIFIED,2467.83,-37236.575982,-15.080400000000008,-0.2597560975609757,24,59,2470.03,2467.83,1789000260,2026-09-10T00:31:00+00:00,2470.03,research_batch_v2,B-ETH_USDT,58.05600000000002,237
6.528299999999999,13.0546,UNCERTIFIED,2466.67,-16105.196615999997,-6.526299999999999,-0.333265246720353,24,60,2467.82,2466.58,1789000320,2026-09-10T00:32:00+00:00,2467.82,research_batch_v2,B-ETH_USDT,19.582899999999995,163
203.50430000000006,175.72470000000004,UNCERTIFIED,2467.5,68379.12219399985,27.77959999999998,0.0732528366765199,25,60,2467.5,2464.23,1789000380,2026-09-10T00:33:00+00:00,2466.68,research_batch_v2,B-ETH_USDT,379.2290000000002,665
97.50929999999997,89.70050000000003,UNCERTIFIED,2468.28,19292.63076800006,7.808799999999947,0.04171149159926431,23,60,2469.5,2467.07,1789000440,2026-09-10T00:34:00+00:00,2467.67,research_batch_v2,B-ETH_USDT,187.20979999999992,816
18.80940000000001,37.80540000000001,UNCERTIFIED,2468.01,-46891.794322000016,-18.99600000000001,-0.3355306386315946,24,60,2469.5,2468.0,1789000500,2026-09-10T00:35:00+00:00,2468.05,research_batch_v2,B-ETH_USDT,56.614800000000024,438
23.564100000000007,4.1758999999999995,UNCERTIFIED,2469.9,47870.96633100001,19.38820000000001,0.6989257390050471,23,59,2469.9,2468.0,1789000560,2026-09-10T00:36:00+00:00,2468.0,research_batch_v2,B-ETH_USDT,27.740000000000006,245
16.981300000000005,37.679199999999994,UNCERTIFIED,2468.71,-51126.19160999996,-20.697899999999986,-0.37866283696636494,23,60,2470.0,2468.59,1789000620,2026-09-10T00:37:00+00:00,2470.0,research_batch_v2,B-ETH_USDT,54.66049999999999,240
81.4041,45.08109999999999,UNCERTIFIED,2469.11,89660.35203500002,36.32299999999999,0.28717193790261625,23,60,2469.21,2467.93,1789000680,2026-09-10T00:38:00+00:00,2468.64,research_batch_v2,B-ETH_USDT,126.48519999999999,425
96.61920000000005,200.0535,UNCERTIFIED,2467.38,-255470.47112999993,-103.43429999999995,-0.3486478533414094,23,60,2470.53,2466.93,1789000740,2026-09-10T00:39:00+00:00,2469.11,research_batch_v2,B-ETH_USDT,296.6727,669
8.7008,8.5434,UNCERTIFIED,2465.91,385.5937740000027,0.15739999999999937,0.009127706707182668,24,60,2467.38,2465.78,1789000800,2026-09-10T00:40:00+00:00,2467.37,research_batch_v2,B-ETH_USDT,17.244200000000003,213
12.402899999999999,19.4977,UNCERTIFIED,2465.57,-17496.320654000003,-7.0947999999999976,-0.22240334037604306,25,60,2465.92,2465.57,1789000860,2026-09-10T00:41:00+00:00,2465.91,research_batch_v2,B-ETH_USDT,31.900599999999994,71
27.100400000000004,61.79439999999999,UNCERTIFIED,2464.54,-85519.83946900001,-34.694,-0.39028154627717265,23,60,2465.42,2464.41,1789000920,2026-09-10T00:42:00+00:00,2465.41,research_batch_v2,B-ETH_USDT,88.89479999999999,256
103.08749999999999,39.886,UNCERTIFIED,2464.29,155743.44007500005,63.201500000000024,0.44205044990854975,26,59,2464.55,2464.2,1789000980,2026-09-10T00:43:00+00:00,2464.54,research_batch_v2,B-ETH_USDT,142.97349999999997,216
1.8867999999999998,69.525,UNCERTIFIED,2463.95,-166666.948346,-67.6382,-0.9471571925088013,24,59,2464.29,2463.94,1789001040,2026-09-10T00:44:00+00:00,2464.28,research_batch_v2,B-ETH_USDT,71.41179999999999,157
25.5804,101.63289999999999,UNCERTIFIED,2463.0,-187369.49175,-76.0525,-0.5978345031533653,25,60,2464.52,2462.88,1789001100,2026-09-10T00:45:00+00:00,2463.95,research_batch_v2,B-ETH_USDT,127.21329999999999,298
389.92,86.15960000000001,UNCERTIFIED,2465.8,748458.4697260002,303.76039999999995,0.6380454024915158,23,60,2465.8,2462.88,1789001160,2026-09-10T00:46:00+00:00,2463.01,research_batch_v2,B-ETH_USDT,476.0796000000002,743
119.41069999999995,90.43499999999999,UNCERTIFIED,2467.8,71364.91873899981,28.975699999999975,0.13808098045373332,24,60,2469.47,2467.33,1789001220,2026-09-10T00:47:00+00:00,2467.33,research_batch_v2,B-ETH_USDT,209.8456999999999,608
198.57640000000018,45.22160000000001,UNCERTIFIED,2467.59,378476.8136739997,153.35480000000013,0.6290240280888276,25,60,2468.48,2467.3,1789001280,2026-09-10T00:48:00+00:00,2467.76,research_batch_v2,B-ETH_USDT,243.7980000000002,351
22.573800000000006,71.75980000000004,UNCERTIFIED,2466.25,-121345.494544,-49.186000000000014,-0.5214048864879534,22,60,2468.1,2466.24,1789001340,2026-09-10T00:49:00+00:00,2468.1,research_batch_v2,B-ETH_USDT,94.33360000000003,356
29.580999999999992,69.14630000000001,UNCERTIFIED,2463.96,-97520.52729000001,-39.56530000000002,-0.40075338837383395,24,60,2466.25,2463.96,1789001400,2026-09-10T00:50:00+00:00,2466.25,research_batch_v2,B-ETH_USDT,98.72730000000001,459
29.443499999999997,13.318300000000002,UNCERTIFIED,2466.56,39748.614853000014,16.1252,0.37709357417133965,24,60,2466.56,2463.93,1789001460,2026-09-10T00:51:00+00:00,2463.93,research_batch_v2,B-ETH_USDT,42.76180000000002,337
62.0091,73.99349999999998,UNCERTIFIED,2468.05,-29580.604011000043,-11.984400000000003,-0.08811890360919578,25,60,2468.67,2466.77,1789001520,2026-09-10T00:52:00+00:00,2466.77,research_batch_v2,B-ETH_USDT,136.00259999999992,661
70.20729999999998,252.25559999999987,UNCERTIFIED,2466.2,-449125.68366100016,-182.04829999999995,-0.5645557985120149,23,60,2468.05,2465.25,1789001580,2026-09-10T00:53:00+00:00,2468.05,research_batch_v2,B-ETH_USDT,322.46289999999993,796
11.530800000000001,13.293299999999999,UNCERTIFIED,2465.59,-4346.708245999998,-1.7624999999999975,-0.0709995528538798,24,60,2466.21,2465.4,1789001640,2026-09-10T00:54:00+00:00,2466.21,research_batch_v2,B-ETH_USDT,24.8241,211
10.7039,11.075099999999999,UNCERTIFIED,2465.94,-916.1925789999987,-0.37119999999999986,-0.017043941411451394,24,60,2465.97,2465.59,1789001700,2026-09-10T00:55:00+00:00,2465.59,research_batch_v2,B-ETH_USDT,21.778999999999996,142
3.3116999999999996,14.742199999999999,UNCERTIFIED,2465.02,-28181.573310999993,-11.430499999999999,-0.6331318994787828,24,60,2465.94,2465.02,1789001760,2026-09-10T00:56:00+00:00,2465.94,research_batch_v2,B-ETH_USDT,18.053900000000002,149
30.93790000000001,37.9552,UNCERTIFIED,2464.25,-17305.084550999996,-7.0172999999999845,-0.10185780578896847,24,60,2465.03,2463.39,1789001820,2026-09-10T00:57:00+00:00,2465.03,research_batch_v2,B-ETH_USDT,68.8931,296
77.05209999999997,63.76390000000001,UNCERTIFIED,2465.58,32721.078841000028,13.288199999999973,0.09436569707987709,25,60,2466.4,2463.75,1789001880,2026-09-10T00:58:00+00:00,2464.15,research_batch_v2,B-ETH_USDT,140.816,560
18.114900000000002,30.426299999999998,UNCERTIFIED,2465.01,-30356.886661000008,-12.311399999999999,-0.2536278460359448,24,59,2465.87,2465.0,1789001940,2026-09-10T00:59:00+00:00,2465.45,research_batch_v2,B-ETH_USDT,48.54119999999998,190
44.83170000000002,29.901300000000006,UNCERTIFIED,2466.38,36811.02525600001,14.930399999999999,0.1997832282927221,24,60,2466.38,2464.48,1789002000,2026-09-10T01:00:00+00:00,2465.0,research_batch_v2,B-ETH_USDT,74.73299999999999,436
335.3365999999999,62.9733,UNCERTIFIED,2466.85,672079.008206,272.3632999999997,0.6837974652400044,23,60,2470.24,2466.71,1789002060,2026-09-10T01:01:00+00:00,2468.95,research_batch_v2,B-ETH_USDT,398.3099000000001,878
9.7228,9.440199999999999,UNCERTIFIED,2466.83,695.3704979999986,0.28259999999999985,0.014747169023639296,7,19,2467.07,2466.39,1789002120,2026-09-10T01:02:00+00:00,2466.39,research_batch_v2,B-ETH_USDT,19.163,133
64.7334,24.0943,UNCERTIFIED,2469.64,100292.24416599997,40.6391,0.4575048098734968,24,60,2469.86,2466.84,1789002180,2026-09-10T01:03:00+00:00,2466.84,research_batch_v2,B-ETH_USDT,88.82769999999998,420
100.1359,14.572399999999998,UNCERTIFIED,2471.24,211408.717476,85.5635,0.7459224833774016,23,60,2471.24,2469.22,1789002240,2026-09-10T01:04:00+00:00,2469.43,research_batch_v2,B-ETH_USDT,114.70830000000001,436
246.18319999999997,80.91159999999998,UNCERTIFIED,2474.29,408688.3539419999,165.27159999999998,0.5052712546943579,23,60,2475.83,2471.09,1789002300,2026-09-10T01:05:00+00:00,2471.24,research_batch_v2,B-ETH_USDT,327.09479999999985,1376
85.003,46.697499999999984,UNCERTIFIED,2473.58,94725.40060000002,38.30550000000001,0.2908531098970771,23,60,2474.11,2472.53,1789002360,2026-09-10T01:06:00+00:00,2474.11,research_batch_v2,B-ETH_USDT,131.70050000000003,535
27.992400000000004,38.749300000000005,UNCERTIFIED,2475.15,-26626.573414,-10.756899999999998,-0.161172100800549,23,60,2475.61,2473.4,1789002420,2026-09-10T01:07:00+00:00,2473.58,research_batch_v2,B-ETH_USDT,66.74169999999998,365
361.43269999999995,191.92050000000003,UNCERTIFIED,2478.76,420048.745793,169.5122,0.3063363508153563,24,60,2479.27,2475.15,1789002480,2026-09-10T01:08:00+00:00,2475.15,research_batch_v2,B-ETH_USDT,553.3531999999999,1327
121.314,579.5826000000003,UNCERTIFIED,2474.32,-1135029.799996999,-458.26860000000016,-0.6538319632310956,22,56,2479.08,2474.12,1789002540,2026-09-10T01:09:00+00:00,2478.35,research_batch_v2,B-ETH_USDT,700.8966000000004,1261
107.3894,42.59529999999997,UNCERTIFIED,2474.28,160232.66884799994,64.79410000000001,0.4320047311492442,23,60,2474.79,2473.42,1789002600,2026-09-10T01:10:00+00:00,2474.36,research_batch_v2,B-ETH_USDT,149.98469999999992,664
2.0095999999999994,89.5972,UNCERTIFIED,2472.61,-216636.33882900007,-87.5876,-0.9561255277992463,23,60,2474.63,2472.56,1789002660,2026-09-10T01:11:00+00:00,2474.63,research_batch_v2,B-ETH_USDT,91.60679999999999,401
20.466100000000004,311.31229999999994,UNCERTIFIED,2471.03,-718631.4336910004,-290.84619999999995,-0.8766278937989938,24,60,2472.95,2471.03,1789002720,2026-09-10T01:12:00+00:00,2472.6,research_batch_v2,B-ETH_USDT,331.77839999999986,479
17.5557,37.811,UNCERTIFIED,2469.68,-50037.046807000006,-20.255300000000002,-0.36583903320949235,24,60,2471.04,2469.39,1789002780,2026-09-10T01:13:00+00:00,2471.04,research_batch_v2,B-ETH_USDT,55.36670000000001,580
28.755200000000006,38.5256,UNCERTIFIED,2470.34,-24132.732346000015,-9.770400000000004,-0.14521824948573744,24,60,2470.34,2469.18,1789002840,2026-09-10T01:14:00+00:00,2469.68,research_batch_v2,B-ETH_USDT,67.2808,375
34.18470000000001,61.9918,UNCERTIFIED,2469.01,-68707.516977,-27.80709999999999,-0.2891257219799015,24,56,2470.48,2469.0,1789002900,2026-09-10T01:15:00+00:00,2469.93,research_batch_v2,B-ETH_USDT,96.17649999999998,396
16.999000000000006,72.0333,UNCERTIFIED,2467.97,-135866.45881,-55.03429999999998,-0.6181385856593616,25,60,2469.87,2467.97,1789002960,2026-09-10T01:16:00+00:00,2469.22,research_batch_v2,B-ETH_USDT,89.03229999999999,430
24.93230000000001,71.8659,UNCERTIFIED,2466.95,-115810.81306200002,-46.933599999999984,-0.48486025566591084,23,60,2468.3,2466.95,1789003020,2026-09-10T01:17:00+00:00,2467.97,research_batch_v2,B-ETH_USDT,96.79820000000002,441
36.274000000000015,129.66359999999995,UNCERTIFIED,2465.42,-230306.06366500002,-93.38959999999997,-0.5627995101773197,25,60,2467.39,2465.21,1789003080,2026-09-10T01:18:00+00:00,2467.2,research_batch_v2,B-ETH_USDT,165.93759999999995,664
553.5034999999996,108.3026,UNCERTIFIED,2469.93,1097878.232277,445.2008999999994,0.6727059481621579,24,60,2470.15,2464.78,1789003140,2026-09-10T01:19:00+00:00,2465.43,research_batch_v2,B-ETH_USDT,661.8060999999993,901
45.256800000000005,81.43220000000001,UNCERTIFIED,2466.38,-89316.57718500002,-36.1754,-0.2855449170804095,23,60,2470.13,2465.76,1789003200,2026-09-10T01:20:00+00:00,2469.92,research_batch_v2,B-ETH_USDT,126.68900000000001,701
45.86310000000001,56.98080000000001,UNCERTIFIED,2465.28,-27417.37407899999,-11.117700000000006,-0.10810266821853315,23,60,2466.48,2464.82,1789003260,2026-09-10T01:21:00+00:00,2466.48,research_batch_v2,B-ETH_USDT,102.84390000000005,582
73.7667,78.13390000000001,UNCERTIFIED,2465.25,-10786.215288000032,-4.367199999999996,-0.028750380182830056,25,60,2465.48,2464.18,1789003320,2026-09-10T01:22:00+00:00,2465.48,research_batch_v2,B-ETH_USDT,151.90060000000003,412
29.56090000000001,43.3725,UNCERTIFIED,2468.57,-34090.46740900001,-13.811599999999993,-0.18937277022598692,23,60,2468.99,2464.85,1789003380,2026-09-10T01:23:00+00:00,2464.93,research_batch_v2,B-ETH_USDT,72.93339999999999,743
32.2331,30.120700000000006,UNCERTIFIED,2468.03,5212.871079000011,2.112400000000001,0.03387764659090545,24,60,2469.69,2468.03,1789003440,2026-09-10T01:24:00+00:00,2468.82,research_batch_v2,B-ETH_USDT,62.35380000000002,565
18.6978,19.668200000000002,UNCERTIFIED,2467.14,-2397.09395600001,-0.9703999999999999,-0.025293228379294173,24,60,2467.96,2467.14,1789003500,2026-09-10T01:25:00+00:00,2467.87,research_batch_v2,B-ETH_USDT,38.365999999999985,294
17.009299999999996,27.683899999999998,UNCERTIFIED,2466.39,-26334.20502400001,-10.674600000000005,-0.2388417029883741,25,60,2467.92,2466.39,1789003560,2026-09-10T01:26:00+00:00,2467.14,research_batch_v2,B-ETH_USDT,44.69320000000002,391
36.135600000000004,31.4535,UNCERTIFIED,2465.73,11539.014842000008,4.682099999999998,0.06927300407906006,23,60,2466.41,2465.32,1789003620,2026-09-10T01:27:00+00:00,2466.11,research_batch_v2,B-ETH_USDT,67.5891,479
14.6053,34.1623,UNCERTIFIED,2464.85,-48206.490046,-19.557,-0.4010244506598643,24,60,2465.73,2464.7,1789003680,2026-09-10T01:28:00+00:00,2465.72,research_batch_v2,B-ETH_USDT,48.7676,211
23.165999999999997,56.88449999999998,UNCERTIFIED,2463.98,-83105.28195300003,-33.71849999999999,-0.42121535780538527,25,60,2464.85,2463.98,1789003740,2026-09-10T01:29:00+00:00,2464.85,research_batch_v2,B-ETH_USDT,80.0505,237
69.32480000000001,45.627700000000004,UNCERTIFIED,2465.58,58422.90699499998,23.69710000000001,0.2061468867575738,23,60,2466.61,2463.98,1789003800,2026-09-10T01:30:00+00:00,2463.98,research_batch_v2,B-ETH_USDT,114.95250000000003,680
31.210399999999996,55.148199999999996,UNCERTIFIED,2464.21,-59004.92671999997,-23.937800000000014,-0.27719069090976495,24,60,2465.57,2464.04,1789003860,2026-09-10T01:31:00+00:00,2465.57,research_batch_v2,B-ETH_USDT,86.35859999999995,536
77.39189999999999,95.23409999999997,UNCERTIFIED,2462.85,-43954.637785000035,-17.842199999999963,-0.10335754753049928,23,60,2464.21,2462.85,1789003920,2026-09-10T01:32:00+00:00,2464.01,research_batch_v2,B-ETH_USDT,172.62599999999995,764
53.92530000000001,365.43149999999997,UNCERTIFIED,2460.16,-766780.5929159999,-311.5062000000001,-0.742819002815741,24,60,2462.85,2460.16,1789003980,2026-09-10T01:33:00+00:00,2462.85,research_batch_v2,B-ETH_USDT,419.35679999999996,890
1410.8022999999994,763.7837000000002,UNCERTIFIED,2458.99,1591267.0244779997,647.0185999999997,0.2975364506163469,23,60,2461.46,2458.99,1789004040,2026-09-10T01:34:00+00:00,2460.16,research_batch_v2,B-ETH_USDT,2174.5860000000007,1460
26.4816,201.9908,UNCERTIFIED,2457.94,-431443.7164229998,-175.50920000000005,-0.7681855663966416,23,60,2458.99,2457.48,1789004100,2026-09-10T01:35:00+00:00,2458.99,research_batch_v2,B-ETH_USDT,228.4724,494
46.74530000000001,131.92490000000006,UNCERTIFIED,2459.61,-209362.06713799995,-85.17960000000001,-0.47674206442932293,24,60,2459.62,2457.6,1789004160,2026-09-10T01:36:00+00:00,2457.6,research_batch_v2,B-ETH_USDT,178.6702,700
29.257600000000004,43.97950000000001,UNCERTIFIED,2458.86,-36201.99401899999,-14.721899999999998,-0.2010169709068218,24,60,2459.62,2458.19,1789004220,2026-09-10T01:37:00+00:00,2459.62,research_batch_v2,B-ETH_USDT,73.2371,408
29.893600000000003,128.22810000000004,UNCERTIFIED,2456.65,-241645.893985,-98.33450000000002,-0.6218912394693454,24,60,2458.98,2456.65,1789004280,2026-09-10T01:38:00+00:00,2458.98,research_batch_v2,B-ETH_USDT,158.12170000000003,631
124.48239999999996,353.0030999999998,UNCERTIFIED,2456.82,-561333.5788989997,-228.52069999999983,-0.4785919153565914,23,60,2457.49,2455.49,1789004340,2026-09-10T01:39:00+00:00,2456.66,research_batch_v2,B-ETH_USDT,477.48550000000023,792
97.75160000000007,174.10780000000003,UNCERTIFIED,2460.43,-187714.42028700025,-76.35619999999996,-0.28086650673105273,23,60,2460.44,2456.61,1789004400,2026-09-10T01:40:00+00:00,2456.9,research_batch_v2,B-ETH_USDT,271.8594,784
161.40100000000004,12.398299999999999,UNCERTIFIED,2465.29,366938.906504,149.0027,0.8573262377926723,22,60,2465.3,2460.44,1789004460,2026-09-10T01:41:00+00:00,2460.44,research_batch_v2,B-ETH_USDT,173.79930000000002,661
953.3784,477.93420000000003,UNCERTIFIED,2463.58,1170397.7418249983,475.44420000000014,0.3321735587320341,23,60,2465.62,2463.0,1789004520,2026-09-10T01:42:00+00:00,2464.82,research_batch_v2,B-ETH_USDT,1431.3125999999993,1288
62.69520000000001,131.83450000000002,UNCERTIFIED,2461.97,-170323.00981999998,-69.13930000000003,-0.3554177074246247,24,60,2464.33,2461.91,1789004580,2026-09-10T01:43:00+00:00,2463.34,research_batch_v2,B-ETH_USDT,194.52970000000005,692
30.534299999999995,115.25620000000002,UNCERTIFIED,2462.55,-208594.8373400001,-84.72190000000002,-0.5811208549253896,23,60,2462.79,2461.4,1789004640,2026-09-10T01:44:00+00:00,2462.4,research_batch_v2,B-ETH_USDT,145.7905,515
28.77280000000001,96.04330000000002,UNCERTIFIED,2461.63,-165622.06200500004,-67.2705,-0.5389569134110104,24,60,2462.55,2461.05,1789004700,2026-09-10T01:45:00+00:00,2462.55,research_batch_v2,B-ETH_USDT,124.81609999999998,395
27.657000000000004,79.35699999999997,UNCERTIFIED,2461.62,-127242.71265900001,-51.69999999999999,-0.483114358868933,24,60,2461.86,2459.99,1789004760,2026-09-10T01:46:00+00:00,2461.63,research_batch_v2,B-ETH_USDT,107.01399999999998,468
27.2138,126.06530000000004,UNCERTIFIED,2464.1,-243354.96346600007,-98.85150000000002,-0.6449117981512164,23,60,2464.1,2460.75,1789004820,2026-09-10T01:47:00+00:00,2461.73,research_batch_v2,B-ETH_USDT,153.27909999999986,592
79.47789999999996,43.83949999999998,UNCERTIFIED,2463.04,87781.33598500004,35.63840000000001,0.28899733533142946,23,59,2464.72,2462.25,1789004880,2026-09-10T01:48:00+00:00,2464.1,research_batch_v2,B-ETH_USDT,123.31739999999998,516
30.76750000000001,24.519699999999986,UNCERTIFIED,2462.81,15389.202057000002,6.247799999999996,0.11300626546470065,23,60,2463.64,2462.81,1789004940,2026-09-10T01:49:00+00:00,2462.99,research_batch_v2,B-ETH_USDT,55.287199999999984,416
22.401200000000006,29.688200000000002,UNCERTIFIED,2462.26,-17948.753396000004,-7.286999999999994,-0.13989410513463382,25,60,2463.32,2461.74,1789005000,2026-09-10T01:50:00+00:00,2462.71,research_batch_v2,B-ETH_USDT,52.08939999999999,462
75.8899,88.73570000000001,UNCERTIFIED,2461.29,-31628.86926300002,-12.8458,-0.07803039138505796,24,60,2462.1,2460.21,1789005060,2026-09-10T01:51:00+00:00,2462.1,research_batch_v2,B-ETH_USDT,164.62560000000002,616
32.959500000000006,117.76680000000005,UNCERTIFIED,2459.37,-208669.16800300003,-84.80730000000003,-0.562657611843454,23,60,2461.29,2458.95,1789005120,2026-09-10T01:52:00+00:00,2461.29,research_batch_v2,B-ETH_USDT,150.72630000000004,773
10.950799999999997,40.928000000000004,UNCERTIFIED,2458.31,-73697.41729699998,-29.977200000000007,-0.5778314070487367,23,60,2459.37,2458.0,1789005180,2026-09-10T01:53:00+00:00,2459.37,research_batch_v2,B-ETH_USDT,51.87880000000001,364
22.7143,61.05749999999998,UNCERTIFIED,2459.52,-94264.87923299993,-38.34320000000001,-0.4577101124722162,23,60,2459.93,2458.02,1789005240,2026-09-10T01:54:00+00:00,2458.46,research_batch_v2,B-ETH_USDT,83.77180000000001,394
43.38270000000001,104.42940000000003,UNCERTIFIED,2462.22,-150017.089146,-61.04670000000001,-0.41300204787023526,24,60,2462.44,2458.98,1789005300,2026-09-10T01:55:00+00:00,2458.98,research_batch_v2,B-ETH_USDT,147.81210000000002,524
22.576800000000002,40.3379,UNCERTIFIED,2462.92,-43746.249387,-17.7611,-0.2823044534902019,25,60,2463.63,2461.41,1789005360,2026-09-10T01:56:00+00:00,2462.21,research_batch_v2,B-ETH_USDT,62.914699999999975,638
31.060299999999994,36.68719999999997,UNCERTIFIED,2463.68,-13870.052169999992,-5.626899999999974,-0.0830569393704561,25,60,2463.82,2462.92,1789005420,2026-09-10T01:57:00+00:00,2462.92,research_batch_v2,B-ETH_USDT,67.74749999999999,388
217.1589,44.8639,UNCERTIFIED,2464.99,424667.40506,172.295,0.6575572812747595,23,60,2465.0,2463.5,1789005480,2026-09-10T01:58:00+00:00,2463.68,research_batch_v2,B-ETH_USDT,262.0227999999999,396
11.398400000000002,69.90930000000002,UNCERTIFIED,2463.73,-144192.72905200004,-58.51090000000001,-0.7196231107262898,24,60,2464.99,2463.73,1789005540,2026-09-10T01:59:00+00:00,2464.99,research_batch_v2,B-ETH_USDT,81.30770000000007,225
53.95209999999998,73.86419999999998,UNCERTIFIED,2463.34,-49064.58396900005,-19.91210000000001,-0.15578685973541723,22,60,2464.2,2462.51,1789005600,2026-09-10T02:00:00+00:00,2463.87,research_batch_v2,B-ETH_USDT,127.8163,560
19.260400000000004,35.0817,UNCERTIFIED,2462.76,-38969.158143,-15.82129999999999,-0.2911425947837863,24,60,2463.39,2462.49,1789005660,2026-09-10T02:01:00+00:00,2463.34,research_batch_v2,B-ETH_USDT,54.34209999999999,385
18.375200000000003,38.04520000000001,UNCERTIFIED,2462.52,-48442.55374599997,-19.67,-0.34863276403570337,23,60,2463.15,2462.0,1789005720,2026-09-10T02:02:00+00:00,2462.76,research_batch_v2,B-ETH_USDT,56.42040000000001,320
10.576999999999998,19.412,UNCERTIFIED,2463.36,-21752.778865999997,-8.834999999999996,-0.294608022941745,23,60,2463.37,2462.05,1789005780,2026-09-10T02:03:00+00:00,2462.52,research_batch_v2,B-ETH_USDT,29.989000000000015,234
11.645399999999995,37.79979999999997,UNCERTIFIED,2461.71,-64409.86912099999,-26.154399999999978,-0.528957310315258,24,60,2463.21,2461.71,1789005840,2026-09-10T02:04:00+00:00,2462.9,research_batch_v2,B-ETH_USDT,49.44519999999997,332
13.317900000000002,19.56919999999999,UNCERTIFIED,2463.11,-15392.586646000005,-6.251299999999997,-0.19008364982014217,25,60,2463.11,2461.04,1789005900,2026-09-10T02:05:00+00:00,2461.29,research_batch_v2,B-ETH_USDT,32.8871,314
23.125400000000003,11.887499999999998,UNCERTIFIED,2463.11,27683.466994999995,11.237900000000003,0.320964558776908,22,60,2464.0,2462.75,1789005960,2026-09-10T02:06:00+00:00,2463.26,research_batch_v2,B-ETH_USDT,35.0129,353
18.4061,16.186,UNCERTIFIED,2464.03,5467.777689000006,2.2201000000000004,0.06417939356095759,23,60,2464.26,2463.11,1789006020,2026-09-10T02:07:00+00:00,2463.11,research_batch_v2,B-ETH_USDT,34.59209999999999,297
6.306,34.559000000000005,UNCERTIFIED,2461.72,-69581.81961900002,-28.253000000000004,-0.6913740364615196,26,60,2464.31,2461.72,1789006080,2026-09-10T02:08:00+00:00,2464.25,research_batch_v2,B-ETH_USDT,40.86500000000001,376
24.104000000000006,29.18060000000001,UNCERTIFIED,2462.29,-12501.046722000008,-5.0766000000000036,-0.09527330598334233,24,60,2462.62,2461.49,1789006140,2026-09-10T02:09:00+00:00,2461.73,research_batch_v2,B-ETH_USDT,53.28460000000001,214
12.3844,22.751399999999997,UNCERTIFIED,2461.8,-25524.818263999994,-10.366999999999999,-0.2950551858787903,25,60,2462.29,2460.87,1789006200,2026-09-10T02:10:00+00:00,2462.29,research_batch_v2,B-ETH_USDT,35.135799999999996,290
67.54760000000002,21.340499999999995,UNCERTIFIED,2463.32,113766.03685999998,46.20710000000002,0.5198344885310857,24,60,2463.32,2461.17,1789006260,2026-09-10T02:11:00+00:00,2461.8,research_batch_v2,B-ETH_USDT,88.88810000000004,429
11.5849,17.884500000000006,UNCERTIFIED,2461.31,-15514.315431,-6.299600000000001,-0.21376750120463936,24,60,2463.4,2461.31,1789006320,2026-09-10T02:12:00+00:00,2463.39,research_batch_v2,B-ETH_USDT,29.469400000000007,302
18.708299999999998,9.450399999999998,UNCERTIFIED,2462.73,22789.672847999995,9.257900000000001,0.32877583127061977,24,60,2462.73,2460.93,1789006380,2026-09-10T02:13:00+00:00,2461.37,research_batch_v2,B-ETH_USDT,28.158700000000003,264
30.7003,24.584600000000005,UNCERTIFIED,2463.11,15057.70064400002,6.115700000000003,0.11062152595012385,23,60,2463.58,2462.36,1789006440,2026-09-10T02:14:00+00:00,2462.72,research_batch_v2,B-ETH_USDT,55.28490000000001,334
19.960999999999995,12.48,UNCERTIFIED,2463.75,18426.08589100001,7.480999999999998,0.23060324897506246,23,59,2464.31,2462.51,1789006500,2026-09-10T02:15:00+00:00,2462.9,research_batch_v2,B-ETH_USDT,32.44099999999999,445
16.4481,28.819600000000005,UNCERTIFIED,2460.58,-30449.81444899999,-12.371500000000003,-0.27329641223212137,26,60,2463.74,2460.58,1789006560,2026-09-10T02:16:00+00:00,2463.74,research_batch_v2,B-ETH_USDT,45.26770000000001,362
32.6156,21.656799999999997,UNCERTIFIED,2461.15,26971.049529000004,10.9588,0.20192215564448962,23,60,2461.19,2459.93,1789006620,2026-09-10T02:17:00+00:00,2460.59,research_batch_v2,B-ETH_USDT,54.27240000000001,429
36.627100000000006,112.0172,UNCERTIFIED,2461.57,-185604.45125500005,-75.39009999999998,-0.5071846010913302,24,60,2462.36,2460.9,1789006680,2026-09-10T02:18:00+00:00,2461.14,research_batch_v2,B-ETH_USDT,148.64429999999993,449
6.276599999999998,23.764100000000003,UNCERTIFIED,2462.35,-43058.34638100001,-17.4875,-0.5821269144860141,23,60,2462.37,2461.17,1789006740,2026-09-10T02:19:00+00:00,2461.57,research_batch_v2,B-ETH_USDT,30.040699999999998,189
10.189300000000001,15.187600000000002,UNCERTIFIED,2462.1,-12309.290241999997,-4.9982999999999995,-0.1969625919635573,24,60,2463.4,2462.1,1789006800,2026-09-10T02:20:00+00:00,2462.35,research_batch_v2,B-ETH_USDT,25.37690000000001,296
10.944700000000005,24.494500000000002,UNCERTIFIED,2461.3,-33364.06322900001,-13.549799999999998,-0.3823393304589266,24,60,2462.49,2460.94,1789006860,2026-09-10T02:21:00+00:00,2462.1,research_batch_v2,B-ETH_USDT,35.439200000000014,347
7.497599999999999,10.1408,UNCERTIFIED,2461.9,-6504.676266999992,-2.643200000000002,-0.1498548621190131,26,60,2461.9,2460.76,1789006920,2026-09-10T02:22:00+00:00,2461.3,research_batch_v2,B-ETH_USDT,17.638400000000008,187
22.3887,20.000100000000003,UNCERTIFIED,2461.33,5877.385097999997,2.388599999999994,0.0563497905107008,24,59,2462.3,2461.33,1789006980,2026-09-10T02:23:00+00:00,2461.9,research_batch_v2,B-ETH_USDT,42.3888,298
25.71100000000001,35.884,UNCERTIFIED,2460.56,-25047.68728,-10.172999999999995,-0.1651595097004626,24,60,2461.66,2460.14,1789007040,2026-09-10T02:24:00+00:00,2461.32,research_batch_v2,B-ETH_USDT,61.595000000000006,331
24.134600000000002,23.1168,UNCERTIFIED,2460.55,2498.9635440000034,1.0177999999999972,0.02154010251548096,23,60,2461.18,2460.28,1789007100,2026-09-10T02:25:00+00:00,2460.48,research_batch_v2,B-ETH_USDT,47.25140000000001,313
10.719000000000001,45.5847,UNCERTIFIED,2460.34,-85802.08862099999,-34.86569999999999,-0.6192434955429216,23,60,2460.95,2460.34,1789007160,2026-09-10T02:26:00+00:00,2460.54,research_batch_v2,B-ETH_USDT,56.30369999999999,216
41.0322,90.95119999999999,UNCERTIFIED,2460.9,-122811.13401899999,-49.919,-0.3782218066817494,24,60,2460.9,2460.0,1789007220,2026-09-10T02:27:00+00:00,2460.34,research_batch_v2,B-ETH_USDT,131.9834,229
7.138100000000004,34.4976,UNCERTIFIED,2461.14,-67327.56211500001,-27.359499999999997,-0.6571163688853554,25,60,2461.15,2460.77,1789007280,2026-09-10T02:28:00+00:00,2460.9,research_batch_v2,B-ETH_USDT,41.63570000000001,89
10.3257,13.3682,UNCERTIFIED,2461.48,-7492.474328000003,-3.042500000000001,-0.1284085777351977,24,59,2462.1,2461.07,1789007340,2026-09-10T02:29:00+00:00,2461.08,research_batch_v2,B-ETH_USDT,23.6939,208
37.722000000000016,38.602199999999996,UNCERTIFIED,2462.57,-2169.720089999981,-0.8801999999999907,-0.011532384224138487,23,60,2462.57,2460.79,1789007400,2026-09-10T02:30:00+00:00,2461.48,research_batch_v2,B-ETH_USDT,76.32419999999999,247
17.8082,5.940200000000001,UNCERTIFIED,2463.83,29230.010826999995,11.867999999999999,0.4997389297805325,24,60,2463.97,2462.57,1789007460,2026-09-10T02:31:00+00:00,2462.57,research_batch_v2,B-ETH_USDT,23.7484,281
80.44189999999996,15.578400000000002,UNCERTIFIED,2465.99,159880.22612499996,64.86349999999999,0.6755186142930193,23,60,2466.0,2463.84,1789007520,2026-09-10T02:32:00+00:00,2463.84,research_batch_v2,B-ETH_USDT,96.02029999999998,393
57.71319999999999,19.352599999999995,UNCERTIFIED,2467.25,94622.11995100003,38.36060000000001,0.497764248213864,23,59,2467.62,2465.99,1789007580,2026-09-10T02:33:00+00:00,2465.99,research_batch_v2,B-ETH_USDT,77.06580000000002,505
33.58109999999999,12.434600000000009,UNCERTIFIED,2468.34,52191.86518000001,21.146499999999993,0.4595496754368615,25,60,2468.34,2466.64,1789007640,2026-09-10T02:34:00+00:00,2467.23,research_batch_v2,B-ETH_USDT,46.01570000000001,275
22.1318,36.095800000000004,UNCERTIFIED,2467.87,-34472.621342999984,-13.964000000000006,-0.2398175435704031,24,60,2468.68,2467.56,1789007700,2026-09-10T02:35:00+00:00,2468.34,research_batch_v2,B-ETH_USDT,58.22760000000001,347
8.880600000000001,26.1315,UNCERTIFIED,2468.37,-42575.54517200001,-17.2509,-0.49271251938615507,25,60,2468.37,2467.57,1789007760,2026-09-10T02:36:00+00:00,2467.87,research_batch_v2,B-ETH_USDT,35.012100000000004,189
130.2815,46.1174,UNCERTIFIED,2469.65,207826.92885100003,84.16409999999999,0.4771237235606344,23,60,2469.77,2468.36,1789007820,2026-09-10T02:37:00+00:00,2468.37,research_batch_v2,B-ETH_USDT,176.3989,349
55.74579999999998,8.581099999999998,UNCERTIFIED,2471.05,116509.00048199997,47.16470000000001,0.7332033721506868,23,60,2471.06,2469.67,1789007880,2026-09-10T02:38:00+00:00,2469.67,research_batch_v2,B-ETH_USDT,64.3269,330
11.787300000000004,18.935000000000002,UNCERTIFIED,2469.55,-17653.269976000003,-7.1476999999999995,-0.2326551072022602,24,60,2471.06,2469.55,1789007940,2026-09-10T02:39:00+00:00,2471.05,research_batch_v2,B-ETH_USDT,30.722300000000004,236
27.375199999999992,31.491999999999997,UNCERTIFIED,2469.91,-10166.635956999995,-4.116799999999999,-0.06993368123505107,24,60,2469.92,2469.26,1789008000,2026-09-10T02:40:00+00:00,2469.56,research_batch_v2,B-ETH_USDT,58.8672,305
12.432199999999998,21.551300000000005,UNCERTIFIED,2470.26,-22528.483472000004,-9.1191,-0.2683390468904026,25,60,2470.44,2469.86,1789008060,2026-09-10T02:41:00+00:00,2469.96,research_batch_v2,B-ETH_USDT,33.98350000000001,198
54.079100000000004,98.28600000000002,UNCERTIFIED,2470.44,-109225.97013099997,-44.20690000000001,-0.2901379646651367,23,60,2471.06,2469.76,1789008120,2026-09-10T02:42:00+00:00,2470.26,research_batch_v2,B-ETH_USDT,152.36509999999998,413
51.339800000000004,7.3767000000000005,UNCERTIFIED,2471.06,108635.26673199999,43.963100000000004,0.7487350233750311,24,60,2471.32,2470.49,1789008180,2026-09-10T02:43:00+00:00,2470.49,research_batch_v2,B-ETH_USDT,58.71649999999999,297
33.388400000000004,9.021300000000002,UNCERTIFIED,2471.25,60212.63028799999,24.367099999999997,0.5745643095801197,24,60,2471.33,2470.68,1789008240,2026-09-10T02:44:00+00:00,2471.07,research_batch_v2,B-ETH_USDT,42.40969999999999,183
28.9331,28.095700000000004,UNCERTIFIED,2471.37,2064.8010110000105,0.8373999999999965,0.014683808882529467,24,60,2471.94,2471.24,1789008300,2026-09-10T02:45:00+00:00,2471.25,research_batch_v2,B-ETH_USDT,57.0288,310
76.34889999999999,8.6206,UNCERTIFIED,2472.0,167391.14534399996,67.7283,0.7970895438951626,24,60,2472.0,2471.36,1789008360,2026-09-10T02:46:00+00:00,2471.36,research_batch_v2,B-ETH_USDT,84.96949999999998,166
72.7605,26.715,UNCERTIFIED,2472.83,113841.833973,46.045500000000004,0.46288282039296114,24,60,2473.15,2471.98,1789008420,2026-09-10T02:47:00+00:00,2471.99,research_batch_v2,B-ETH_USDT,99.4755,284
20.773500000000002,13.0603,UNCERTIFIED,2473.15,19074.392634999997,7.713200000000001,0.22797321022173095,24,60,2473.15,2472.31,1789008480,2026-09-10T02:48:00+00:00,2472.83,research_batch_v2,B-ETH_USDT,33.833800000000004,248
35.5509,35.5146,UNCERTIFIED,2474.0,91.2105159999958,0.0362999999999913,0.0005107963779891972,24,60,2474.0,2473.14,1789008540,2026-09-10T02:49:00+00:00,2473.15,research_batch_v2,B-ETH_USDT,71.0655,308
16.5878,26.9671,UNCERTIFIED,2472.61,-25676.354655999996,-10.379299999999999,-0.23830384181802727,24,60,2474.0,2472.61,1789008600,2026-09-10T02:50:00+00:00,2473.99,research_batch_v2,B-ETH_USDT,43.55490000000001,388
24.670900000000003,5.4613000000000005,UNCERTIFIED,2473.69,47506.598651,19.2096,0.6375107028361685,23,60,2473.69,2472.61,1789008660,2026-09-10T02:51:00+00:00,2472.61,research_batch_v2,B-ETH_USDT,30.1322,210
35.504300000000015,28.574999999999992,UNCERTIFIED,2473.89,17139.512874000022,6.9293000000000236,0.10813632483500948,23,60,2474.08,2473.59,1789008720,2026-09-10T02:52:00+00:00,2473.6,research_batch_v2,B-ETH_USDT,64.0793,279
32.3718,23.7757,UNCERTIFIED,2474.77,21267.558382999996,8.596099999999995,0.1530985351084197,23,60,2475.0,2473.44,1789008780,2026-09-10T02:53:00+00:00,2473.88,research_batch_v2,B-ETH_USDT,56.147499999999994,355
37.62310000000001,32.88170000000001,UNCERTIFIED,2475.22,11745.24320599998,4.741399999999996,0.06724932203197506,24,60,2475.22,2473.73,1789008840,2026-09-10T02:54:00+00:00,2474.77,research_batch_v2,B-ETH_USDT,70.50480000000002,261
79.66749999999998,63.04510000000003,UNCERTIFIED,2475.0,41151.991119,16.622399999999963,0.11647464904990844,24,60,2475.93,2474.51,1789008900,2026-09-10T02:55:00+00:00,2475.23,research_batch_v2,B-ETH_USDT,142.7126,444
35.55600000000002,49.90159999999999,UNCERTIFIED,2474.68,-35513.03285299995,-14.345599999999983,-0.16786804216359902,24,60,2475.96,2474.56,1789008960,2026-09-10T02:56:00+00:00,2474.99,research_batch_v2,B-ETH_USDT,85.45760000000003,295
6.566299999999999,51.7744,UNCERTIFIED,2474.61,-111876.25208000002,-45.208099999999995,-0.7748981414347103,26,59,2474.77,2474.45,1789009020,2026-09-10T02:57:00+00:00,2474.62,research_batch_v2,B-ETH_USDT,58.34069999999999,260
11.634100000000002,22.707900000000002,UNCERTIFIED,2474.24,-27403.002249999994,-11.073800000000004,-0.32245646729951677,25,60,2474.62,2474.08,1789009080,2026-09-10T02:58:00+00:00,2474.62,research_batch_v2,B-ETH_USDT,34.342,122
71.38460000000003,17.010200000000005,UNCERTIFIED,2474.86,134525.631896,54.37440000000001,0.6151312068130703,25,60,2474.92,2474.04,1789009140,2026-09-10T02:59:00+00:00,2474.23,research_batch_v2,B-ETH_USDT,88.39480000000003,217
20.205700000000004,28.162500000000005,UNCERTIFIED,2475.18,-19701.06141700002,-7.9568000000000065,-0.16450477793260873,25,60,2475.83,2474.86,1789009200,2026-09-10T03:00:00+00:00,2474.86,research_batch_v2,B-ETH_USDT,48.36820000000001,358
85.30389999999998,17.1193,UNCERTIFIED,2475.69,168785.29680899993,68.18460000000002,0.6657144084543347,22,60,2475.82,2475.17,1789009260,2026-09-10T03:01:00+00:00,2475.18,research_batch_v2,B-ETH_USDT,102.42320000000001,218
105.04449999999999,19.3207,UNCERTIFIED,2477.0,212299.27106400003,85.72380000000003,0.6892908948805618,24,60,2477.0,2475.49,1789009320,2026-09-10T03:02:00+00:00,2475.69,research_batch_v2,B-ETH_USDT,124.36519999999997,473
53.36400000000001,27.608100000000007,UNCERTIFIED,2476.81,63803.34566200003,25.75590000000001,0.31808363621543734,24,60,2478.0,2476.18,1789009380,2026-09-10T03:03:00+00:00,2477.0,research_batch_v2,B-ETH_USDT,80.9721,714
105.6189,18.042,UNCERTIFIED,2478.34,216981.1551940001,87.5769,0.7082020266713245,24,59,2478.72,2476.71,1789009440,2026-09-10T03:04:00+00:00,2476.99,research_batch_v2,B-ETH_USDT,123.6609,471
43.99839999999999,52.0407,UNCERTIFIED,2478.27,-19935.29456699999,-8.0423,-0.08373985178953154,22,60,2478.46,2476.92,1789009500,2026-09-10T03:05:00+00:00,2478.34,research_batch_v2,B-ETH_USDT,96.0391,486
76.02719999999998,57.4445,UNCERTIFIED,2476.13,46025.216359000035,18.58270000000001,0.13922576845878196,25,60,2478.73,2475.74,1789009560,2026-09-10T03:06:00+00:00,2478.58,research_batch_v2,B-ETH_USDT,133.47170000000003,454
156.2117,98.2864,UNCERTIFIED,2476.53,143473.31312100004,57.92529999999999,0.22760602142019923,25,60,2476.65,2476.13,1789009620,2026-09-10T03:07:00+00:00,2476.65,research_batch_v2,B-ETH_USDT,254.49809999999994,257
269.1927,54.217099999999995,UNCERTIFIED,2476.75,532337.703763,214.9756,0.6647157878332689,26,60,2476.82,2476.53,1789009680,2026-09-10T03:08:00+00:00,2476.53,research_batch_v2,B-ETH_USDT,323.4098000000001,173
13.455000000000004,46.60750000000001,UNCERTIFIED,2476.38,-82105.66548399998,-33.1525,-0.5519667013527575,27,60,2476.87,2476.37,1789009740,2026-09-10T03:09:00+00:00,2476.75,research_batch_v2,B-ETH_USDT,60.062500000000014,150
33.8434,15.549199999999999,UNCERTIFIED,2476.65,45299.690038999994,18.2942,0.3703834177589355,25,60,2476.66,2475.85,1789009800,2026-09-10T03:10:00+00:00,2476.37,research_batch_v2,B-ETH_USDT,49.3926,190
26.584799999999998,70.46850000000002,UNCERTIFIED,2476.39,-108683.520647,-43.883700000000005,-0.45216082297047094,26,60,2477.26,2476.38,1789009860,2026-09-10T03:11:00+00:00,2476.65,research_batch_v2,B-ETH_USDT,97.0533,259
3.8335,5.674799999999999,UNCERTIFIED,2476.2,-4559.382401000003,-1.8413000000000006,-0.19365186205736054,26,59,2476.28,2476.02,1789009920,2026-09-10T03:12:00+00:00,2476.28,research_batch_v2,B-ETH_USDT,9.508299999999997,106
12.190800000000003,33.6754,UNCERTIFIED,2475.91,-53197.022576,-21.4846,-0.4684190100771374,27,58,2476.2,2475.9,1789009980,2026-09-10T03:13:00+00:00,2476.2,research_batch_v2,B-ETH_USDT,45.866200000000006,77
57.12780000000001,66.65700000000001,UNCERTIFIED,2475.27,-23591.405591999996,-9.529200000000003,-0.07698198809546893,24,60,2475.91,2475.27,1789010040,2026-09-10T03:14:00+00:00,2475.9,research_batch_v2,B-ETH_USDT,123.7848,153
105.7015,120.6316,UNCERTIFIED,2475.15,-36952.220349,-14.930099999999998,-0.06596516373433671,24,60,2475.27,2474.87,1789010100,2026-09-10T03:15:00+00:00,2475.17,research_batch_v2,B-ETH_USDT,226.33309999999992,216
52.607099999999996,138.90620000000015,UNCERTIFIED,2474.67,-213547.32704,-86.29910000000011,-0.4506167456777155,24,59,2475.14,2474.37,1789010160,2026-09-10T03:16:00+00:00,2475.14,research_batch_v2,B-ETH_USDT,191.51330000000019,399
163.46640000000002,43.41010000000001,UNCERTIFIED,2475.62,297050.3795989999,120.05630000000002,0.5803283601569053,25,59,2475.98,2474.15,1789010220,2026-09-10T03:17:00+00:00,2474.68,research_batch_v2,B-ETH_USDT,206.87650000000002,299
21.736900000000002,25.282500000000002,UNCERTIFIED,2476.14,-8782.139133000013,-3.5456000000000003,-0.07540717235864344,24,58,2476.45,2475.61,1789010280,2026-09-10T03:18:00+00:00,2475.62,research_batch_v2,B-ETH_USDT,47.01940000000001,294
4.786799999999999,16.4384,UNCERTIFIED,2475.61,-28849.958733000007,-11.651600000000002,-0.5489512466313627,25,60,2476.28,2475.6,1789010340,2026-09-10T03:19:00+00:00,2475.73,research_batch_v2,B-ETH_USDT,21.2252,204
13.581400000000002,5.696,UNCERTIFIED,2476.13,19521.298818999996,7.885400000000006,0.409048938134811,24,60,2476.14,2475.6,1789010400,2026-09-10T03:20:00+00:00,2475.6,research_batch_v2,B-ETH_USDT,19.2774,130
13.8985,52.38580000000001,UNCERTIFIED,2476.41,-95308.75964399999,-38.487300000000005,-0.580639759339693,23,60,2476.41,2475.58,1789010460,2026-09-10T03:21:00+00:00,2476.14,research_batch_v2,B-ETH_USDT,66.28429999999999,218
27.1221,178.15820000000002,UNCERTIFIED,2475.02,-373964.8168559999,-151.03610000000003,-0.7357554524228579,25,60,2476.66,2475.02,1789010520,2026-09-10T03:22:00+00:00,2476.41,research_batch_v2,B-ETH_USDT,205.28030000000004,266
25.512900000000005,23.889,UNCERTIFIED,2473.68,4018.0538799999963,1.6239000000000028,0.03287120535849841,24,60,2474.87,2473.67,1789010580,2026-09-10T03:23:00+00:00,2474.47,research_batch_v2,B-ETH_USDT,49.4019,313
99.37280000000001,54.038500000000006,UNCERTIFIED,2473.65,112127.49999900002,45.334300000000006,0.2955082187557241,25,60,2473.93,2473.38,1789010640,2026-09-10T03:24:00+00:00,2473.67,research_batch_v2,B-ETH_USDT,153.41129999999998,202
9.691000000000003,26.538399999999996,UNCERTIFIED,2473.47,-41679.45002800003,-16.8474,-0.46502012177954904,25,60,2473.95,2473.38,1789010700,2026-09-10T03:25:00+00:00,2473.67,research_batch_v2,B-ETH_USDT,36.22940000000001,176
81.5236,208.63319999999996,UNCERTIFIED,2472.14,-314362.9418420003,-127.10960000000003,-0.43807210446213907,25,60,2473.47,2472.14,1789010760,2026-09-10T03:26:00+00:00,2473.47,research_batch_v2,B-ETH_USDT,290.1568000000001,423
10.3106,6.652499999999999,UNCERTIFIED,2472.49,9043.707787999998,3.658100000000002,0.21565044125189398,26,59,2472.49,2472.19,1789010820,2026-09-10T03:27:00+00:00,2472.19,research_batch_v2,B-ETH_USDT,16.963099999999997,110
265.3693,67.84199999999998,UNCERTIFIED,2475.69,488396.29536599945,197.52730000000005,0.5927989236859615,25,60,2475.78,2472.45,1789010880,2026-09-10T03:28:00+00:00,2472.49,research_batch_v2,B-ETH_USDT,333.21130000000005,584
60.7536,20.887299999999996,UNCERTIFIED,2476.56,98709.83394500002,39.8663,0.48831284319501633,23,60,2476.64,2475.54,1789010940,2026-09-10T03:29:00+00:00,2475.7,research_batch_v2,B-ETH_USDT,81.64089999999999,225
11.532399999999999,30.97800000000001,UNCERTIFIED,2475.56,-48148.83831599998,-19.445599999999995,-0.45743159321013205,25,60,2476.56,2475.56,1789011000,2026-09-10T03:30:00+00:00,2476.56,research_batch_v2,B-ETH_USDT,42.5104,239
13.065200000000003,50.09939999999999,UNCERTIFIED,2475.66,-91693.604371,-37.03419999999999,-0.5863125864804019,23,60,2475.96,2475.56,1789011060,2026-09-10T03:31:00+00:00,2475.57,research_batch_v2,B-ETH_USDT,63.1646,125
79.6512,7.796800000000002,UNCERTIFIED,2477.29,177926.38225600007,71.85440000000001,0.8216814564083799,26,60,2477.29,2475.67,1789011120,2026-09-10T03:32:00+00:00,2475.67,research_batch_v2,B-ETH_USDT,87.44800000000001,282
73.53409999999998,34.65729999999999,UNCERTIFIED,2478.66,96333.06357300004,38.87679999999999,0.35933355146527357,24,59,2478.67,2477.28,1789011180,2026-09-10T03:33:00+00:00,2477.29,research_batch_v2,B-ETH_USDT,108.19139999999997,376
37.525400000000005,298.5309000000001,UNCERTIFIED,2476.14,-646766.7157939995,-261.00550000000004,-0.7766719445521476,24,60,2479.0,2476.14,1789011240,2026-09-10T03:34:00+00:00,2478.67,research_batch_v2,B-ETH_USDT,336.0563000000002,592
18.5429,20.168200000000006,UNCERTIFIED,2473.69,-4029.936514000007,-1.6253000000000002,-0.04198537370418305,25,60,2476.15,2473.69,1789011300,2026-09-10T03:35:00+00:00,2476.15,research_batch_v2,B-ETH_USDT,38.711099999999995,344
33.925399999999996,56.83679999999998,UNCERTIFIED,2473.95,-56647.037067,-22.911400000000004,-0.2524332816965654,24,60,2473.96,2472.71,1789011360,2026-09-10T03:36:00+00:00,2473.68,research_batch_v2,B-ETH_USDT,90.76219999999998,398
24.711900000000004,30.351699999999997,UNCERTIFIED,2475.14,-13966.384112999987,-5.6398,-0.10242337951023907,25,60,2475.15,2473.95,1789011420,2026-09-10T03:37:00+00:00,2473.95,research_batch_v2,B-ETH_USDT,55.0636,316
20.739299999999997,70.98119999999999,UNCERTIFIED,2474.27,-124347.163414,-50.241899999999966,-0.5477717631281991,24,60,2474.73,2473.21,1789011480,2026-09-10T03:38:00+00:00,2474.73,research_batch_v2,B-ETH_USDT,91.72049999999997,421
26.233500000000003,22.4454,UNCERTIFIED,2474.64,9373.221025999997,3.7881000000000014,0.07781811010519961,25,60,2474.64,2474.01,1789011540,2026-09-10T03:39:00+00:00,2474.01,research_batch_v2,B-ETH_USDT,48.678900000000006,176
47.63160000000002,37.8609,UNCERTIFIED,2475.14,24172.669312000005,9.77070000000002,0.11428721817703325,26,60,2475.14,2474.44,1789011600,2026-09-10T03:40:00+00:00,2474.64,research_batch_v2,B-ETH_USDT,85.49250000000004,282
71.48530000000002,28.6201,UNCERTIFIED,2474.98,106094.01895799997,42.86519999999997,0.4282006764869823,25,60,2475.27,2474.67,1789011660,2026-09-10T03:41:00+00:00,2475.14,research_batch_v2,B-ETH_USDT,100.10540000000003,261
360.9697000000003,125.08630000000001,UNCERTIFIED,2476.21,583937.6940089993,235.88340000000028,0.48530087068156796,23,60,2477.64,2474.98,1789011720,2026-09-10T03:42:00+00:00,2474.98,research_batch_v2,B-ETH_USDT,486.05600000000015,488
10.996500000000003,4.892,UNCERTIFIED,2476.42,15116.296981999996,6.104500000000002,0.3842087044088492,25,58,2476.42,2476.2,1789011780,2026-09-10T03:43:00+00:00,2476.2,research_batch_v2,B-ETH_USDT,15.888500000000004,59
9.306899999999999,14.156299999999996,UNCERTIFIED,2476.38,-12009.109611,-4.849399999999999,-0.2066811006171366,23,60,2476.41,2475.91,1789011840,2026-09-10T03:44:00+00:00,2476.41,research_batch_v2,B-ETH_USDT,23.4632,190
4.360099999999999,6.8762,UNCERTIFIED,2476.37,-6230.740614000001,-2.516100000000001,-0.22392602547101817,25,58,2476.39,2476.24,1789011900,2026-09-10T03:45:00+00:00,2476.39,research_batch_v2,B-ETH_USDT,11.236299999999998,64
33.18180000000001,20.4812,UNCERTIFIED,2477.18,31456.60286699998,12.700600000000003,0.23667331308350267,23,60,2477.18,2476.36,1789011960,2026-09-10T03:46:00+00:00,2476.37,research_batch_v2,B-ETH_USDT,53.663,210
41.724799999999995,11.2839,UNCERTIFIED,2478.14,75412.859233,30.44089999999999,0.574262338069034,26,58,2478.14,2477.17,1789012020,2026-09-10T03:47:00+00:00,2477.17,research_batch_v2,B-ETH_USDT,53.008699999999976,188
51.59489999999999,28.244099999999996,UNCERTIFIED,2478.99,57881.92549200001,23.350800000000007,0.2924736031262917,25,60,2478.99,2478.16,1789012080,2026-09-10T03:48:00+00:00,2478.16,research_batch_v2,B-ETH_USDT,79.839,257
86.01400000000002,18.3928,UNCERTIFIED,2479.03,167627.263553,67.62119999999999,0.6476704582460144,23,60,2479.14,2478.41,1789012140,2026-09-10T03:49:00+00:00,2478.99,research_batch_v2,B-ETH_USDT,104.40680000000002,309
64.7197,231.00639999999996,UNCERTIFIED,2476.39,-412074.05077799974,-166.2867,-0.5622997090889169,23,60,2478.9,2475.9,1789012200,2026-09-10T03:50:00+00:00,2478.19,research_batch_v2,B-ETH_USDT,295.7261000000001,673
13.572399999999995,17.855500000000006,UNCERTIFIED,2475.26,-10605.745797,-4.2831,-0.13628336605372934,23,60,2476.41,2475.26,1789012260,2026-09-10T03:51:00+00:00,2476.41,research_batch_v2,B-ETH_USDT,31.427899999999998,279
22.115099999999998,8.022800000000002,UNCERTIFIED,2474.5,34872.323959,14.0923,0.4675939597649471,24,59,2475.26,2474.49,1789012320,2026-09-10T03:52:00+00:00,2475.26,research_batch_v2,B-ETH_USDT,30.137900000000002,125
27.941200000000002,1.6201,UNCERTIFIED,2474.9,65134.642213,26.3211,0.8903904767381677,26,59,2474.9,2474.5,1789012380,2026-09-10T03:53:00+00:00,2474.5,research_batch_v2,B-ETH_USDT,29.561300000000003,133
12.8643,17.5494,UNCERTIFIED,2475.13,-11598.455265000002,-4.685099999999997,-0.15404570966373693,24,60,2475.33,2474.89,1789012440,2026-09-10T03:54:00+00:00,2474.9,research_batch_v2,B-ETH_USDT,30.413700000000006,197
71.6768,115.46490000000001,UNCERTIFIED,2473.37,-108372.953386,-43.78810000000002,-0.23398366050965666,25,60,2475.11,2473.36,1789012500,2026-09-10T03:55:00+00:00,2475.11,research_batch_v2,B-ETH_USDT,187.14170000000004,254
26.871900000000004,7.2903,UNCERTIFIED,2473.77,48433.45714799999,19.58160000000001,0.5731949347524459,24,60,2473.78,2473.36,1789012560,2026-09-10T03:56:00+00:00,2473.37,research_batch_v2,B-ETH_USDT,34.162200000000006,91
12.416200000000002,32.784699999999994,UNCERTIFIED,2473.77,-50386.727865,-20.368499999999994,-0.4506215584202969,25,59,2473.78,2473.4,1789012620,2026-09-10T03:57:00+00:00,2473.78,research_batch_v2,B-ETH_USDT,45.20089999999999,125
1.9209000000000003,26.842100000000002,UNCERTIFIED,2473.24,-61642.433123,-24.921200000000002,-0.8664325696206929,24,60,2473.56,2473.23,1789012680,2026-09-10T03:58:00+00:00,2473.56,research_batch_v2,B-ETH_USDT,28.763000000000012,80
287.44890000000004,118.73089999999999,UNCERTIFIED,2475.41,417427.6948150001,168.71800000000027,0.41537762340717155,24,60,2475.66,2473.23,1789012740,2026-09-10T03:59:00+00:00,2473.23,research_batch_v2,B-ETH_USDT,406.17980000000006,390
46.0513,35.2188,UNCERTIFIED,2475.9,26836.079765000002,10.832499999999994,0.13329010300221106,25,60,2475.92,2474.85,1789012800,2026-09-10T04:00:00+00:00,2474.99,research_batch_v2,B-ETH_USDT,81.27010000000001,286
6.2395,6.599600000000001,UNCERTIFIED,2475.82,-891.7507619999949,-0.3601000000000022,-0.028047137260400035,26,60,2476.21,2475.81,1789012860,2026-09-10T04:01:00+00:00,2475.9,research_batch_v2,B-ETH_USDT,12.839100000000004,148
27.419800000000006,268.89979999999997,UNCERTIFIED,2475.49,-597636.7889990001,-241.48000000000005,-0.8149309056842682,25,59,2476.46,2474.98,1789012920,2026-09-10T04:02:00+00:00,2475.81,research_batch_v2,B-ETH_USDT,296.3196,387
62.849900000000005,27.932299999999998,UNCERTIFIED,2476.0,86443.00639600001,34.91759999999999,0.38463046720612615,24,60,2476.0,2475.03,1789012980,2026-09-10T04:03:00+00:00,2475.48,research_batch_v2,B-ETH_USDT,90.78220000000002,250
25.1418,2.5008000000000004,UNCERTIFIED,2476.55,56066.091501,22.641,0.8190618827461961,24,60,2476.55,2475.99,1789013040,2026-09-10T04:04:00+00:00,2476.0,research_batch_v2,B-ETH_USDT,27.642599999999998,139
136.5032000000003,33.53290000000001,UNCERTIFIED,2477.83,255128.34142699974,102.97030000000036,0.605579050566322,25,59,2478.78,2476.54,1789013100,2026-09-10T04:05:00+00:00,2476.54,research_batch_v2,B-ETH_USDT,170.0361000000003,526
113.9293,35.285500000000006,UNCERTIFIED,2477.76,194843.298819,78.6438,0.5270509359661373,25,59,2478.1,2476.95,1789013160,2026-09-10T04:06:00+00:00,2477.84,research_batch_v2,B-ETH_USDT,149.21480000000003,341
35.128999999999984,12.129600000000002,UNCERTIFIED,2478.11,56986.49294299997,22.99939999999999,0.48667120904978145,26,60,2478.12,2477.7,1789013220,2026-09-10T04:07:00+00:00,2477.76,research_batch_v2,B-ETH_USDT,47.25859999999998,104
25.4291,41.1677,UNCERTIFIED,2477.05,-39008.91641400002,-15.738600000000005,-0.23632667035052743,24,60,2478.11,2477.05,1789013280,2026-09-10T04:08:00+00:00,2478.11,research_batch_v2,B-ETH_USDT,66.5968,159
10.010599999999998,37.8664,UNCERTIFIED,2476.95,-69002.09534600002,-27.855799999999995,-0.5818200806232637,25,60,2477.22,2476.95,1789013340,2026-09-10T04:09:00+00:00,2477.21,research_batch_v2,B-ETH_USDT,47.876999999999995,93
0.9063,41.00459999999999,UNCERTIFIED,2476.36,-99318.925931,-40.098299999999995,-0.9567511077070644,26,59,2476.95,2476.36,1789013400,2026-09-10T04:10:00+00:00,2476.95,research_batch_v2,B-ETH_USDT,41.91089999999999,91
21.034600000000005,7.053199999999999,UNCERTIFIED,2475.88,34614.81048700002,13.981400000000004,0.49777483462570943,25,60,2476.43,2475.86,1789013460,2026-09-10T04:11:00+00:00,2476.37,research_batch_v2,B-ETH_USDT,28.087800000000005,126
4.043800000000001,21.041300000000007,UNCERTIFIED,2475.84,-42082.90570899999,-16.997500000000002,-0.6775934718219182,26,59,2475.88,2475.83,1789013520,2026-09-10T04:12:00+00:00,2475.88,research_batch_v2,B-ETH_USDT,25.085100000000004,45
8.1398,3.2329,UNCERTIFIED,2475.63,12147.588215000002,4.906899999999999,0.4314630650593087,25,60,2475.84,2475.62,1789013580,2026-09-10T04:13:00+00:00,2475.84,research_batch_v2,B-ETH_USDT,11.372699999999998,51
49.1491,26.944000000000003,UNCERTIFIED,2475.2,54964.398407,22.205100000000012,0.2918148951744641,25,60,2475.62,2475.2,1789013640,2026-09-10T04:14:00+00:00,2475.62,research_batch_v2,B-ETH_USDT,76.0931,104
41.634699999999995,29.6073,UNCERTIFIED,2475.83,29761.366999999984,12.027399999999993,0.16882456977625548,23,60,2475.84,2475.19,1789013700,2026-09-10T04:15:00+00:00,2475.21,research_batch_v2,B-ETH_USDT,71.242,129
20.5764,9.886300000000002,UNCERTIFIED,2475.83,26467.26381600001,10.690100000000003,0.3509242450603526,24,60,2476.2,2475.83,1789013760,2026-09-10T04:16:00+00:00,2475.94,research_batch_v2,B-ETH_USDT,30.4627,116
10.8474,18.3468,UNCERTIFIED,2475.75,-18568.46343499999,-7.499400000000003,-0.2568797911914011,23,60,2475.87,2475.24,1789013820,2026-09-10T04:17:00+00:00,2475.83,research_batch_v2,B-ETH_USDT,29.19420000000001,191
52.99249999999999,16.053099999999997,UNCERTIFIED,2477.17,91473.09000599997,36.939400000000006,0.5350000579327286,25,60,2477.18,2475.75,1789013880,2026-09-10T04:18:00+00:00,2475.75,research_batch_v2,B-ETH_USDT,69.0456,240
31.7967,14.185599999999999,UNCERTIFIED,2477.63,43619.36689799999,17.611100000000008,0.38299737072743223,24,60,2477.63,2476.6,1789013940,2026-09-10T04:19:00+00:00,2477.18,research_batch_v2,B-ETH_USDT,45.9823,244
11.135500000000004,47.3724,UNCERTIFIED,2477.2,-89770.17565000002,-36.23689999999999,-0.619350549242068,24,60,2477.81,2477.2,1789014000,2026-09-10T04:20:00+00:00,2477.62,research_batch_v2,B-ETH_USDT,58.5079,145
2.8654,17.107100000000003,UNCERTIFIED,2477.0,-35279.408376,-14.2417,-0.7130654650143945,25,58,2477.21,2477.0,1789014060,2026-09-10T04:21:00+00:00,2477.2,research_batch_v2,B-ETH_USDT,19.972500000000007,76
25.605099999999997,16.417900000000003,UNCERTIFIED,2476.51,22747.393150000004,9.187199999999994,0.21862313494990826,23,60,2477.01,2476.25,1789014120,2026-09-10T04:22:00+00:00,2477.01,research_batch_v2,B-ETH_USDT,42.022999999999996,146
18.638900000000003,9.0636,UNCERTIFIED,2476.54,23712.503386000008,9.575299999999999,0.3456475047378395,25,60,2476.55,2476.12,1789014180,2026-09-10T04:23:00+00:00,2476.52,research_batch_v2,B-ETH_USDT,27.7025,149
4.256699999999999,10.3976,UNCERTIFIED,2476.55,-15207.606182000001,-6.140900000000003,-0.4190510635103692,23,60,2476.55,2476.26,1789014240,2026-09-10T04:24:00+00:00,2476.54,research_batch_v2,B-ETH_USDT,14.6543,139
4.05,8.543799999999997,UNCERTIFIED,2476.42,-11128.652299000005,-4.4938,-0.3568263748828789,24,60,2476.55,2476.2,1789014300,2026-09-10T04:25:00+00:00,2476.55,research_batch_v2,B-ETH_USDT,12.5938,118
4.790500000000001,35.28860000000001,UNCERTIFIED,2476.25,-75524.907441,-30.4981,-0.7609477258720881,23,59,2476.42,2476.21,1789014360,2026-09-10T04:26:00+00:00,2476.41,research_batch_v2,B-ETH_USDT,40.07909999999999,72
10.287900000000002,4.7472,UNCERTIFIED,2476.55,13719.510608999994,5.540699999999999,0.36851766865534646,25,59,2476.55,2476.24,1789014420,2026-09-10T04:27:00+00:00,2476.25,research_batch_v2,B-ETH_USDT,15.035099999999998,88
186.30330000000015,217.15069999999997,UNCERTIFIED,2479.49,-76391.9103750002,-30.847399999999865,-0.07645828272863782,23,60,2479.82,2476.54,1789014480,2026-09-10T04:28:00+00:00,2476.54,research_batch_v2,B-ETH_USDT,403.4540000000003,798
2.2721999999999993,56.2543,UNCERTIFIED,2478.15,-133829.07961400005,-53.98210000000001,-0.9223531220899934,24,60,2479.49,2478.15,1789014540,2026-09-10T04:29:00+00:00,2479.49,research_batch_v2,B-ETH_USDT,58.52650000000001,168
7.161900000000001,7.2631,UNCERTIFIED,2478.15,-251.9682009999974,-0.10119999999999907,-0.007015597920277233,25,60,2478.16,2477.76,1789014600,2026-09-10T04:30:00+00:00,2478.16,research_batch_v2,B-ETH_USDT,14.424999999999997,139
26.5802,90.93949999999998,UNCERTIFIED,2479.49,-159521.2047080001,-64.3593,-0.5476469051571781,23,60,2479.49,2478.16,1789014660,2026-09-10T04:31:00+00:00,2478.16,research_batch_v2,B-ETH_USDT,117.51969999999997,326
149.36550000000003,55.97029999999999,UNCERTIFIED,2479.84,231599.58105399995,93.39520000000002,0.4548412892442525,24,60,2479.91,2479.13,1789014720,2026-09-10T04:32:00+00:00,2479.48,research_batch_v2,B-ETH_USDT,205.3358000000001,385
25.597199999999997,23.5547,UNCERTIFIED,2480.01,5067.916450999968,2.0424999999999955,0.04155485342377397,25,60,2480.01,2479.62,1789014780,2026-09-10T04:33:00+00:00,2479.84,research_batch_v2,B-ETH_USDT,49.15189999999999,140
96.62089999999998,52.30749999999998,UNCERTIFIED,2480.41,109904.30380499997,44.3134,0.29754835209402636,26,60,2480.99,2480.0,1789014840,2026-09-10T04:34:00+00:00,2480.01,research_batch_v2,B-ETH_USDT,148.9284,527
11.780600000000002,64.78960000000001,UNCERTIFIED,2477.95,-131442.507209,-53.00900000000001,-0.692292824101282,24,60,2480.41,2477.65,1789014900,2026-09-10T04:35:00+00:00,2480.4,research_batch_v2,B-ETH_USDT,76.57020000000003,413
22.950200000000006,28.156500000000005,UNCERTIFIED,2477.81,-12900.771928000004,-5.206299999999992,-0.10187118323037864,23,60,2478.45,2477.76,1789014960,2026-09-10T04:36:00+00:00,2477.94,research_batch_v2,B-ETH_USDT,51.1067,259
15.024400000000002,12.1445,UNCERTIFIED,2477.73,7136.421500999996,2.879899999999999,0.10599987485691358,24,59,2478.45,2477.73,1789015020,2026-09-10T04:37:00+00:00,2477.8,research_batch_v2,B-ETH_USDT,27.168899999999997,189
11.835400000000003,12.169399999999998,UNCERTIFIED,2477.51,-828.7797090000015,-0.3339999999999993,-0.01391388388988866,23,60,2477.73,2477.22,1789015080,2026-09-10T04:38:00+00:00,2477.73,research_batch_v2,B-ETH_USDT,24.0048,162
3.2426999999999997,7.483,UNCERTIFIED,2477.63,-10506.11806,-4.2402999999999995,-0.3953401642783221,26,59,2477.76,2477.5,1789015140,2026-09-10T04:39:00+00:00,2477.5,research_batch_v2,B-ETH_USDT,10.725700000000002,77
2.5458999999999996,3.4741999999999997,UNCERTIFIED,2477.48,-2299.868591999998,-0.9283000000000005,-0.1542000963439146,24,59,2477.63,2477.48,1789015200,2026-09-10T04:40:00+00:00,2477.63,research_batch_v2,B-ETH_USDT,6.020100000000001,63
31.750899999999998,20.722,UNCERTIFIED,2478.79,27321.806272000013,11.028900000000002,0.21018278006361388,24,60,2478.85,2477.48,1789015260,2026-09-10T04:41:00+00:00,2477.49,research_batch_v2,B-ETH_USDT,52.47289999999999,199
27.13,40.0734,UNCERTIFIED,2477.19,-32069.461438999977,-12.94340000000001,-0.19260037438581995,24,60,2478.79,2477.18,1789015320,2026-09-10T04:42:00+00:00,2478.79,research_batch_v2,B-ETH_USDT,67.20339999999999,241
107.18370000000003,54.10039999999999,UNCERTIFIED,2478.04,131513.39371199993,53.08330000000006,0.32912915780290836,24,60,2478.88,2478.03,1789015380,2026-09-10T04:43:00+00:00,2478.6,research_batch_v2,B-ETH_USDT,161.28410000000002,299
17.156899999999997,88.67140000000002,UNCERTIFIED,2477.19,-177166.508778,-71.51450000000003,-0.6757596975478205,24,60,2478.04,2477.11,1789015440,2026-09-10T04:44:00+00:00,2478.04,research_batch_v2,B-ETH_USDT,105.82830000000003,181
32.8548,126.1982,UNCERTIFIED,2477.64,-231263.84835799993,-93.34339999999999,-0.5868697855431838,23,60,2477.64,2477.01,1789015500,2026-09-10T04:45:00+00:00,2477.19,research_batch_v2,B-ETH_USDT,159.05299999999997,165
42.18569999999999,82.56830000000002,UNCERTIFIED,2478.88,-100043.21905400002,-40.3826,-0.32369783734389274,24,60,2478.88,2477.28,1789015560,2026-09-10T04:46:00+00:00,2477.65,research_batch_v2,B-ETH_USDT,124.754,281
34.8602,164.50310000000005,UNCERTIFIED,2477.38,-321363.89211099996,-129.64290000000005,-0.6502846812828637,24,59,2479.35,2477.12,1789015620,2026-09-10T04:47:00+00:00,2479.19,research_batch_v2,B-ETH_USDT,199.36330000000018,301
22.869400000000002,13.7597,UNCERTIFIED,2477.29,22565.687460999998,9.109700000000002,0.24870116928889863,25,60,2477.77,2477.15,1789015680,2026-09-10T04:48:00+00:00,2477.77,research_batch_v2,B-ETH_USDT,36.62910000000002,192
10.802900000000003,3.4839,UNCERTIFIED,2477.71,18133.249689,7.319000000000001,0.5122910658789933,24,58,2477.71,2477.28,1789015740,2026-09-10T04:49:00+00:00,2477.28,research_batch_v2,B-ETH_USDT,14.2868,89
8.759200000000002,19.2758,UNCERTIFIED,2477.53,-26056.98136400001,-10.5166,-0.3751239522026039,25,60,2477.79,2477.28,1789015800,2026-09-10T04:50:00+00:00,2477.78,research_batch_v2,B-ETH_USDT,28.035,171
16.852500000000003,32.3373,UNCERTIFIED,2477.23,-38362.45701600001,-15.4848,-0.31479697010355806,23,59,2477.61,2477.22,1789015860,2026-09-10T04:51:00+00:00,2477.61,research_batch_v2,B-ETH_USDT,49.1898,123
9.192199999999998,18.9345,UNCERTIFIED,2476.2,-24123.327329999993,-9.742299999999998,-0.3463719526286411,17,41,2477.23,2476.2,1789015920,2026-09-10T04:52:00+00:00,2477.22,research_batch_v2,B-ETH_USDT,28.126699999999996,149
