aggressive_buy_qty,aggressive_sell_qty,book_features_status,book_imbalance_10_mean,book_imbalance_1_mean,book_imbalance_20_mean,book_imbalance_5_mean,book_valid_seconds,close,delta_notional,delta_qty,delta_ratio,depth_snapshot_events,depth_update_events,forward_return_1800s,forward_return_180s,forward_return_300s,forward_return_600s,forward_return_60s,forward_return_900s,futures_aggressive_buy_qty,futures_aggressive_sell_qty,futures_book_imbalance_10_mean,futures_book_imbalance_1_mean,futures_book_imbalance_20_mean,futures_book_imbalance_5_mean,futures_book_valid_seconds,futures_delta_notional,futures_delta_qty,futures_delta_ratio,futures_depth_snapshot_events,futures_last_trade_price,futures_microprice_mean,futures_spread_bps_mean,futures_total_qty,futures_trade_count,high,low,microprice_mean,minute_epoch,minute_utc,open,source_schema,spread_bps_mean,symbol,total_qty,trade_count
14.591319999999998,14.343870000000004,VALIDATED_ABSOLUTE_UPDATES_WITH_GAP_GUARD,-0.12366317139798896,-0.07071533853821144,-0.17551943281172583,-0.08950923688083949,0,83578.01,20718.223563099786,0.24744999999999834,0.00855187057696868,24,59,-0.0013697382840294203,-0.000277345679802532,-0.0004992940128628609,-0.0012570292113918136,-0.00024839069511217726,-0.0011486274918486306,36.68899999999999,53.49499999999998,-0.2145019223456933,-0.16281979669932728,-0.25797692177606507,-0.19412616184612488,26,-1405123.6687999994,-16.805999999999994,-0.18635234631420192,26,83536.5,83578.22262824092,0.011964838656139832,90.18400000000004,953,83654.42,83578.01,83616.99684981316,1790812800,2026-10-01T00:00:00+00:00,83615.24,research_batch_v6,0.0011959291482526522,B-BTC_USDT,28.935189999999995,1346
8.730669999999996,4.014780000000001,VALIDATED_ABSOLUTE_UPDATES_WITH_GAP_GUARD,0.07598285064400745,0.05615718526469935,0.06737132487094949,0.050209322815331,0,83557.25,394030.4968141997,4.71589,0.3700057667638257,24,60,-0.0007809017170862242,-0.00026760095623057367,-0.0004607619326868484,-0.00039793076004779326,-0.00027801297912499745,-0.001185773825730263,27.260999999999985,45.253000000000014,0.17611266394276312,0.1410973783905966,0.16196128532055093,0.17723475406811226,13,-1502770.9530000011,-17.991999999999997,-0.24811760487629958,13,83514.8,83518.58013179198,0.011973384738717202,72.51400000000004,506,83578.01,83550.0,83556.94661411922,1790812860,2026-10-01T00:01:00+00:00,83578.01,research_batch_v6,0.0011967885986347545,B-BTC_USDT,12.745449999999995,348
3.243050000000001,3.7551699999999997,VALIDATED_ABSOLUTE_UPDATES_WITH_GAP_GUARD,-0.6837768253800589,-0.6884061606454267,-0.6806019656417621,-0.6948719622202674,0,83534.02,-42784.985201699965,-0.5121199999999999,-0.07317860827467554,23,60,-0.0005748556097264768,2.705484543885639e-05,0.00010702226470127307,0.0001462877040994126,0.0002491200591088205,-0.0009065767456182261,20.147,18.316999999999997,-0.4547677303358536,-0.45568878668528734,-0.5886085509146892,-0.4560741568073037,5,152786.2298000001,1.8300000000000007,0.04757695507487523,5,83500.1,83506.28721556066,0.011975142995719506,38.464,298,83557.26,83534.01,83548.99555796919,1790812920,2026-10-01T00:02:00+00:00,83557.26,research_batch_v6,0.0011969024367511772,B-BTC_USDT,6.998220000000001,377
5.53208,3.3228800000000005,VALIDATED_ABSOLUTE_UPDATES_WITH_GAP_GUARD,0.4956710920643246,0.45663634518311036,0.3070429194577331,0.48935224059951526,0,83554.83,184553.86992300005,2.2092,0.24948729299737096,24,60,-0.0009022817711435982,-0.0004318122602846586,-3.111729148397302e-05,-0.00010280674378726484,-0.0002386456893036515,-0.0011578026069828384,14.004999999999995,9.975999999999997,0.07590035176535179,0.039189131267415356,0.057154629539651336,0.03657996784526238,4,336436.06450000004,4.028999999999998,0.16800800633835117,4,83519.2,83508.95195945656,0.011974764519934768,23.980999999999995,262,83554.83,83536.69,83540.0931165151,1790812980,2026-10-01T00:03:00+00:00,83536.69,research_batch_v6,0.0011970300686062261,B-BTC_USDT,8.85496,345
6.5740099999999995,3.1052000000000004,VALIDATED_ABSOLUTE_UPDATES_WITH_GAP_GUARD,-0.13846196872801672,-0.0387263788902757,-0.14759623033448932,-0.09844796726385383,0,83534.89,289784.04699860007,3.4688099999999986,0.35837738823726295,24,60,-0.0008006235478373869,9.660634017727432e-05,-0.0006174665460144668,-0.0003093318253006849,1.6639753760427922e-05,-0.0009467900179194189,12.062999999999994,20.828999999999994,-0.1952154706259312,-0.21343750079836438,-0.1926713899587214,-0.19449956599986568,10,-731910.0462,-8.765999999999996,-0.2665085735133163,10,83493.5,83504.83932812497,0.011975352665443268,32.89199999999999,503,83559.39,83532.75,83544.20747303477,1790813040,2026-10-01T00:04:00+00:00,83554.82,research_batch_v6,0.0011969710910682116,B-BTC_USDT,9.679210000000001,352
2.87266,0.17767,VALIDATED_ABSOLUTE_UPDATES_WITH_GAP_GUARD,-0.03798704873640294,-0.07399542612912162,-0.05602722567832486,-0.07878605266819048,0,83536.28,225129.03732750003,2.6949899999999998,0.88350768605364,23,60,-0.0008651330894792197,0.00019093500452727064,-0.000758113720170428,-0.0006496578492602989,-0.00020984894227993323,-0.0004084452886816692,9.256999999999998,17.421999999999993,-0.2273965595401407,-0.20852227906343188,-0.2623639635333759,-0.21769819063001603,6,-681738.0085000001,-8.165000000000001,-0.3060459537463923,6,83493.3,83498.23957388605,0.011976298943707213,26.679,267,83536.29,83534.88,83536.12129668955,1790813100,2026-10-01T00:05:00+00:00,83534.89,research_batch_v6,0.0011970869362302515,B-BTC_USDT,3.0503299999999998,191
4.290280000000001,5.677260000000005,VALIDATED_ABSOLUTE_UPDATES_WITH_GAP_GUARD,0.5957480167074996,0.6287410573237684,0.41378340641357547,0.6141309896538224,0,83518.75,-115858.68111280027,-1.3869800000000025,-0.13914967986082846,22,60,-3.292673800792123e-05,-0.0004243358527277197,6.286013619694053e-05,-0.000725346104916591,0.0002898750280626583,-0.000376562149217996,20.536,24.164000000000005,0.05369436635864971,0.06265185786301551,0.017464118560954155,0.044587208359779924,6,-303046.96429999947,-3.6279999999999997,-0.0811633109619687,6,83480.6,83475.98646592624,0.011979493560745244,44.69999999999998,366,83536.29,83509.44,83518.97764370528,1790813160,2026-10-01T00:06:00+00:00,83536.29,research_batch_v6,0.0011973327176152348,B-BTC_USDT,9.967540000000003,524
4.681490000000001,0.20202,VALIDATED_ABSOLUTE_UPDATES_WITH_GAP_GUARD,0.8340734167819926,0.8718338021827083,0.7757009050375161,0.8675568055390598,0,83542.96,374164.7513099002,4.47947,0.9172644266111875,24,60,-0.0004944761353919969,-0.0008380119641440142,3.9261237571697194e-05,-0.001013490544266249,0.00011096087569772983,-0.0008730837403894132,15.959999999999997,6.09,0.5860133012953908,0.6995972296454053,0.5479966977222877,0.7020853203076387,5,824014.9042999999,9.87,0.44761904761904764,5,83508.3,83496.46497986148,0.011976560027476246,22.049999999999997,323,83542.96,83518.75,83528.56419250232,1790813220,2026-10-01T00:07:00+00:00,83518.75,research_batch_v6,0.0011971953135169967,B-BTC_USDT,4.88351,271
2.89444,0.22412000000000004,VALIDATED_ABSOLUTE_UPDATES_WITH_GAP_GUARD,-0.0464032504861043,-0.043761314225185526,-0.14197517726049697,-0.03639971278376604,0,83552.23,223104.62063630004,2.67032,0.8562669950233441,23,60,-0.0006439086066284405,-0.000337872490058011,-7.169168315424024e-05,-0.0011267203759851574,-0.0008248732559262839,-0.001103740737979142,6.730999999999999,9.640999999999995,0.2585428149360821,0.2482737960111173,0.23070286651772776,0.25548752617147835,5,-243043.1328999998,-2.9099999999999997,-0.17774248717322255,5,83508.5,83511.9024136898,0.01197434284746494,16.372,279,83552.24,83542.95,83550.40894786012,1790813280,2026-10-01T00:08:00+00:00,83542.96,research_batch_v6,0.0011968822325160347,B-BTC_USDT,3.1185599999999996,184
3.345309999999998,22.049349999999986,VALIDATED_ABSOLUTE_UPDATES_WITH_GAP_GUARD,-0.5275861681535811,-0.5218960835313041,-0.5790969062755632,-0.5318666189403624,0,83483.31,-1561911.5973598005,-18.70403999999998,-0.7365343737620427,25,59,0.0004624876517234089,0.0007538033650080767,0.0003083251011490873,-0.0003295269437686432,-0.00012409666075774428,-0.00015212621540761084,5.406999999999998,57.156000000000006,-0.2805814107038774,-0.355275204057022,-0.2851150004364653,-0.35941198850644546,12,-4319099.250899999,-51.74900000000001,-0.827150232565574,12,83440.5,83459.20723623979,0.01198189942709249,62.56300000000001,476,83517.37,83483.31,83512.3606956043,1790813340,2026-10-01T00:09:00+00:00,83517.37,research_batch_v6,0.0011974275122236166,B-BTC_USDT,25.39465999999998,797
5.845469999999999,6.62826,VALIDATED_ABSOLUTE_UPDATES_WITH_GAP_GUARD,0.3509930554010124,0.3587120446033807,0.2484424911352691,0.36452332715898333,0,83472.95,-65380.2769863,-0.7827900000000018,-0.06275508608892465,23,58,0.0006116951659189684,0.0008780089837487903,0.00010853815517486431,0.0003499337210437492,0.0006115753666307011,0.00017394856657171331,35.28199999999998,55.56099999999999,0.1241520099985409,0.12428054231991298,0.11074473188252665,0.11422172692923079,16,-1692252.053600001,-20.279000000000003,-0.22323128914721013,16,83431.1,83436.46871402711,0.011985167939631553,90.84299999999998,673,83496.01,83458.16,83479.78662114646,1790813400,2026-10-01T00:10:00+00:00,83483.31,research_batch_v6,0.001197894820446568,B-BTC_USDT,12.473729999999994,631
4.145200000000001,1.9678900000000004,VALIDATED_ABSOLUTE_UPDATES_WITH_GAP_GUARD,0.5561892958861736,0.5954924140192623,0.4951439188242425,0.5774729334018018,0,83524.0,181809.94226079996,2.17731,0.356171756018642,23,60,-0.00010655619941568606,-0.00017899046980507372,-0.0007881566974762277,-0.00043939466500642066,0.00026627077247254327,-0.0005208083904028049,58.15299999999999,16.855999999999995,0.03464846286999207,0.1408854291686944,-0.016647607850794693,0.08662238396693972,17,3446997.2454999997,41.29699999999999,0.5505605993947391,17,83495.7,83453.0629266244,0.011982785656567584,75.009,656,83524.0,83472.94,83494.25064412874,1790813460,2026-10-01T00:11:00+00:00,83472.95,research_batch_v6,0.0011976873695525613,B-BTC_USDT,6.11309,390
3.405219999999999,1.2463899999999999,VALIDATED_ABSOLUTE_UPDATES_WITH_GAP_GUARD,0.4699738592456994,0.49122409870069533,0.4146865940049357,0.4858396517404453,0,83546.24,180355.41529870007,2.1588299999999996,0.46410382641708975,23,60,-0.0002052755456141142,-0.0007687958189381838,-0.0010527104511227625,-0.0009123091595744093,0.0,-0.0007868696424878641,13.732999999999997,29.65299999999999,0.38938806090081735,0.3879436969267692,0.31694937733698014,0.40185641801418615,13,-1329475.7591,-15.920000000000002,-0.36693864380214847,13,83503.2,83507.12324333869,0.011975029155411578,43.38599999999997,520,83550.59,83524.01,83545.21245612048,1790813520,2026-10-01T00:12:00+00:00,83524.01,research_batch_v6,0.001196956724233992,B-BTC_USDT,4.651610000000002,262
2.474710000000001,2.6747000000000005,VALIDATED_ABSOLUTE_UPDATES_WITH_GAP_GUARD,0.44561382552163253,0.49481076533418167,0.39321546267932866,0.4682069528896284,0,83546.24,-16708.387790499968,-0.19998999999999967,-0.03883745904870648,24,60,-0.0002052755456141142,-0.001054146781471088,-0.0010551043350366385,-0.0010321230494635403,-0.00044514271378348624,-0.000816673497215592,8.703,26.791,0.04540187819721746,0.008110080731881419,0.016962557186924253,0.026300322880600004,5,-1510364.1448999997,-18.087999999999997,-0.5096072575646586,5,83498.3,83500.31040550405,0.011976003459828369,35.49400000000001,201,83546.25,83546.24,83546.24747405383,1790813580,2026-10-01T00:13:00+00:00,83546.25,research_batch_v6,0.0011969418846725318,B-BTC_USDT,5.1494100000000005,97
2.51024,4.6854000000000005,VALIDATED_ABSOLUTE_UPDATES_WITH_GAP_GUARD,-0.47917145951138573,-0.45427265340848344,-0.5069672880269988,-0.45627079438752827,1,83509.05,-181696.96915470003,-2.17516,-0.30228860810157254,24,59,0.0007384828350938122,-0.0006078383121351782,-0.0006376554397398149,-0.00046030939161689766,-0.0003237972411374024,-0.00025194874088507735,3.428,25.494999999999994,-0.6744015220410475,-0.7239026985874588,-0.659629974074409,-0.7058846591641988,7,-1842414.4168,-22.066999999999993,-0.7629568163745114,7,83463.7,83484.1709477222,0.011978313633123782,28.923,324,83546.25,83509.05,83536.28239530341,1790813640,2026-10-01T00:14:00+00:00,83546.24,research_batch_v6,0.0011970846160920105,B-BTC_USDT,7.195640000000002,377
8.20027,3.5095799999999997,VALIDATED_ABSOLUTE_UPDATES_WITH_GAP_GUARD,-0.46618667879772857,-0.4705552402612764,-0.5240304376376603,-0.46378811138730913,0,83482.01,391673.88941980025,4.690689999999998,0.4005764377852832,24,60,0.000814426964564019,-0.0002865287982404263,0.00024136936808316634,6.540331264193178e-05,-0.0002855705079453097,-0.00022136505817238472,49.524,22.203999999999986,-0.40029032660910596,-0.4704429758622698,-0.3473924736760671,-0.4667153325350335,14,2279801.9009,27.319999999999993,0.38088333705108185,14,83433.5,83452.29790642264,0.011982890314514435,71.72799999999998,571,83512.44,83482.01,83496.87831389045,1790813700,2026-10-01T00:15:00+00:00,83501.32,research_batch_v6,0.0011976495407008253,B-BTC_USDT,11.70985,427
7.0873900000000045,5.831340000000001,VALIDATED_ABSOLUTE_UPDATES_WITH_GAP_GUARD,-0.3754350508985409,-0.47889003549264925,-0.35232136666580965,-0.4513645634778466,0,83458.17,104820.66144820006,1.2560500000000043,0.09722704940810777,23,60,0.0008424579642711816,-2.8397459469808872e-05,0.0003490371284202709,0.0002675591856375892,1.4378460491126788e-06,0.0004053527653433697,64.62899999999999,35.85,-0.2831776449008646,-0.3076114080075012,-0.2186144193942555,-0.28436173858393443,28,2401228.7344999993,28.778999999999993,0.2864180575045532,28,83419.5,83437.30247657247,0.01198504545925765,100.47899999999997,871,83506.17,83458.16,83478.16843888318,1790813760,2026-10-01T00:16:00+00:00,83475.73,research_batch_v6,0.0011979180143414034,B-BTC_USDT,12.918730000000004,926
4.017900000000001,3.6799100000000005,VALIDATED_ABSOLUTE_UPDATES_WITH_GAP_GUARD,0.10451696850272733,0.049451151447676256,0.08413588596726798,0.04982645651247028,0,83458.29,28201.93239899999,0.33799000000000035,0.04390729311323614,24,59,0.0005716628030600912,0.0005256517956455653,0.0001405492492119187,0.00026612095694744653,-2.396406636129278e-06,0.0003320221394425005,36.13399999999999,15.943999999999997,-0.05545049040601824,-0.08992076875110576,0.00018023367585773205,-0.06440603487820726,20,1684423.0704000003,20.189999999999994,0.3876876992204001,20,83416.2,83430.61550396157,0.0119860073008875,52.077999999999996,680,83484.0,83458.17,83469.13253539133,1790813820,2026-10-01T00:17:00+00:00,83458.17,research_batch_v6,0.001198047691225691,B-BTC_USDT,7.6978100000000005,400
4.900679999999999,6.2684400000000045,VALIDATED_ABSOLUTE_UPDATES_WITH_GAP_GUARD,0.5983057181673785,0.5446965490988477,0.5569840532927846,0.5826847252402654,0,83458.09,-114142.08286369976,-1.3677600000000045,-0.12245906570974296,22,59,0.0007982449634302835,0.00034999602794649753,2.3005558837940754e-05,0.00023868267294391288,-2.743892173895368e-05,0.00025581702145349716,91.169,25.440999999999992,-0.08571548095245608,0.040600813455381086,-0.0650872337547916,-0.09094130444920498,17,5482403.088700001,65.72800000000001,0.5636566332218507,17,83410.3,83412.8814418054,0.011988556796956897,116.61000000000001,753,83472.15,83429.81,83457.14975738105,1790813880,2026-10-01T00:18:00+00:00,83458.29,research_batch_v6,0.0011982197577196318,B-BTC_USDT,11.169120000000001,726
4.35857,1.1392799999999998,VALIDATED_ABSOLUTE_UPDATES_WITH_GAP_GUARD,-0.3169029538325166,-0.3529529706231392,-0.30790025512905483,-0.34964162804606963,0,83455.8,268649.89870200003,3.21929,0.5855543530652892,24,60,0.0009830353312769713,0.00017038959545057075,0.0001774592059509139,0.0003859528037595261,0.0005555036318625195,0.00014630499018641885,40.589000000000006,19.225,0.03545868545347142,0.05614783380232649,-0.036796481043339685,0.012157804275791367,13,1781909.3900999997,21.364,0.3571739057745678,13,83413.3,83411.72973046862,0.011988722031169852,59.814,495,83458.09,83443.8,83452.42823523516,1790813940,2026-10-01T00:19:00+00:00,83458.08,research_batch_v6,0.0011982874613840492,B-BTC_USDT,5.497849999999999,248
5.015669999999999,0.7721699999999999,VALIDATED_ABSOLUTE_UPDATES_WITH_GAP_GUARD,0.6424483333873006,0.6558098736337153,0.5937175142523248,0.6482945376552106,0,83502.16,354219.2258624001,4.243500000000001,0.7331750704926193,24,60,4.610659173365228e-05,-0.00050477736144805,-0.00017592359287477155,-0.0004626227632914537,-0.000177959468353861,-0.000456874408997443,14.419999999999996,25.240000000000002,0.500979540906374,0.5432881988542135,0.4460257852885295,0.5203246920581144,14,-903022.1417000002,-10.820000000000007,-0.2728189611699448,14,83458.1,83447.2057358385,0.011983628984183158,39.65999999999999,580,83507.94,83455.79,83471.74344571603,1790814000,2026-10-01T00:20:00+00:00,83455.8,research_batch_v6,0.0011980102889367404,B-BTC_USDT,5.787839999999999,366
2.95757,1.5694500000000007,VALIDATED_ABSOLUTE_UPDATES_WITH_GAP_GUARD,-0.21247792119861456,-0.1787488180962141,-0.2763733991160511,-0.17638665310749607,0,83487.3,115897.00364160001,1.3881199999999994,0.3066299685002496,23,60,0.0004085651350564934,-0.0001999106450921717,-8.144951387822896e-05,5.6295987533427905e-05,-0.0002069775882079794,0.00034376486004461526,10.679999999999996,29.44499999999999,0.07034245262285956,0.05265949174130353,0.033389290738331405,0.053667008397396805,11,-1566239.0864999995,-18.76499999999998,-0.4676635514018689,11,83446.2,83457.07081479278,0.011982208803301137,40.12499999999998,453,83509.84,83487.3,83496.52093958923,1790814060,2026-10-01T00:21:00+00:00,83502.16,research_batch_v6,0.0011976546939711967,B-BTC_USDT,4.5270199999999985,268
2.8058800000000006,10.024579999999991,VALIDATED_ABSOLUTE_UPDATES_WITH_GAP_GUARD,0.2287198709248684,0.25181167166034263,0.08453752187433089,0.2525142283318305,0,83470.02,-602662.9051147002,-7.218699999999998,-0.5626220727861669,23,60,0.000707679236209513,0.0002090570961885696,0.00012555406120662305,0.00019144598264131396,-0.00011992329701138171,0.0003789384499965909,20.41,11.715,-0.24561568546821425,-0.24378353818660914,-0.24813338527814136,-0.2364005117509933,9,725493.3143999998,8.695000000000002,0.27066147859922185,9,83432.4,83445.20447748975,0.011983910469205347,32.125,346,83493.99,83470.01,83483.14209239169,1790814120,2026-10-01T00:22:00+00:00,83487.3,research_batch_v6,0.0011978466529800754,B-BTC_USDT,12.830459999999992,284
2.5450900000000005,1.37024,VALIDATED_ABSOLUTE_UPDATES_WITH_GAP_GUARD,0.015566278311866261,0.0137640597938697,0.0008477393782315259,0.00966066573010539,0,83460.01,98060.41762000004,1.17485,0.30006410698459646,23,60,0.0005510423495036498,0.0002455068002029659,0.00021567215244755467,0.0002328061067811138,0.00012700693421918707,0.00046034022761309856,55.840999999999994,21.611,-0.046575781245475345,0.07150257445378025,-0.0924291664992545,0.001957397171390679,14,2855628.8866999997,34.22999999999999,0.44195114393430784,14,83427.4,83431.76786084301,0.0119858427470312,77.45199999999996,596,83475.97,83460.0,83468.98040215365,1790814180,2026-10-01T00:23:00+00:00,83470.01,research_batch_v6,0.0011980498631120283,B-BTC_USDT,3.9153299999999995,232
5.8656200000000025,13.811720000000003,VALIDATED_ABSOLUTE_UPDATES_WITH_GAP_GUARD,0.33673863923574837,0.35878095070042376,0.2643604588613672,0.34802483647291704,0,83470.61,-663445.3913435999,-7.946099999999999,-0.40381982524060683,24,59,0.0003300562916697114,0.00011848481759035856,0.00020845660526491727,-3.114868814313443e-05,0.00020198726234310627,0.0006147073802382774,20.882999999999996,23.947999999999986,0.2771164449193936,0.33321060304554306,0.26134599451946744,0.3044466101575916,12,-255909.99520000018,-3.0649999999999973,-0.068367870446789,12,83432.6,83437.76666053015,0.01198498310311129,44.83099999999999,526,83487.55,83460.0,83475.28306509122,1790814240,2026-10-01T00:24:00+00:00,83460.01,research_batch_v6,0.0011979594497917292,B-BTC_USDT,19.67733999999999,410
3.6214400000000007,0.3040299999999999,VALIDATED_ABSOLUTE_UPDATES_WITH_GAP_GUARD,0.38198318373245144,0.4159911421351042,0.26085304423400324,0.39397363598134155,0,83487.47,276923.2296083,3.3174100000000006,0.8450988034553826,24,60,0.0004986376997651032,-0.00011331041652129503,-0.0002867496164394856,-0.0002810002506963283,-8.34855817286595e-05,0.0004376704671968934,23.390999999999988,35.776999999999994,0.34687298518528775,0.41613253781641824,0.31946365842127655,0.37253468478700136,14,-1033918.432099999,-12.385999999999997,-0.20933612763656023,14,83446.9,83443.3922351983,0.011984175554029126,59.168000000000006,474,83487.47,83466.42,83475.1245799557,1790814300,2026-10-01T00:25:00+00:00,83470.62,research_batch_v6,0.0011979617173517767,B-BTC_USDT,3.92547,225
4.37952,2.7396500000000006,VALIDATED_ABSOLUTE_UPDATES_WITH_GAP_GUARD,-0.2649580498316489,-0.25238589762523755,-0.30555908789490993,-0.2559237888813894,0,83480.5,136888.97290819997,1.6398700000000004,0.2303456723185427,24,60,0.0007010020304143438,8.996112864667616e-05,0.00013775672162963382,0.00042524901024787454,0.0,0.00041446804942468773,12.079999999999995,50.19399999999998,0.01887529585796117,-0.017080867438499042,0.008160138886892453,-0.0026277442874543576,19,-3180964.7064999994,-38.11399999999997,-0.6120371262485144,19,83433.7,83450.39125193581,0.012613943119656338,62.27399999999998,657,83502.42,83480.0,83487.69240473716,1790814360,2026-10-01T00:26:00+00:00,83487.47,research_batch_v6,0.0011977813315553912,B-BTC_USDT,7.119170000000003,437
2.8537399999999997,0.21707,VALIDATED_ABSOLUTE_UPDATES_WITH_GAP_GUARD,0.12928237934666253,0.17139983317034543,0.010109732851771846,0.1651576737176425,0,83480.5,220110.5584724,2.6366700000000005,0.8586236204779847,24,60,0.0007010020304143438,-0.00020328100574384944,6.588364947512915e-05,0.00025335257934488986,-2.9827324944164957e-05,0.0005820520959984865,7.449,3.3819999999999997,0.2037425547317092,0.18838663725159932,0.199369746949609,0.23248680896592755,4,339332.0662999999,4.066999999999999,0.37549626073308073,4,83441.1,83438.40941933186,0.011984889467609698,10.831000000000005,158,83480.51,83480.5,83480.50585699918,1790814420,2026-10-01T00:27:00+00:00,83480.51,research_batch_v6,0.0011978844635356862,B-BTC_USDT,3.0708100000000003,77
4.02321,1.0784099999999999,VALIDATED_ABSOLUTE_UPDATES_WITH_GAP_GUARD,-0.3522265227640644,-0.34496444667981013,-0.36840060170970124,-0.3501260007023073,0,83478.01,245816.3855209,2.9448,0.5772284097992401,23,59,0.0006467571519734872,0.00016758904530678187,1.7130259813313842e-05,0.00024461531845321183,0.00011979202666667632,0.0006118976722133684,9.909999999999995,7.813999999999997,0.08943038835126449,0.03339183362897565,0.1090822425551868,0.040173129024488934,7,174856.71190000005,2.0960000000000005,0.11825772963213732,7,83444.6,83432.78024102026,0.011985697020585117,17.72399999999999,284,83480.51,83468.4,83475.24158026255,1790814480,2026-10-01T00:28:00+00:00,83480.51,research_batch_v6,0.0011979599749986272,B-BTC_USDT,5.101620000000001,246
3.7449599999999994,1.2853300000000005,VALIDATED_ABSOLUTE_UPDATES_WITH_GAP_GUARD,0.11094487987820238,0.10996600890920691,0.06640282389044039,0.10401999790268032,0,83488.01,205355.9384623,2.45963,0.4889638569545692,24,59,0.0002517726796937847,-2.4075313329374737e-05,-0.00023955535651165594,0.00040616610696564415,-0.00029321575637020203,0.0009906811768540802,22.914999999999996,15.335999999999993,-0.06319974821321926,-0.06876739821052195,-0.09142074441868026,-0.05674076556703874,13,632426.1024,7.579000000000003,0.19813861075527445,13,83444.0,83450.77721912244,0.012904824472150848,38.251000000000005,402,83502.35,83478.0,83492.14741423684,1790814540,2026-10-01T00:29:00+00:00,83478.0,research_batch_v6,0.00119771744684839,B-BTC_USDT,5.030290000000001,351
5.2967499999999985,5.906409999999999,VALIDATED_ABSOLUTE_UPDATES_WITH_GAP_GUARD,0.04395172564975238,0.03089233028019461,0.004851043165216353,0.03542883784589795,0,83463.53,-50931.690662699926,-0.6096599999999996,-0.054418574759264315,24,60,0.000564557957229983,0.00019062217953158545,5.751014844346258e-06,0.0007246278704002851,0.0003411070679613104,0.0010360213616653624,46.69699999999999,31.211999999999993,0.09386919148015796,0.10399925559983798,0.09049055318246839,0.10125047065844905,21,1291230.6591,15.484999999999998,0.19875752480457962,21,83425.7,83421.5790094866,0.01198730710634549,77.90900000000002,796,83488.01,83438.72,83465.19548779498,1790814600,2026-10-01T00:30:00+00:00,83488.01,research_batch_v6,0.0011981042278809465,B-BTC_USDT,11.20316,565
6.803080000000001,0.7703500000000001,VALIDATED_ABSOLUTE_UPDATES_WITH_GAP_GUARD,0.6320681014358477,0.6886085502361626,0.6040375760607969,0.6558182609838723,0,83492.0,503558.35934989987,6.03273,0.7965650966602977,24,60,9.593733531354509e-05,-0.00028733291812399475,0.0002874526900780161,0.0002766732142003292,-7.186317251950403e-05,0.0004369280889187088,20.779000000000007,10.472999999999995,0.47977692826763657,0.512666536519562,0.4665655614014111,0.4836552903912634,12,859703.0094999997,10.305999999999997,0.32977089466274156,12,83457.1,83430.4172999935,0.011986040386977358,31.251999999999992,473,83492.01,83446.38,83462.88694304274,1790814660,2026-10-01T00:31:00+00:00,83463.53,research_batch_v6,0.0011981374183806656,B-BTC_USDT,7.573430000000002,503
5.644949999999999,0.9711600000000002,VALIDATED_ABSOLUTE_UPDATES_WITH_GAP_GUARD,-0.048613417153012047,0.034046927465427236,-0.10935328259420628,0.055019751047537827,0,83486.0,390220.5748599,4.67379,0.7064256791377413,24,60,0.0006708909278201336,-0.00026339745586090313,0.00018745657954610806,0.0005161344417028424,-7.85760486787801e-05,0.0002395611240209039,10.145999999999999,32.057,0.10762966230191176,0.14547719173335052,0.07470196025588338,0.12191879399677469,15,-1828545.749200001,-21.910999999999998,-0.5191811008696066,15,83437.0,83449.17727385958,0.011983342726748246,42.20299999999998,490,83495.21,83486.0,83491.22017023464,1790814720,2026-10-01T00:32:00+00:00,83492.01,research_batch_v6,0.0011977307322396658,B-BTC_USDT,6.616109999999998,224
3.59052,1.1235400000000006,VALIDATED_ABSOLUTE_UPDATES_WITH_GAP_GUARD,-0.10895745512523343,-0.12434889720377416,-0.109649638509967,-0.11527308117841158,0,83479.44,205920.5821742,2.46698,0.5233238439901061,24,60,0.00039686418596018846,0.00043795214725927956,0.00022748116182857991,0.0005947572240541099,-0.00013691994100595295,0.0005422892151649705,8.968000000000002,6.083999999999998,0.005074440774269225,0.021625567439578573,0.01812326440718113,0.010514507724354742,8,240597.31439999986,2.884000000000002,0.19160244485782635,8,83442.7,83431.85108127836,0.011985830402552685,15.052,311,83486.01,83470.89,83473.39371158885,1790814780,2026-10-01T00:33:00+00:00,83486.01,research_batch_v6,0.0011979865084788962,B-BTC_USDT,4.714060000000001,196
2.6215600000000014,2.8172900000000003,VALIDATED_ABSOLUTE_UPDATES_WITH_GAP_GUARD,-0.31240480036533447,-0.27162808237299446,-0.3675987415890721,-0.27769206901580934,1,83468.01,-16337.078818700045,-0.19573000000000054,-0.035987387039539714,25,59,0.0007793404922438185,0.00040302865732622095,0.0006458761865772988,0.0012305313137332963,-4.792255140617652e-05,0.0008366079411741278,11.769999999999996,26.70199999999999,-0.0032827032284803437,0.05092049520082382,-0.02825964782505844,0.015675369237521136,12,-1245970.1994999992,-14.931999999999988,-0.38812642961114546,12,83419.7,83439.8108793581,0.01198468737863796,38.472,418,83492.22,83468.0,83481.8104751929,1790814840,2026-10-01T00:34:00+00:00,83479.44,research_batch_v6,0.0011978657200128334,B-BTC_USDT,5.438849999999999,353
2.7203700000000013,0.5469299999999999,VALIDATED_ABSOLUTE_UPDATES_WITH_GAP_GUARD,-0.07394355025770659,-0.07648362584994135,-0.2572627785073933,-0.06277544753194225,0,83464.01,181403.55966280002,2.17344,0.665209806262051,23,60,0.0014821957392174845,0.000412393317790416,0.0007188727213083279,0.0010302644217550228,0.0006229032130136147,0.0005032109049156741,14.416999999999991,9.177999999999999,-0.20547598323694358,-0.28609258419063716,-0.21847775093790622,-0.2931841046437024,8,437013.60959999973,5.238999999999995,0.2220385674931127,8,83423.5,83420.77319537078,0.01198741983948376,23.595000000000006,301,83468.0,83464.0,83464.13795091517,1790814900,2026-10-01T00:35:00+00:00,83468.0,research_batch_v6,0.0011981193594264453,B-BTC_USDT,3.267300000000001,128
5.092,0.21034999999999998,VALIDATED_ABSOLUTE_UPDATES_WITH_GAP_GUARD,0.3572875128922293,0.37312689026440765,0.28537174892982636,0.35610659422404545,0,83516.0,407547.2279931001,4.881649999999999,0.9206578215319617,24,60,0.0008860577613869491,7.088462091098258e-05,-1.0776378178922741e-05,0.0001494324440824979,-0.00017182336318799507,6.477800660964483e-05,30.105999999999995,21.313,0.17565768610787338,0.2255891046848863,0.18586457028456985,0.17024533986373178,15,733526.5601999995,8.792999999999996,0.17100682627044467,15,83479.1,83454.6479461219,0.011982557999202675,51.419000000000004,665,83516.0,83464.0,83485.98303230111,1790814960,2026-10-01T00:36:00+00:00,83464.01,research_batch_v6,0.001197805928984394,B-BTC_USDT,5.3023500000000015,314
5.965390000000001,1.4396700000000002,VALIDATED_ABSOLUTE_UPDATES_WITH_GAP_GUARD,-0.1495267472532672,-0.017763859734635627,-0.17754504019560166,-0.04414623659051917,0,83501.65,377932.5583880999,4.52572,0.611165878466886,23,60,0.0011257262581039207,0.00026777913969366907,0.0003286162608762133,5.209477896550574e-05,-3.856211224573247e-05,0.0003286162608762133,12.910999999999998,32.64300000000001,-0.054050785252466045,0.039241475534667176,-0.08450989703112717,0.012448916450214518,7,-1647116.238,-19.731999999999996,-0.433156254115994,7,83458.2,83464.16624778805,0.011981189918875408,45.55400000000001,333,83518.01,83501.22,83508.44624451404,1790815020,2026-10-01T00:37:00+00:00,83518.0,research_batch_v6,0.00119748366928092,B-BTC_USDT,7.405060000000002,207
3.78047,1.6727100000000004,VALIDATED_ABSOLUTE_UPDATES_WITH_GAP_GUARD,-0.3220493602772462,-0.3074469658771937,-0.3695840090146591,-0.310305514004896,0,83498.43,175987.9527475,2.1077600000000007,0.38651942536281586,22,60,0.0012480474183766965,0.00019964447235731875,0.00036719253284167586,0.0003147364567215316,0.00028132265480929064,9.066038726723846e-05,6.085999999999995,11.436999999999992,0.19488862452171116,0.09422853550655157,0.28601513246324783,0.10509724088813857,8,-446563.8821,-5.350999999999999,-0.30537008503110213,8,83464.2,83452.92971142678,0.011982803550795824,17.52299999999999,293,83501.65,83493.89,83497.92362943181,1790815080,2026-10-01T00:38:00+00:00,83501.65,research_batch_v6,0.0011976345512240477,B-BTC_USDT,5.4531800000000015,348
3.5174,2.98198,VALIDATED_ABSOLUTE_UPDATES_WITH_GAP_GUARD,0.36520752255807853,0.3634233538141581,0.3489433770345613,0.3796946571312408,0,83521.92,44707.42602620002,0.53542,0.0823801654927085,22,60,0.0009537615993502335,8.584572768444154e-05,0.0005842777560669532,0.0001906086450120803,2.50233711101e-05,-0.0002844762189374572,29.856999999999996,63.67699999999998,0.043017407317293366,0.07453828205512983,0.058313502120623466,0.032970346256445356,24,-2823663.4947,-33.81999999999999,-0.3615797464023779,24,83474.1,83475.1662269141,0.011979611581563456,93.53399999999995,888,83532.01,83498.42,83512.89015045011,1790815140,2026-10-01T00:39:00+00:00,83498.43,research_batch_v6,0.0011974199910734522,B-BTC_USDT,6.499380000000002,336
2.3979400000000006,2.80156,VALIDATED_ABSOLUTE_UPDATES_WITH_GAP_GUARD,-0.04826360969142015,-0.03435296235716753,-0.06772844999188758,-0.02895411777229683,0,83524.01,-33721.72701959996,-0.4036199999999997,-0.07762669487450709,25,60,0.0007399070039861844,6.0820834631991616e-05,0.00031116801025254937,-0.0002155068943648919,-0.0001066759127105188,6.094056068439713e-05,27.087999999999983,34.55399999999998,0.15636142354589364,0.09729047308337208,0.26567354528177184,0.12474023993695688,16,-623167.5002000006,-7.466000000000005,-0.12111871775737337,16,83478.9,83469.82361452366,0.01198037834199549,61.64199999999996,613,83524.01,83507.03,83515.05032823519,1790815200,2026-10-01T00:40:00+00:00,83521.92,research_batch_v6,0.0011973889743037084,B-BTC_USDT,5.199500000000001,319
5.946550000000002,5.83142,VALIDATED_ABSOLUTE_UPDATES_WITH_GAP_GUARD,-0.24828386595657637,-0.24786410103787265,-0.190837265418746,-0.24584639907819592,0,83515.1,9619.844099600092,0.11513000000000062,0.009775029143392336,24,59,0.0006083929732467741,0.0006659873483956247,0.00016021054875103857,7.555519899993257e-05,0.00016751461711694837,0.00028641527101092024,17.157,57.292999999999985,0.08532215021698006,0.052272834057869755,0.1498139406795607,0.0586925124125999,22,-3351259.6482000006,-40.136,-0.5391000671591675,22,83466.6,83493.47988636898,0.01197698369506072,74.44999999999997,705,83554.56,83515.09,83532.12969288285,1790815260,2026-10-01T00:41:00+00:00,83524.01,research_batch_v6,0.001197144145568136,B-BTC_USDT,11.77797,511
4.12153,0.9195599999999999,VALIDATED_ABSOLUTE_UPDATES_WITH_GAP_GUARD,-0.10330498639290944,-0.13212311031636997,-0.06186341055286728,-0.13399673798712214,0,83529.09,267430.7135158,3.20197,0.6351741389263035,25,60,0.0007047844050498409,0.0002503319502225043,-0.0002764306423067575,0.0,0.0,0.00011888073963217671,14.372999999999989,13.453999999999999,0.3328822702429048,0.35646101346770326,0.2723091805259869,0.31894619093114446,6,76606.6749000001,0.9189999999999956,0.03302547885147503,6,83483.5,83482.11782305066,0.01197861591720459,27.826999999999998,290,83529.1,83515.09,83519.75167271779,1790815320,2026-10-01T00:42:00+00:00,83515.1,research_batch_v6,0.001197321564714815,B-BTC_USDT,5.041090000000001,191
3.5479699999999994,1.9498199999999997,VALIDATED_ABSOLUTE_UPDATES_WITH_GAP_GUARD,-0.14659906122615715,-0.11820774856257124,-0.10616120288895486,-0.11484917747789918,0,83529.09,133485.4877991,1.59815,0.29068953161179306,24,60,0.0009382360085572472,-7.302845032808314e-06,-5.243682171074404e-05,-0.0002764306423067575,0.0004983892437953052,3.4838162369599246e-05,9.235999999999995,5.119999999999999,-0.18059561121339698,-0.203911018631913,-0.15739917443370557,-0.20660914464547633,6,343634.28430000006,4.115999999999995,0.2867093898021731,6,83491.3,83484.45647111571,0.011978276269308757,14.355999999999995,254,83529.1,83524.0,83524.76224229457,1790815380,2026-10-01T00:43:00+00:00,83529.09,research_batch_v6,0.001197249732791658,B-BTC_USDT,5.49779,208
3.57286,0.18619000000000002,VALIDATED_ABSOLUTE_UPDATES_WITH_GAP_GUARD,0.7282736548524587,0.7359340771119286,0.7420979155792409,0.7418143902679251,0,83570.72,282976.0561737,3.386669999999999,0.900937736928213,22,60,0.00023070281074510923,-0.0007744339165679515,-0.00039343923326262686,-0.000868246677783735,-0.0002479337260705705,-0.0007381771989041219,22.596000000000004,4.4399999999999995,0.37606407750500465,0.4124824815777279,0.2301030425744991,0.3854784923326375,9,1516349.0739000004,18.156,0.6715490457168222,9,83534.9,83516.97062412408,0.01197361769830878,27.035999999999994,394,83570.72,83529.1,83553.15984633705,1790815440,2026-10-01T00:44:00+00:00,83529.1,research_batch_v6,0.0011968429282694993,B-BTC_USDT,3.7590500000000002,298
6.9682200000000005,3.9925000000000006,VALIDATED_ABSOLUTE_UPDATES_WITH_GAP_GUARD,-0.2968912798867327,-0.2655623371627469,-0.34510255047594013,-0.27948565442725776,0,83550.0,248697.2910714002,2.97572,0.2714894641957829,25,60,0.0004787552363854086,-0.00030269299820462336,-0.0005265110712149301,-0.00025014961101132993,-0.0002575703171754373,-0.00047097546379415434,27.567,36.373999999999995,-0.5359210005995365,-0.5468386848649998,-0.5558309356761945,-0.5599880026329079,13,-735595.0808999998,-8.806999999999995,-0.13773635069829995,13,83502.2,83525.97650421961,0.011972319722198496,63.94099999999999,544,83591.41,83550.0,83574.08950552162,1790815500,2026-10-01T00:45:00+00:00,83570.72,research_batch_v6,0.0011965431015945223,B-BTC_USDT,10.960719999999995,530
2.85629,3.3868000000000014,VALIDATED_ABSOLUTE_UPDATES_WITH_GAP_GUARD,0.016742237424865948,-0.003722625547039841,0.05512092035996677,0.008665726586528956,0,83528.48,-44334.160600099975,-0.5305100000000008,-0.08497554896693793,23,60,0.0007366349776747327,0.00011205758802268484,-8.46417892435003e-05,0.00012618450617085664,-0.0002691297626868927,-0.00034084183023563863,17.167000000000005,20.91699999999999,-0.2674818578462868,-0.2859418278384994,-0.2503852997122435,-0.2883224012267164,13,-313162.10109999974,-3.749999999999991,-0.09846654763155109,13,83481.6,83485.48185675476,0.011978128548306023,38.083999999999996,381,83550.01,83523.06,83530.95731472016,1790815560,2026-10-01T00:46:00+00:00,83550.01,research_batch_v6,0.0011971609555871965,B-BTC_USDT,6.243090000000003,358
2.6581700000000006,2.5952100000000007,VALIDATED_ABSOLUTE_UPDATES_WITH_GAP_GUARD,-0.2576059139541748,-0.30825388028067535,-0.2297224822738017,-0.3012052111025485,1,83506.0,5236.265270799981,0.06295999999999909,0.01198466511084275,25,58,0.0015195315306684165,1.1975187397261777e-07,0.0002765070773356193,0.00039542068833386956,0.0002240557564727741,0.0004312264986945369,18.258999999999993,20.006,-0.3723235923081207,-0.4615715974759484,-0.2573120079699449,-0.40661039940640675,12,-145901.4997999999,-1.747000000000005,-0.04565529857572209,12,83464.8,83466.70192142011,0.011980822385580889,38.26499999999998,436,83528.49,83504.64,83511.12142822718,1790815620,2026-10-01T00:47:00+00:00,83528.49,research_batch_v6,0.0034910196956110143,B-BTC_USDT,5.25338,278
4.919740000000002,0.90939,VALIDATED_ABSOLUTE_UPDATES_WITH_GAP_GUARD,0.6825437213065458,0.6454011035558177,0.6436809827184844,0.6803388094391957,0,83524.71,334931.65953829995,4.010349999999999,0.6879843132680173,24,60,0.0014332285619427232,-3.95092661800156e-05,-0.00022400556673596306,8.727956074316978e-05,0.00015719898937671672,-0.00014534620952288968,5.722999999999999,3.1029999999999998,0.6278659827889337,0.7557866949048151,0.7185005456890289,0.6330480603348266,5,218706.0826,2.62,0.2968502152730569,5,83480.5,83476.42778933475,0.011979435154592072,8.826,198,83524.71,83510.0,83517.52039367218,1790815680,2026-10-01T00:48:00+00:00,83510.01,research_batch_v6,0.0011973536046016775,B-BTC_USDT,5.829130000000002,215
3.3327599999999995,0.30777,VALIDATED_ABSOLUTE_UPDATES_WITH_GAP_GUARD,0.6821099913426037,0.7687397169980966,0.47256947948968553,0.7024052082926262,0,83537.84,252679.32663970004,3.0249899999999994,0.8309202231543208,24,60,0.0012550001292825907,-0.0001047429524153598,-0.00047499432592457147,-0.00034487365246693713,-0.0003810249343292327,-5.7219578576628294e-05,10.237999999999996,2.9419999999999993,0.4172680975251491,0.5005566088498333,0.4251500622613216,0.5295278176510537,6,609128.5401999999,7.295999999999999,0.5535660091047041,6,83495.8,83489.55836116378,0.011977549330911353,13.179999999999998,209,83537.85,83524.7,83529.5948436986,1790815740,2026-10-01T00:49:00+00:00,83524.71,research_batch_v6,0.0011971805369693023,B-BTC_USDT,3.64053,159
2.6260299999999996,4.33662,VALIDATED_ABSOLUTE_UPDATES_WITH_GAP_GUARD,-0.1215343150829315,-0.10565744405092661,-0.18069491199941717,-0.10330945438269032,0,83506.01,-142900.3548371,-1.71059,-0.24568088299713478,25,59,0.0021076327320632693,-1.1975185976176306e-07,0.0002765070442236617,5.55648629361194e-05,0.00018441786405554161,0.0009784924462323819,7.841999999999996,16.895999999999997,-0.26990505233040213,-0.34846214484178656,-0.16477372262658124,-0.3499724498503335,7,-755860.9868000003,-9.054000000000006,-0.365995634246908,7,83461.0,83470.40400546418,0.011980291887142244,24.73799999999999,377,83541.88,83506.0,83524.32752256023,1790815800,2026-10-01T00:50:00+00:00,83537.85,research_batch_v6,0.0011972559985607737,B-BTC_USDT,6.962649999999998,342
4.491470000000001,2.13571,VALIDATED_ABSOLUTE_UPDATES_WITH_GAP_GUARD,0.33958290098366334,0.3514781226848804,0.22880504105953958,0.353082939845776,0,83521.41,196715.3352104,2.3557599999999996,0.35546944552584947,26,60,0.0015636709198274534,-0.0002783717372587535,0.00021084414163996534,-0.0002562217280576151,9.195247062998568e-05,0.0008212265573581679,25.36999999999999,16.13,0.2897848524171322,0.20125735411624335,0.33684146345986543,0.22200588402999974,11,770975.6961999994,9.239999999999991,0.22265060240963827,11,83479.8,83462.84188104952,0.011981381346007637,41.500000000000014,439,83521.41,83487.63,83504.24425739063,1790815860,2026-10-01T00:51:00+00:00,83506.01,research_batch_v6,0.001197543951864656,B-BTC_USDT,6.627180000000002,406
1.47082,1.13415,VALIDATED_ABSOLUTE_UPDATES_WITH_GAP_GUARD,0.43000428373568794,0.4737459004652878,0.3760264658725555,0.45001434707744886,0,83529.09,28121.33150679999,0.33666999999999997,0.1292414116093467,24,60,0.0013279206082574824,1.1971877111882634e-07,0.00011888073963217671,0.0001546766521698384,-0.0002764306423067575,0.0007968481399713845,4.314999999999997,7.3110000000000035,0.1903512616212216,0.1978770966894909,0.14067900429839234,0.19028480513342153,6,-250111.8732999999,-2.9960000000000058,-0.2576982625150529,6,83488.7,83479.35989385484,0.01197901042796428,11.626000000000003,213,83529.09,83521.41,83521.54520206284,1790815920,2026-10-01T00:52:00+00:00,83521.42,research_batch_v6,0.0011972958900074724,B-BTC_USDT,2.6049700000000002,177
2.696160000000001,3.363269999999999,VALIDATED_ABSOLUTE_UPDATES_WITH_GAP_GUARD,-0.10266451223080338,-0.029599118547511908,-0.1464548440476335,-0.07959853259791863,0,83506.0,-55718.08639419996,-0.6671100000000001,-0.11009451384041075,25,60,0.0019639307355159286,0.00039542068833386956,0.00031135487270383955,7.867698129482292e-05,-9.388546930755304e-05,0.00115728211146493,2.1999999999999997,15.269999999999992,-0.3503840651768665,-0.25107617312436237,-0.3627026981388308,-0.33583606354630735,13,-1091158.4299,-13.069999999999997,-0.7481396680022897,13,83459.0,83479.3789861509,0.09307181811690146,17.469999999999995,390,83530.92,83506.0,83520.67735200442,1790815980,2026-10-01T00:53:00+00:00,83529.89,research_batch_v6,0.0011973083107675838,B-BTC_USDT,6.05943,321
2.56702,2.47976,VALIDATED_ABSOLUTE_UPDATES_WITH_GAP_GUARD,-0.08401369987002087,-0.039138369650283736,-0.23091084023411368,-0.04207013080716916,0,83498.16,7286.626508200017,0.08725999999999973,0.017290232583944562,23,60,0.0020781296258503,0.0004893521006930079,0.00013018250941088105,0.00041797328228532216,0.0003705470875046135,0.0012385901677354205,22.804000000000002,8.037999999999998,-0.3911939696678723,-0.3651546246499056,-0.3945586485423435,-0.36754152708318705,12,1232309.4591000003,14.765999999999995,0.4787627261526488,12,83453.8,83459.92340893544,0.011981796087180472,30.842,359,83507.99,83498.16,83506.21947097481,1790816040,2026-10-01T00:54:00+00:00,83506.0,research_batch_v6,0.001197515592423038,B-BTC_USDT,5.046779999999999,232
6.691459999999996,0.30568999999999996,VALIDATED_ABSOLUTE_UPDATES_WITH_GAP_GUARD,0.7965779721286506,0.8495684455317553,0.6950678098037052,0.8463756192389773,0,83529.1,533231.6700912998,6.385769999999999,0.9126244256590184,24,60,0.0017069500329822684,3.471843944202746e-05,-0.0002208811061056304,0.0007017913517564089,0.00011876100664309774,0.0006789250692271764,9.44099999999999,4.434999999999999,0.40123520810842656,0.40422347843896017,0.3312458447967794,0.3968480452925565,6,417856.7393000002,5.0059999999999905,0.3607667915825883,6,83491.2,83474.60354450726,0.011979694611496589,13.875999999999987,271,83529.1,83498.17,83513.28658117556,1790816100,2026-10-01T00:55:00+00:00,83498.17,research_batch_v6,0.0011974143321640577,B-BTC_USDT,6.997149999999999,230
3.0895299999999994,1.9244900000000005,VALIDATED_ABSOLUTE_UPDATES_WITH_GAP_GUARD,0.14276242121108093,0.13584893088315958,0.06705502031786442,0.1511494929824594,0,83539.02,97328.25275190004,1.1650399999999996,0.23235647245124658,24,60,0.0016398324998305736,-0.0003589939168546774,-0.00046696741235419115,0.0006102537472907343,0.0,0.0003218855093105599,11.973,5.2860000000000005,-0.07073746702715324,-0.05411488686647744,-0.13220155304172024,-0.051431874102723374,6,558374.6875,6.686999999999997,0.38745002607335294,6,83492.2,83498.53062758897,0.011976258318282489,17.258999999999997,281,83547.38,83529.09,83541.63251257797,1790816160,2026-10-01T00:56:00+00:00,83529.09,research_batch_v6,0.0011970079886224878,B-BTC_USDT,5.014020000000001,228
2.5848,0.9185100000000002,VALIDATED_ABSOLUTE_UPDATES_WITH_GAP_GUARD,-0.20886437470475627,-0.11647147800614034,-0.35971425762675946,-0.15537577220806764,0,83539.02,139200.25948379998,1.6662900000000005,0.4756330441782202,25,60,0.0014242446224530525,-0.00033960178129943674,3.579165759903802e-05,0.0006778868126533499,-8.403258740652397e-05,0.000585834021035847,5.101999999999999,7.707999999999999,0.00830843004592406,-0.11174161852759686,0.04266478423750782,0.009137108108585286,4,-217589.73650000006,-2.6059999999999994,-0.20343481654957066,4,83492.0,83493.04441291907,0.011977044800841921,12.809999999999997,127,83539.03,83539.02,83539.0244176426,1790816220,2026-10-01T00:57:00+00:00,83539.03,research_batch_v6,0.0011970453323774514,B-BTC_USDT,3.5033099999999995,107
3.8317699999999997,3.0305899999999992,VALIDATED_ABSOLUTE_UPDATES_WITH_GAP_GUARD,0.22796098972349704,0.30226362628743725,0.16855831077062067,0.25260707358578194,0,83532.0,66916.98935989993,0.8011800000000001,0.11674992276709474,24,60,0.0013975482449839483,-0.00038296700665618744,-0.00023260546856285202,0.0008456639371736685,-0.00027498443710194387,0.0009033663745630083,6.4599999999999955,30.824,-0.029520984367475734,-0.01245757699448769,0.01880949559687505,-0.04278143531763714,7,-2034073.0124000004,-24.36399999999999,-0.6534706576547579,7,83495.1,83489.33509140686,0.01197757768690265,37.284,302,83539.03,83527.13,83532.59484465145,1790816280,2026-10-01T00:58:00+00:00,83539.03,research_batch_v6,0.0011971375015069777,B-BTC_USDT,6.862359999999999,248
2.4175600000000004,3.734819999999999,VALIDATED_ABSOLUTE_UPDATES_WITH_GAP_GUARD,-0.17410735312192305,-0.1495071766967427,-0.21105160083071767,-0.17002700804635829,0,83509.03,-110016.61401150005,-1.3172599999999999,-0.21410576069748616,23,60,0.0015085793715960971,0.00039492735097024223,0.0002877533124261422,0.0011082633818162435,1.9399099714156876e-05,0.000969595743119056,1.362,20.052999999999994,-0.6395426395470757,-0.6744446851436827,-0.6492327200411122,-0.6635899656905477,8,-1560371.0122999998,-18.690999999999995,-0.8727994396451084,8,83460.0,83476.49127776574,0.01197941598554953,21.415,373,83533.03,83509.03,83529.11108579746,1790816340,2026-10-01T00:59:00+00:00,83532.01,research_batch_v6,0.0011971874032671288,B-BTC_USDT,6.15238,323
7.372820000000001,2.4004000000000003,VALIDATED_ABSOLUTE_UPDATES_WITH_GAP_GUARD,0.3577132532892094,0.37153930832196913,0.3620769622672303,0.3729457022286013,0,83510.65,415221.2562897998,4.9724200000000005,0.5087801154583647,24,60,0.0006388406748121245,2.299107958103619e-05,0.0009228763038009458,0.0009000049694261048,-0.00012740889934392818,0.000950178210803232,36.775999999999996,24.342999999999996,0.05606675450997128,0.16840645088465128,-0.012484112844954147,0.14730089157638596,25,1037656.8718000003,12.432999999999995,0.20342283087092392,25,83481.5,83470.93442032255,0.011980219453140374,61.11899999999998,890,83520.74,83500.0,83509.4970243632,1790816400,2026-10-01T01:00:00+00:00,83502.0,research_batch_v6,0.0011974686294540125,B-BTC_USDT,9.773220000000004,575
5.15209,2.7503600000000006,VALIDATED_ABSOLUTE_UPDATES_WITH_GAP_GUARD,0.3516084286054338,0.3463020605275067,0.2832369370691297,0.35620650968813533,0,83500.01,200572.26973969993,2.401729999999999,0.30392220134262143,25,60,0.00013652692975729686,0.0003958083358313047,0.0010777244218294069,0.0007892214623688165,0.0005029939517371407,0.0010778441822940632,19.655999999999995,13.908999999999992,-0.25077215498541205,-0.2620305802706937,-0.2533010621051087,-0.26699353270624465,15,479568.91709999996,5.7470000000000026,0.17122002085505753,15,83467.7,83468.79689847099,0.011980523228310013,33.56499999999998,493,83524.76,83500.0,83512.66856484364,1790816460,2026-10-01T01:01:00+00:00,83524.7,research_batch_v6,0.0011974231534403843,B-BTC_USDT,7.902450000000001,291
5.986180000000002,1.43836,VALIDATED_ABSOLUTE_UPDATES_WITH_GAP_GUARD,0.2690283308523462,0.27609796616056437,0.18487375847326534,0.2718855302020589,0,83542.01,379922.48321679985,4.54782,0.6125389586425555,22,60,0.0002633405636278674,0.0005471498710649669,0.0006420721742270707,0.0005500226772137129,-0.0003523975542363278,0.001087835928295311,11.524999999999995,9.396999999999995,0.12122944920719411,0.11536390867377992,0.12358195757143303,0.11436573073867563,17,177508.85550000006,2.1279999999999966,0.10171111748398792,17,83495.1,83500.20282701896,0.011976020060971194,20.92200000000001,553,83560.6,83500.0,83544.85904715648,1790816520,2026-10-01T01:02:00+00:00,83500.01,research_batch_v6,0.0011969618243815583,B-BTC_USDT,7.424540000000002,473
7.489930000000001,10.322360000000005,VALIDATED_ABSOLUTE_UPDATES_WITH_GAP_GUARD,-0.2499094094199155,-0.27354107519400694,-0.26707345123784926,-0.25622436854949215,0,83512.57,-236868.3223221,-2.8324300000000036,-0.15901548874400784,23,60,0.0005769191392384077,0.0009271658146789985,0.001078520275450634,0.0011362361378652874,0.000245352286488032,0.0015788042446782669,32.205999999999996,18.814999999999987,-0.2948900768030224,-0.30259524125425613,-0.27729455543624193,-0.29268739424764806,20,1117984.8811999995,13.39100000000001,0.262460555457557,20,83470.2,83511.04987023796,0.01197446192845718,51.02099999999999,645,83583.52,83512.57,83554.31163229466,1790816580,2026-10-01T01:03:00+00:00,83542.0,research_batch_v6,0.0011968263582961063,B-BTC_USDT,17.81229,632
3.5468199999999994,1.6429999999999998,VALIDATED_ABSOLUTE_UPDATES_WITH_GAP_GUARD,0.4267948204230347,0.412518261291488,0.4584272370796424,0.4183074576654264,0,83533.06,159015.7869506,1.9038199999999996,0.3668373854969923,22,60,0.000331485522019781,0.0007492841756304713,0.0008202740328200342,0.0006816462847165639,0.000654351702188416,0.001312294796814495,16.03999999999999,10.059999999999999,0.09076173428837106,0.09120394028169085,0.11653081035451951,0.022322718103358542,10,499074.37069999997,5.979999999999999,0.22911877394636007,10,83486.2,83492.524560197,0.011977120910821969,26.100000000000005,427,83541.34,83512.56,83530.94106259132,1790816640,2026-10-01T01:04:00+00:00,83512.57,research_batch_v6,0.001197161223487475,B-BTC_USDT,5.189819999999997,348
12.508419999999994,2.27012,VALIDATED_ABSOLUTE_UPDATES_WITH_GAP_GUARD,0.1405959265842046,0.2263195781618645,0.07264848477114287,0.209397622260033,0,83587.72,855387.1271182004,10.238299999999995,0.6927815602894466,23,60,,0.00017849511866097068,-2.2850246423788967e-05,2.727673395086505e-05,2.727673395086505e-05,0.0011280365106260959,40.18299999999999,11.143999999999997,0.07763021667082672,0.15990055316779997,0.11441497719261186,0.12801449788737496,11,2424594.2582,29.038999999999994,0.5657646073216824,11,83546.4,83517.48526775494,0.01197354265469973,51.327,415,83587.72,83533.06,83547.69379826453,1790816700,2026-10-01T01:05:00+00:00,83533.07,research_batch_v6,0.0011969212107116772,B-BTC_USDT,14.778539999999996,476
2.51241,2.06193,VALIDATED_ABSOLUTE_UPDATES_WITH_GAP_GUARD,0.17243803083147136,0.20471280278913337,0.07056857674604684,0.19676994930037753,0,83590.0,37655.348533200005,0.4504799999999997,0.09847978068967321,24,60,,0.0001385333173824499,-0.00028819236750798893,1.196315349005772e-07,6.759181720283891e-05,0.0007418351477448404,15.109999999999994,27.688999999999993,0.2115401286579656,0.12822649403567954,0.18634738171911405,0.18817560300240987,6,-1051018.9688000004,-12.579000000000008,-0.2939087361854253,6,83547.7,83547.77307799137,0.011969200876459113,42.79899999999997,368,83590.0,83587.72,83589.88202356402,1790816760,2026-10-01T01:06:00+00:00,83587.72,research_batch_v6,0.0011963170512367055,B-BTC_USDT,4.574339999999999,159
4.376760000000001,2.10824,VALIDATED_ABSOLUTE_UPDATES_WITH_GAP_GUARD,-0.47870209113612494,-0.4731613147176686,-0.513429182185882,-0.4713428353542292,0,83595.65,189650.6469914001,2.26852,0.34981033153431,23,60,,-0.00011770947411737787,-9.199043251639782e-05,0.0004454777252165254,8.36167910651664e-05,0.000530649621122592,12.953999999999997,12.826999999999991,-0.5470126369092024,-0.5306041841729,-0.4706362762811212,-0.5467364093409446,7,10569.625299999996,0.1270000000000045,0.00492610837438441,7,83548.5,83559.26632693365,0.011967549924741182,25.781000000000006,363,83614.0,83589.99,83603.60896752674,1790816820,2026-10-01T01:07:00+00:00,83590.0,research_batch_v6,0.0011961205927466171,B-BTC_USDT,6.484999999999999,385
5.07016,2.00583,VALIDATED_ABSOLUTE_UPDATES_WITH_GAP_GUARD,-0.22322872791312517,-0.20924362548015207,-0.22871988411967054,-0.20318498181116335,0,83602.64,256146.87554900005,3.0643300000000013,0.4330602502264703,24,60,,-0.00043934019308478067,5.765368174981411e-05,0.0004997449841297463,-1.2679025446993286e-05,0.0008057161831254156,14.959000000000005,16.204999999999995,0.19101540782156595,0.17978230554902974,0.2609493075494946,0.19033527990038213,9,-104137.91600000008,-1.245999999999992,-0.03998203054806804,9,83564.3,83548.22565578195,0.011969136572371848,31.16399999999999,375,83602.64,83581.89,83595.5789537819,1790816880,2026-10-01T01:08:00+00:00,83595.65,research_batch_v6,0.001196235500574564,B-BTC_USDT,7.075989999999999,360
3.3662499999999995,11.037889999999996,VALIDATED_ABSOLUTE_UPDATES_WITH_GAP_GUARD,-0.32139355945954845,-0.25573121122997233,-0.3279118548642118,-0.2257775692893694,0,83601.58,-641402.6017379,-7.671639999999999,-0.532599655376857,23,60,,-0.0001629155812604699,-0.00013851412856069611,0.0004916175029225922,-0.00018863279856673465,0.0008385008991456111,9.5,32.00000000000001,-0.25950594681184486,-0.3226620490263803,-0.21013246990999912,-0.30109038350397976,8,-1880274.1643000003,-22.5,-0.5421686746987954,8,83553.0,83562.08386689755,0.011967147878166546,41.499999999999986,296,83612.01,83601.58,83608.06855467729,1790816940,2026-10-01T01:09:00+00:00,83604.01,research_batch_v6,0.0011960567976418447,B-BTC_USDT,14.404139999999995,252
3.7771900000000005,1.9255300000000002,VALIDATED_ABSOLUTE_UPDATES_WITH_GAP_GUARD,-0.5976726919783047,-0.6069846077730311,-0.5505551025634694,-0.605414406884503,0,83585.81,154778.84714889992,1.8516599999999999,0.32469768812075633,23,60,,0.0002590152562977899,5.012812581473014e-05,0.0011509130556968117,-0.00023807868823655376,0.0010273274853709324,14.215,23.559999999999995,-0.5952000448336932,-0.6298663535190917,-0.5779682589173927,-0.5923424334232378,4,-780737.2399999996,-9.344999999999999,-0.24738583719391138,4,83541.2,83544.71850668231,0.011969633057304379,37.774999999999984,199,83601.59,83585.8,83591.83996507699,1790817000,2026-10-01T01:10:00+00:00,83601.59,research_batch_v6,0.0011962889781213506,B-BTC_USDT,5.702720000000001,247
4.08406,2.6048400000000003,VALIDATED_ABSOLUTE_UPDATES_WITH_GAP_GUARD,-0.27981563594226344,-0.3442693783777154,-0.2520052487544999,-0.30323521367470996,0,83565.91,123597.75801780004,1.4792200000000004,0.22114547982478433,24,60,,0.00028827544629139723,0.0002883951123129336,0.0010303244468945483,0.0002638635778633436,0.001317522898990564,9.674000000000003,22.586,-0.31514814890680704,-0.3411714060961528,-0.25845741670323213,-0.32403243801181714,12,-1078688.1828000003,-12.911999999999999,-0.40024798512089266,12,83536.1,83525.79127476302,0.011972347590921084,32.260000000000005,389,83585.81,83558.0,83569.95211198642,1790817060,2026-10-01T01:11:00+00:00,83585.8,research_batch_v6,0.0011966023246971907,B-BTC_USDT,6.688900000000002,325
3.26602,0.043670000000000014,VALIDATED_ABSOLUTE_UPDATES_WITH_GAP_GUARD,0.785875355662615,0.8009834268604438,0.7911473499747823,0.8030091299305048,0,83587.96,269320.02689499996,3.22235,0.973610821557306,25,59,,2.440542872439444e-05,0.0005375176042099472,0.0006226973358363086,0.0002332871863364172,0.0008379197195385046,8.441999999999998,17.618,0.23234907352759288,0.2316018389714742,0.24543026965504164,0.20535444911368936,7,-766598.4967999998,-9.176000000000002,-0.3521105141980047,7,83550.0,83542.49015152054,0.011969958559937056,26.06,235,83587.96,83565.92,83579.03866593409,1790817120,2026-10-01T01:12:00+00:00,83565.92,research_batch_v6,0.001196472308988544,B-BTC_USDT,3.30969,203
4.266520000000001,0.19383999999999998,VALIDATED_ABSOLUTE_UPDATES_WITH_GAP_GUARD,0.767954972184905,0.7193726187018004,0.7613395802172053,0.7728116768585178,0,83607.46,340472.1932980001,4.07268,0.9130832488857402,24,60,,-0.00020871343298800582,0.0004420658156580881,0.0007480193753044428,-0.00020883303953989074,0.0004937358460597174,12.754999999999997,9.547999999999996,0.6334501221213875,0.5094591987612854,0.6146308414389284,0.5371819869496824,7,267992.1997999999,3.2069999999999976,0.14379231493521039,7,83570.1,83561.13261581709,0.011967290010968606,22.303,270,83607.46,83588.01,83600.51876352973,1790817180,2026-10-01T01:13:00+00:00,83588.01,research_batch_v6,0.001196164878765805,B-BTC_USDT,4.46036,196
3.915150000000001,4.552920000000002,VALIDATED_ABSOLUTE_UPDATES_WITH_GAP_GUARD,0.2177936509886475,0.3168304741629128,0.1761025348724899,0.22141436717116295,0,83590.0,-53288.17986749997,-0.6377700000000015,-0.07531468209403105,24,60,,0.0005130996530684495,0.0006302189257088031,0.0009771503768392087,0.0,0.0005384615384613767,8.466000000000001,29.40599999999999,-0.42441577537525715,-0.3132357293694041,-0.4785917426900582,-0.409188307355374,7,-1749673.3621000003,-20.939999999999998,-0.552915082382763,7,83549.6,83561.60576678495,0.011967216403073012,37.87199999999999,283,83613.99,83590.0,83611.53458415238,1790817240,2026-10-01T01:14:00+00:00,83607.45,research_batch_v6,0.0011960072577895638,B-BTC_USDT,8.468069999999999,268
8.773210000000004,4.70908,VALIDATED_ABSOLUTE_UPDATES_WITH_GAP_GUARD,0.20022895348870046,0.2178541940448974,0.17975955075128291,0.24443431060836726,0,83590.0,339527.86415439966,4.064130000000001,0.3014421140622253,24,60,,0.0006510348127766186,0.0011007297523626391,0.0009771503768392087,1.196315349005772e-07,-0.00031104199066878113,11.695,26.39899999999999,0.0673140047044115,0.038910514287543226,0.06129216829552207,0.09644306386681492,15,-1227701.5097999997,-14.703999999999992,-0.38599254475770445,15,83558.8,83519.31861219238,0.011973278913853561,38.093999999999994,575,83590.0,83533.06,83552.17258692236,1790817300,2026-10-01T01:15:00+00:00,83586.0,research_batch_v6,0.0027123453661709184,B-BTC_USDT,13.482290000000004,596
1.20265,1.0447000000000002,VALIDATED_ABSOLUTE_UPDATES_WITH_GAP_GUARD,0.3274292347537402,0.3320281358175568,0.2895206183117338,0.3234377510419532,0,83590.01,13199.000233099983,0.15795000000000015,0.07028277749349239,23,60,,0.0006300992187942001,0.000741715427477585,0.0010288310768236109,0.0005129799601650831,-0.0009403037516084733,7.499999999999999,14.815999999999997,-0.10524035654248605,-0.08517749479188921,-0.15642862021420825,-0.06315659600339095,8,-611296.8122000003,-7.3159999999999945,-0.3278365298440579,8,83551.4,83546.70824112525,0.011969351893765117,22.315999999999995,323,83596.01,83588.0,83591.77616014068,1790817360,2026-10-01T01:16:00+00:00,83590.01,research_batch_v6,0.0011962899538658324,B-BTC_USDT,2.2473500000000004,171
4.997689999999999,2.05177,VALIDATED_ABSOLUTE_UPDATES_WITH_GAP_GUARD,0.7273785228809021,0.7414035038138802,0.724186902440681,0.7242702814316783,0,83632.89,246306.8666878,2.945919999999999,0.417893001733466,24,60,,0.000587328741120885,8.513397061848949e-05,0.0003002407306502697,0.0001378644215213054,-0.0008235994236239774,28.401999999999994,15.367999999999995,0.41077906586755447,0.4050354275724984,0.43089853682515644,0.40959107812444867,17,1089202.1234999995,13.034000000000004,0.29778387023075176,17,83584.6,83574.24084000666,0.011965412477222938,43.769999999999996,626,83636.79,83590.01,83610.17654035086,1790817420,2026-10-01T01:17:00+00:00,83590.01,research_batch_v6,0.0011960267330057511,B-BTC_USDT,7.04946,441
4.394580000000002,2.436309999999999,VALIDATED_ABSOLUTE_UPDATES_WITH_GAP_GUARD,0.25121058176901545,0.2904328256332926,0.19949527325317765,0.28307165841676807,0,83644.42,163778.53462999998,1.9582700000000008,0.28667860264182277,23,60,,9.074125924946053e-05,0.00030581836780019245,5.164719894046321e-05,-2.0802344017800678e-05,-0.0010003058183677416,30.38700000000001,23.375999999999998,-0.45807631653933845,-0.4195845881334132,-0.4780779534192928,-0.4404962000011903,19,585944.8799,7.011000000000005,0.1304056693264886,19,83595.1,83598.65533656008,0.01196191203019346,53.76299999999999,655,83652.79,83632.89,83640.38011883077,1790817480,2026-10-01T01:18:00+00:00,83632.89,research_batch_v6,0.00119559478452824,B-BTC_USDT,6.83089,473
6.250169999999999,2.5413099999999997,VALIDATED_ABSOLUTE_UPDATES_WITH_GAP_GUARD,-0.028121389625826252,-0.020935692233533563,-0.03930503913186301,-0.027633614532871106,0,83642.68,310249.03130969993,3.7088599999999996,0.4218698103163518,22,60,,-3.19215022760444e-05,0.0003467129460701379,-9.169959642607584e-05,0.0004702144885839754,-0.000979523850742181,25.083000000000002,16.644999999999992,-0.05282576013861226,-0.021509092317714806,-0.07963336893641718,-0.06587775521523548,16,705429.9273000001,8.438000000000006,0.20221434049079776,16,83600.1,83614.43641783937,0.017191906266960325,41.72799999999999,615,83666.01,83642.68,83650.9387286549,1790817540,2026-10-01T01:19:00+00:00,83644.41,research_batch_v6,0.0011954438549128146,B-BTC_USDT,8.791479999999998,446
6.93741,3.8659199999999996,VALIDATED_ABSOLUTE_UPDATES_WITH_GAP_GUARD,0.36513028825089283,0.4425799439218046,0.36422725485314217,0.4439233549044649,0,83682.01,256996.58513079994,3.07149,0.28430956010785563,25,60,,-0.000143519497201261,-0.00012344349759285667,-0.00141021947250064,-0.000358499993009298,,40.03299999999999,28.525999999999996,0.10261251724524549,0.03908981795840149,-0.04056895098315765,0.03586467640662885,19,962276.1799999996,11.507,0.16784083781852127,19,83647.0,83621.44142817511,0.011958655832672105,68.559,761,83682.01,83646.01,83664.57571289974,1790817600,2026-10-01T01:20:00+00:00,83646.01,research_batch_v6,0.001195249042341258,B-BTC_USDT,10.803329999999999,547
4.66575,6.194690000000002,VALIDATED_ABSOLUTE_UPDATES_WITH_GAP_GUARD,-0.21172031970113736,-0.20879911360787598,-0.20932574297509865,-0.21675963440913412,0,83652.01,-127884.7294092999,-1.5289400000000006,-0.14078066818655602,22,60,,0.00023514079338915472,0.00028690284907684216,-0.0016807725241747562,-0.00014345142453842108,,33.18600000000001,28.417999999999992,-0.07554818716113051,-0.02127682432385489,-0.13572516253932268,-0.04444956882669354,14,398911.2423,4.768000000000007,0.07739757158626073,14,83613.5,83637.41322187308,0.011956372097459061,61.604000000000006,612,83692.0,83652.0,83679.79445600443,1790817660,2026-10-01T01:21:00+00:00,83682.0,research_batch_v6,0.0011950316354586942,B-BTC_USDT,10.860440000000002,523
2.9250599999999993,1.7280000000000004,VALIDATED_ABSOLUTE_UPDATES_WITH_GAP_GUARD,-0.18721230272432127,-0.22120157321092987,-0.14688945471014053,-0.22793254152509823,0,83640.01,100110.74108579998,1.19706,0.25726296243762176,24,60,,0.000378646535312388,0.00021508844869821964,-0.0009086560367460583,0.000358560454500223,,12.456999999999992,20.483999999999998,0.058930464017943426,0.10017851883361417,0.050945688378539966,0.05480539330149237,14,-671164.5083000003,-8.027000000000001,-0.24367809113263109,14,83607.4,83595.94786606879,0.011962303055290908,32.941,452,83652.01,83634.99,83639.20489399212,1790817720,2026-10-01T01:22:00+00:00,83652.0,research_batch_v6,0.001195611547280242,B-BTC_USDT,4.653059999999999,225
3.98985,0.49758,VALIDATED_ABSOLUTE_UPDATES_WITH_GAP_GUARD,0.5053646173494156,0.5332537722120686,0.48111282970681957,0.5309651220082482,0,83670.0,292145.47945599986,3.4922699999999995,0.7782338666007044,23,60,,7.182980757725055e-05,-0.0002540934624117863,-0.0013057248715190317,2.007888131938529e-05,,31.633999999999993,6.902999999999997,0.10518136616063525,0.03948270382686353,0.11562842292497731,0.06569036916812963,11,2068047.6372999994,24.731000000000005,0.6417468925967255,11,83640.0,83619.66106504429,0.011958910499909688,38.53699999999999,412,83670.01,83644.7,83658.20966626887,1790817780,2026-10-01T01:23:00+00:00,83644.71,research_batch_v6,0.0011953399992359161,B-BTC_USDT,4.487430000000001,228
4.09818,5.6383799999999935,VALIDATED_ABSOLUTE_UPDATES_WITH_GAP_GUARD,0.09247440795100743,0.19099473938591963,0.06322565851607892,0.18188395308863084,0,83671.68,-128893.45034720008,-1.5401999999999936,-0.15818728585865996,24,60,,-0.000163496179352407,-0.00043826059187523914,-0.0013257771327167545,0.0,,18.253999999999998,16.66199999999999,-0.15031853786954005,-0.16088105436685696,-0.10873941241509542,-0.13302871905570177,11,133034.61219999992,1.592000000000009,0.045595142628021806,11,83633.7,83626.69650140182,0.011957902822827677,34.91599999999999,352,83673.99,83656.01,83671.14128830699,1790817840,2026-10-01T01:24:00+00:00,83670.0,research_batch_v6,0.001195155222725928,B-BTC_USDT,9.736559999999995,358
0.27104000000000006,0.16654,VALIDATED_ABSOLUTE_UPDATES_WITH_GAP_GUARD,0.1081642248045275,0.13632533361118565,0.09051933398337368,0.11433841495034719,0,83671.68,8743.692225399998,0.1045,0.23881347410759174,23,59,,-0.00027416683876779757,-0.0012869348386453927,,5.17498871781541e-05,,11.739999999999997,9.457999999999995,0.115707641098215,0.04712995804557601,0.24382779487862732,0.07510778890458299,7,190803.84989999988,2.282,0.10765166525143881,7,83631.2,83628.68092792647,0.011957620491621851,21.198,351,83671.68,83671.67,83671.67568162669,1790817900,2026-10-01T01:25:00+00:00,83671.68,research_batch_v6,0.0011951475806790412,B-BTC_USDT,0.43758,81
2.4621800000000005,0.10359000000000002,VALIDATED_ABSOLUTE_UPDATES_WITH_GAP_GUARD,0.08917402607498826,0.10854617653271291,0.16720750635493237,0.08065207551295046,0,83676.01,197352.30847760002,2.35859,0.9192523102226622,22,60,,-0.0004899851223785223,-0.0019671110035002215,,-0.00021523492814723433,,9.406,12.531999999999995,0.07050281640317872,-0.010853750750380309,0.337650234319879,-0.05106852068268638,6,-261437.94059999997,-3.1259999999999994,-0.14249247880390192,6,83628.8,83632.18279064579,0.011957119391574499,21.93799999999999,226,83676.01,83671.67,83673.1910427309,1790817960,2026-10-01T01:26:00+00:00,83671.68,research_batch_v6,0.0011951259347345625,B-BTC_USDT,2.56577,116
1.6433399999999998,1.4008499999999997,VALIDATED_ABSOLUTE_UPDATES_WITH_GAP_GUARD,-0.3013846460482782,-0.2791064598188006,-0.31699149224514483,-0.3087237637175374,0,83658.0,20296.064169700003,0.24249000000000007,0.07965665743596824,23,60,,-0.00112362236725716,-0.0011235028329628083,,-0.00011068875660424915,,7.850999999999999,30.474,-0.5084693802075922,-0.4339797658197013,-0.46473496673486,-0.4456603197194733,5,-1891842.9402999992,-22.62299999999999,-0.5902935420743637,5,83607.4,83617.94830101171,0.011959151990523359,38.325,274,83676.01,83658.0,83670.097437801,1790818020,2026-10-01T01:27:00+00:00,83676.01,research_batch_v6,0.0011951701052257465,B-BTC_USDT,3.044189999999999,179
0.85301,0.9549500000000006,VALIDATED_ABSOLUTE_UPDATES_WITH_GAP_GUARD,-0.8558489646105651,-0.8766990004614352,-0.787210348458902,-0.8696429763171947,0,83648.74,-8528.985442000012,-0.10194000000000042,-0.056383990796256764,24,60,,-0.001641746187689197,-0.0010518986896874694,,-0.00016413875451093407,,12.136999999999999,5.956999999999998,-0.1844788565861505,-0.16422221969752773,-0.16299115003534265,-0.25645642279901304,3,516645.0104999998,6.18,0.3415496849784459,3,83600.1,83601.50845555567,0.01196150548576254,18.093999999999998,155,83650.01,83648.74,83649.02094983832,1790818080,2026-10-01T01:28:00+00:00,83650.01,research_batch_v6,0.0011954711913341582,B-BTC_USDT,1.8079600000000007,183
0.09949000000000001,1.26574,VALIDATED_ABSOLUTE_UPDATES_WITH_GAP_GUARD,-0.8990324733699925,-0.9179478215090131,-0.8331861712313038,-0.9100722869187986,0,83635.01,-97547.46094279997,-1.16625,-0.8542516645546904,24,60,,-0.0008489267831737202,-0.0008879056749080405,,-0.0008490463503262324,,3.7119999999999997,4.819,-0.581298313066655,-0.5193686185112644,-0.590839359829806,-0.5303820218763469,4,-92551.82019999999,-1.1070000000000002,-0.12976204430899077,4,83589.1,83595.19903156906,0.011962405788472933,8.530999999999999,158,83648.75,83635.0,83647.27541026087,1790818140,2026-10-01T01:29:00+00:00,83648.75,research_batch_v6,0.0011954961374933905,B-BTC_USDT,1.3652300000000002,185
0.3421700000000001,3.52062,VALIDATED_ABSOLUTE_UPDATES_WITH_GAP_GUARD,-0.6933177555337853,-0.7442549425293165,-0.6512326705726134,-0.7249753895795013,0,83564.0,-265712.8913548,-3.17845,-0.822837896960487,24,60,,-3.889234598630775e-05,,,-0.000629337992436918,,13.633999999999993,27.145,-0.2703632685084901,-0.2564835246828375,-0.2861925963418324,-0.2855341281149561,17,-1128987.7558999993,-13.511000000000006,-0.33132249442114836,17,83516.2,83544.48423464729,0.011969669867411456,40.77899999999999,659,83635.01,83564.0,83596.6782787253,1790818200,2026-10-01T01:30:00+00:00,83635.01,research_batch_v6,0.0011962198097285074,B-BTC_USDT,3.8627900000000004,503
2.0385100000000005,8.13435,VALIDATED_ABSOLUTE_UPDATES_WITH_GAP_GUARD,-0.016087245122835846,-0.19622565275218065,-0.0028439981904385624,-0.16470621073987937,0,83511.41,-509107.46338630014,-6.095839999999998,-0.5992257831131065,24,60,,0.0005908174703312952,,,0.0006298540522784446,,51.01999999999999,46.113,-0.0629418154398706,-0.09484343594972094,-0.047114260132121555,-0.11134162544719504,16,409077.1623,4.906999999999996,0.05051836142196777,16,83473.4,83474.5702578282,0.01197969608084154,97.133,590,83556.01,83501.03,83515.09801887175,1790818260,2026-10-01T01:31:00+00:00,83556.01,research_batch_v6,0.0011973883140401112,B-BTC_USDT,10.172860000000004,525
2.80961,1.60782,VALIDATED_ABSOLUTE_UPDATES_WITH_GAP_GUARD,0.425836361076755,0.4020342636705446,0.45764859193718965,0.4091687146202428,0,83564.01,100376.19171580003,1.2017899999999997,0.2720563766715034,24,60,,,,,-3.9012010074612746e-05,,20.534999999999997,12.778999999999996,0.366287703752187,0.3880010017223733,0.3629008883911607,0.3965075267117104,13,647427.9603000002,7.756000000000005,0.23281503271897713,13,83522.6,83499.16940005009,0.01197617021746767,33.314,498,83564.01,83511.4,83540.70351017137,1790818320,2026-10-01T01:32:00+00:00,83511.4,research_batch_v6,0.001197021372503972,B-BTC_USDT,4.417430000000001,433
0.9048299999999998,1.6643800000000004,VALIDATED_ABSOLUTE_UPDATES_WITH_GAP_GUARD,0.12121698909301401,0.12646390467596208,0.1459453963094793,0.11577229652117292,0,83560.75,-63481.63768099999,-0.7595500000000002,-0.2956356234017461,23,60,,,,,0.0,,14.226999999999999,23.077000000000005,-0.1814559620462348,-0.253202635984172,-0.21213401811128557,-0.21514261388180617,13,-739316.1390000003,-8.850000000000003,-0.23723997426549442,13,83519.6,83531.5527244836,0.011971522487790355,37.303999999999995,438,83580.01,83560.75,83572.04046565287,1790818380,2026-10-01T01:33:00+00:00,83564.01,research_batch_v6,0.0011965724550617464,B-BTC_USDT,2.5692100000000004,296
0.0021600000000000005,0.01593,VALIDATED_ABSOLUTE_UPDATES_WITH_GAP_GUARD,0.569621327945457,0.6003383207824792,0.743262924584223,0.60478387726801,0,83560.75,-1150.6315058999999,-0.01377,-0.7611940298507461,3,7,,,,,,,1.081,0.14800000000000002,0.6133828996282529,0.5707263790278536,-0.5967508963923396,0.5717383447777378,1,77926.15650000001,0.933,0.7591537835638732,1,83523.6,83521.57853631896,0.011972957878035163,1.2289999999999999,30,83560.76,83560.75,83560.75800169162,1790818440,2026-10-01T01:34:00+00:00,83560.76,research_batch_v6,0.001196734040371142,B-BTC_USDT,0.018090000000000002,8
142984.0,312523.0,VALIDATED_ABSOLUTE_UPDATES_WITH_GAP_GUARD,,,,,0,0.09449,-16014.71904,-169539.0,-0.37219845139591706,0,0,-0.0017991321832998564,-0.0007408191342999082,-0.0008466504392000695,-0.0010583130489999482,-0.00010583130490005033,-0.0014816382685998164,1505409.0,6145566.0,,,,,0,-438300.88007,-4640157.0,-0.6064791742228932,0,0.09444,,,7650975.0,148,0.0946,0.09448,,1790812800,2026-10-01T00:00:00+00:00,0.09456,research_batch_v6,,B-DOGE_USDT,455507.0,62
4224.0,12681.0,VALIDATED_ABSOLUTE_UPDATES_WITH_GAP_GUARD,,,,,0,0.09448,-798.87444,-8457.0,-0.5002661934338953,0,0,-0.0008467400508043177,-0.0008467400508043177,-0.0002116850127009684,-0.00042337002540215884,-0.0007408975444538335,-0.0019051651143099368,416558.0,877490.0,,,,,0,-43524.38172,-460932.0,-0.3561938969806375,0,0.09441,,,1294048.0,98,0.09449,0.09445,,1790812860,2026-10-01T00:01:00+00:00,0.09449,research_batch_v6,,B-DOGE_USDT,16905.0,27
68030.0,73293.0,VALIDATED_ABSOLUTE_UPDATES_WITH_GAP_GUARD,,,,,0,0.09441,-496.2446499999991,-5263.0,-0.037240930351039814,0,0,-0.0009532888465204614,0.0,0.0013769727783075059,0.0006355258976804556,0.00010592098294681662,-0.0012710517953605782,79157.0,695334.0,,,,,0,-58162.377510000006,-616177.0,-0.7955896195049393,0,0.09436,,,774491.0,96,0.09446,0.09441,,1790812920,2026-10-01T00:02:00+00:00,0.09446,research_batch_v6,,B-DOGE_USDT,141323.0,21
43102.0,152597.0,VALIDATED_ABSOLUTE_UPDATES_WITH_GAP_GUARD,,,,,0,0.09442,-10336.009019999998,-109495.0,-0.5595072023873398,0,0,-0.0013768269434442093,0.0004236390595213635,0.0007413683541621641,0.0006354585892818232,-0.00021181952976068175,-0.0006354585892819342,585018.0,683108.0,,,,,0,-9251.486219999997,-98090.0,-0.07735035792973254,0,0.09438,,,1268126.0,80,0.09443,0.0944,,1790812980,2026-10-01T00:03:00+00:00,0.09441,research_batch_v6,,B-DOGE_USDT,195699.0,19
1166.0,83059.0,VALIDATED_ABSOLUTE_UPDATES_WITH_GAP_GUARD,,,,,0,0.0944,-7731.480549999999,-81893.0,-0.9723122588305135,0,0,-0.0015889830508474256,0.0014830508474577009,-0.00021186440677956053,0.00010593220338983578,0.00010593220338983578,0.0,197599.0,461667.0,,,,,0,-24918.99302,-264068.0,-0.40054848877387883,0,0.09436,,,659266.0,75,0.09442,0.0944,,1790813040,2026-10-01T00:04:00+00:00,0.09442,research_batch_v6,,B-DOGE_USDT,84225.0,10
62555.0,79701.0,VALIDATED_ABSOLUTE_UPDATES_WITH_GAP_GUARD,,,,,0,0.09441,-1619.3058000000005,-17146.0,-0.1205291868181307,0,0,-0.0014828937612539894,0.0008473678635738668,-0.0002118419658934112,-0.0006355258976802336,0.000529604914733639,0.0016947357271477337,367326.0,126012.0,,,,,0,22771.982549999993,241314.0,0.4891453729491748,0,0.09437,,,493338.0,71,0.09444,0.0944,,1790813100,2026-10-01T00:05:00+00:00,0.0944,research_batch_v6,,B-DOGE_USDT,142256.0,31
54668.0,38493.0,VALIDATED_ABSOLUTE_UPDATES_WITH_GAP_GUARD,,,,,0,0.09446,1526.0909399999991,16175.0,0.17362415603095716,0,0,-0.0006351894982002948,-0.0008469193309337264,-0.00021172983273354262,-0.0016938386618675638,0.0008469193309337264,0.001058649163667269,985694.0,370200.0,,,,,0,58094.26618000002,615494.0,0.4539396147486455,0,0.09442,,,1355894.0,87,0.09446,0.09441,,1790813160,2026-10-01T00:06:00+00:00,0.09441,research_batch_v6,,B-DOGE_USDT,93161.0,25
247747.0,191213.0,VALIDATED_ABSOLUTE_UPDATES_WITH_GAP_GUARD,,,,,0,0.09454,5343.244749999997,56534.0,0.12879077820302534,0,0,-0.001903955997461404,-0.0015866299978845033,-0.0007404273323461386,-0.0026443833298075425,-0.0005288766659614641,-0.0007404273323461386,4570241.0,479237.0,,,,,0,386488.2014599999,4091004.0,0.8101835476855231,0,0.09449,,,5049478.0,113,0.09454,0.09446,,1790813220,2026-10-01T00:07:00+00:00,0.09446,research_batch_v6,,B-DOGE_USDT,438960.0,50
61781.0,18187.0,VALIDATED_ABSOLUTE_UPDATES_WITH_GAP_GUARD,,,,,0,0.09449,4122.10531,43594.0,0.5451430572228891,0,0,-0.0010583130489999482,-0.0005291565245000296,-0.00010583130490005033,-0.001375806963699877,-0.0011641443538998875,-0.0005291565245000296,331281.0,1745427.0,,,,,0,-133634.19345999998,-1414146.0,-0.6809556278494617,0,0.09445,,,2076708.0,95,0.09458,0.09449,,1790813280,2026-10-01T00:08:00+00:00,0.09454,research_batch_v6,,B-DOGE_USDT,79968.0,30
103524.0,221845.0,VALIDATED_ABSOLUTE_UPDATES_WITH_GAP_GUARD,,,,,0,0.09438,-11170.38711,-118321.0,-0.3636517308041024,0,0,0.0009535918626826234,0.0009535918626826234,0.0003178639542273931,0.0002119093028183361,0.00010595465140905702,0.0013774104683195176,89178.0,739996.0,,,,,0,-61438.15535,-650818.0,-0.7848991888312947,0,0.09434,,,829174.0,91,0.09444,0.09437,,1790813340,2026-10-01T00:09:00+00:00,0.09444,research_batch_v6,,B-DOGE_USDT,325369.0,53
59083.0,93607.0,VALIDATED_ABSOLUTE_UPDATES_WITH_GAP_GUARD,,,,,0,0.09439,-3259.82335,-34524.0,-0.2261051804309385,0,0,0.0012713211145247705,0.0009534908358934668,-0.00042377370484159016,0.0019069816717871557,0.0005297171310518767,0.0018010382455768692,945650.0,527419.0,,,,,0,39480.58647000001,418231.0,0.2839181328233776,0,0.09436,,,1473069.0,78,0.09443,0.09437,,1790813400,2026-10-01T00:10:00+00:00,0.09437,research_batch_v6,,B-DOGE_USDT,152690.0,29
178487.0,232429.0,VALIDATED_ABSOLUTE_UPDATES_WITH_GAP_GUARD,,,,,0,0.09444,-5091.04525,-53942.0,-0.13127257152313368,0,0,0.0007412113511224838,-0.00031766200762395336,-0.0014824227022448566,0.0012706480304955914,0.00031766200762395336,0.0010588733587462151,968403.0,379032.0,,,,,0,55616.1948,589371.0,0.4374021752440749,0,0.0944,,,1347435.0,57,0.09445,0.09437,,1790813460,2026-10-01T00:11:00+00:00,0.09439,research_batch_v6,,B-DOGE_USDT,410916.0,35
229264.0,149786.0,VALIDATED_ABSOLUTE_UPDATES_WITH_GAP_GUARD,,,,,0,0.09447,7512.699919999997,79478.0,0.20967682363804246,0,0,0.0009526833915529664,-0.0012702445220704739,-0.0019053667831057108,0.0,0.0001058537101725765,0.0008468296813803899,1155049.0,1314474.0,,,,,0,-15034.762699999997,-159425.0,-0.06455700149381075,0,0.09444,,,2469523.0,88,0.09455,0.09446,,1790813520,2026-10-01T00:12:00+00:00,0.09446,research_batch_v6,,B-DOGE_USDT,379050.0,53
6829.0,15963.0,VALIDATED_ABSOLUTE_UPDATES_WITH_GAP_GUARD,,,,,0,0.09448,-862.94956,-9134.0,-0.4007546507546508,0,0,0.0010584250635055081,-0.0019051651143099368,-0.0012701100762065876,-0.00042337002540215884,-0.0007408975444538335,0.0005292125317528651,50538.0,297728.0,,,,,0,-23343.327660000003,-247190.0,-0.7097735638850764,0,0.09443,,,348266.0,80,0.09449,0.09447,,1790813580,2026-10-01T00:13:00+00:00,0.09447,research_batch_v6,,B-DOGE_USDT,22792.0,18
2587.0,59763.0,VALIDATED_ABSOLUTE_UPDATES_WITH_GAP_GUARD,,,,,0,0.09441,-5400.173560000001,-57176.0,-0.9170168404170008,0,0,0.002648024573667973,-0.0012710517953605782,-0.0001059209829467056,0.001059209829467278,-0.0006355258976802336,0.0003177629488402278,12017.0,743311.0,,,,,0,-69037.90500999999,-731294.0,-0.9681807108964582,0,0.09436,,,755328.0,65,0.09447,0.09441,,1790813640,2026-10-01T00:14:00+00:00,0.09447,research_batch_v6,,B-DOGE_USDT,62350.0,16
26481.0,153157.0,VALIDATED_ABSOLUTE_UPDATES_WITH_GAP_GUARD,,,,,0,0.09435,-11952.075190000003,-126676.0,-0.7051737382959062,0,0,0.0027556968733439824,0.00010598834128239254,0.002331743508213968,0.0022257551669315756,-0.0005299417064124068,-0.00031796502384739966,350013.0,5300684.0,,,,,0,-466823.40437999996,-4950671.0,-0.8761168754934126,0,0.0943,,,5650697.0,89,0.09443,0.09433,,1790813700,2026-10-01T00:15:00+00:00,0.09441,research_batch_v6,,B-DOGE_USDT,179638.0,32
90880.0,203100.0,VALIDATED_ABSOLUTE_UPDATES_WITH_GAP_GUARD,,,,,0,0.0943,-10584.776450000001,-112220.0,-0.38172664807129736,0,0,0.0031813361611878754,0.0010604453870626251,0.002757158006362781,0.0025450689289501227,-0.0001060445387062181,0.0010604453870626251,1581073.0,2033175.0,,,,,0,-42549.74365999999,-452102.0,-0.12508881515601586,0,0.09424,,,3614248.0,116,0.09443,0.0943,,1790813760,2026-10-01T00:16:00+00:00,0.09435,research_batch_v6,,B-DOGE_USDT,293980.0,64
21777.0,33219.0,VALIDATED_ABSOLUTE_UPDATES_WITH_GAP_GUARD,,,,,0,0.09429,-1079.74253,-11442.0,-0.20805149465415668,0,0,0.002863506204263455,0.0029695619896066283,0.0019090041361755627,0.002757450418920282,0.0007423904974015461,0.00031816735602929747,552561.0,1450414.0,,,,,0,-84671.83672000002,-897853.0,-0.4482597136759071,0,0.09424,,,2002975.0,69,0.09437,0.09429,,1790813820,2026-10-01T00:17:00+00:00,0.0943,research_batch_v6,,B-DOGE_USDT,54996.0,37
130051.0,175150.0,VALIDATED_ABSOLUTE_UPDATES_WITH_GAP_GUARD,,,,,0,0.09436,-4255.474889999995,-45099.0,-0.1477681921094623,0,0,0.0025434506146673197,0.002119542178889322,0.0008478168715557732,0.0018016108520559904,0.0004239084357777756,-0.0007418397626113293,5559359.0,3011663.0,,,,,0,240373.74509999994,2547696.0,0.29724529933536514,0,0.09431,,,8571022.0,84,0.09437,0.09425,,1790813880,2026-10-01T00:18:00+00:00,0.09429,research_batch_v6,,B-DOGE_USDT,305201.0,72
320628.0,180571.0,VALIDATED_ABSOLUTE_UPDATES_WITH_GAP_GUARD,,,,,0,0.0944,13216.639159999992,140057.0,0.2794438935432832,0,0,0.002330508474576165,0.0007415254237288504,0.0011652542372881936,0.0004237288135593431,0.0018008474576272082,-0.0015889830508474256,1116998.0,654158.0,,,,,0,43649.43806999998,462840.0,0.2613208548541179,0,0.09435,,,1771156.0,74,0.0944,0.09436,,1790813940,2026-10-01T00:19:00+00:00,0.09436,research_batch_v6,,B-DOGE_USDT,501199.0,32
259911.0,237854.0,VALIDATED_ABSOLUTE_UPDATES_WITH_GAP_GUARD,,,,,0,0.09457,2075.0711999999967,22057.0,0.04431207497513887,0,0,-0.0002114835571535023,-0.0013746431214973764,-0.00010574177857669564,-0.002643544464417946,-0.00010574177857669564,-0.0031722533573014244,5791369.0,307945.0,,,,,0,517938.59753,5483424.0,0.8990230704633341,0,0.09452,,,6099314.0,85,0.09457,0.0944,,1790814000,2026-10-01T00:20:00+00:00,0.0944,research_batch_v6,,B-DOGE_USDT,497765.0,85
20623.0,100071.0,VALIDATED_ABSOLUTE_UPDATES_WITH_GAP_GUARD,,,,,0,0.09456,-7511.80116,-79448.0,-0.6582597312211046,0,0,0.0,-0.0005287648054146388,-0.00021150592216589992,-0.0016920473773266442,-0.0009517766497462166,-0.0016920473773266442,943540.0,2997632.0,,,,,0,-194104.32736000002,-2054092.0,-0.521188113586517,0,0.09451,,,3941172.0,95,0.0946,0.09451,,1790814060,2026-10-01T00:21:00+00:00,0.09459,research_batch_v6,,B-DOGE_USDT,120694.0,35
1592.0,71497.0,VALIDATED_ABSOLUTE_UPDATES_WITH_GAP_GUARD,,,,,0,0.09447,-6607.1550400000015,-69905.0,-0.9564366730971828,0,0,0.0009526833915529664,0.0009526833915529664,0.0008468296813803899,-0.0015878056525880924,-0.00031756113051761847,-0.0011643908118978974,285091.0,648736.0,,,,,0,-34354.38703999999,-363645.0,-0.3894136708405304,0,0.09443,,,933827.0,96,0.09456,0.09446,,1790814120,2026-10-01T00:22:00+00:00,0.09456,research_batch_v6,,B-DOGE_USDT,73089.0,28
232613.0,299752.0,VALIDATED_ABSOLUTE_UPDATES_WITH_GAP_GUARD,,,,,0,0.09444,-6344.950319999997,-67139.0,-0.12611460182393658,0,0,0.0005294366793733296,0.0010588733587462151,0.000952986022871638,-0.0015883100381194337,0.0007412113511224838,-0.0005294366793731076,283848.0,1140127.0,,,,,0,-80830.54226,-856279.0,-0.6013300795308907,0,0.09439,,,1423975.0,82,0.09449,0.09443,,1790814180,2026-10-01T00:23:00+00:00,0.09448,research_batch_v6,,B-DOGE_USDT,532365.0,37
47699.0,29535.0,VALIDATED_ABSOLUTE_UPDATES_WITH_GAP_GUARD,,,,,0,0.09451,1715.9935100000007,18164.0,0.235181396794158,0,0,-0.0004232356364405332,0.0004232356364406442,-0.0007406623637710164,-0.0027510316368637433,0.0005290445455508053,-0.0004232356364405332,1059043.0,675543.0,,,,,0,36219.69036,383500.0,0.22109021979884538,0,0.09445,,,1734586.0,63,0.09452,0.09444,,1790814240,2026-10-01T00:24:00+00:00,0.09444,research_batch_v6,,B-DOGE_USDT,77234.0,25
166881.0,22165.0,VALIDATED_ABSOLUTE_UPDATES_WITH_GAP_GUARD,,,,,0,0.09456,13674.752780000003,144716.0,0.7655068078668684,0,0,-0.00021150592216589992,-0.00031725888324873885,-0.002538071065989911,-0.0030668358714044386,-0.00021150592216589992,-0.0005287648054146388,438017.0,115700.0,,,,,0,30455.938959999996,322317.0,0.582096991784612,0,0.0945,,,553717.0,57,0.09456,0.0945,,1790814300,2026-10-01T00:25:00+00:00,0.0945,research_batch_v6,,B-DOGE_USDT,189046.0,19
8292.0,51484.0,VALIDATED_ABSOLUTE_UPDATES_WITH_GAP_GUARD,,,,,0,0.09454,-4084.1539900000007,-43192.0,-0.7225642398286938,0,0,0.00021155066638467446,-0.0010577533319230392,-0.001480854664692166,-0.001480854664692166,0.00010577533319233723,-0.00031732599957690066,944315.0,893089.0,,,,,0,4859.371320000007,51226.0,0.027879551802434305,0,0.09447,,,1837404.0,84,0.0946,0.09454,,1790814360,2026-10-01T00:26:00+00:00,0.09456,research_batch_v6,,B-DOGE_USDT,59776.0,25
100560.0,187025.0,VALIDATED_ABSOLUTE_UPDATES_WITH_GAP_GUARD,,,,,0,0.09455,-8174.359989999999,-86465.0,-0.3006589356190344,0,0,0.0,-0.0024325753569539588,-0.0024325753569539588,-0.002009518773135821,-0.00021152829190895783,0.00010576414595453443,144850.0,229840.0,,,,,0,-8026.998470000009,-84990.0,-0.22682751074221355,0,0.09448,,,374690.0,65,0.09455,0.09452,,1790814420,2026-10-01T00:27:00+00:00,0.09454,research_batch_v6,,B-DOGE_USDT,287585.0,21
42188.0,693561.0,VALIDATED_ABSOLUTE_UPDATES_WITH_GAP_GUARD,,,,,0,0.09453,-61580.91136999998,-651373.0,-0.8853195858913842,0,0,0.00042314609118787594,-0.0013752247963609854,-0.0025388765471279218,-0.0014810113191578989,-0.0009520787051729984,0.0005289326139850115,186411.0,272517.0,,,,,0,-8134.765109999994,-86106.0,-0.18762420248927936,0,0.09448,,,458928.0,61,0.09455,0.0945,,1790814480,2026-10-01T00:28:00+00:00,0.09455,research_batch_v6,,B-DOGE_USDT,735749.0,32
23968.0,161029.0,VALIDATED_ABSOLUTE_UPDATES_WITH_GAP_GUARD,,,,,0,0.09444,-12954.43981,-137061.0,-0.7408822845775878,0,0,0.0012706480304955914,-0.0012706480304954804,-0.002011859381617964,0.00031766200762395336,-0.0012706480304954804,0.0023295213892418065,125195.0,784682.0,,,,,0,-62288.46795999999,-659487.0,-0.7248089576942818,0,0.09437,,,909877.0,59,0.09454,0.09444,,1790814540,2026-10-01T00:29:00+00:00,0.09454,research_batch_v6,,B-DOGE_USDT,184997.0,34
63159.0,54334.0,VALIDATED_ABSOLUTE_UPDATES_WITH_GAP_GUARD,,,,,0,0.09432,828.9866300000008,8825.0,0.0751108576681164,0,0,0.002862595419847347,-0.00031806615776086566,-0.0005301102629345911,0.002014418999151779,0.0008481764206955678,0.0030746395250211833,461598.0,1541829.0,,,,,0,-101856.86185000002,-1080231.0,-0.5391915952016221,0,0.09425,,,2003427.0,79,0.09444,0.0943,,1790814600,2026-10-01T00:30:00+00:00,0.09444,research_batch_v6,,B-DOGE_USDT,117493.0,49
128596.0,43467.0,VALIDATED_ABSOLUTE_UPDATES_WITH_GAP_GUARD,,,,,0,0.0944,8030.8725200000035,85129.0,0.4947548281734016,0,0,0.0018008474576272082,-0.0015889830508474256,0.0,0.0011652542372881936,-0.0008474576271185752,0.0021186440677967155,1054621.0,434002.0,,,,,0,58514.47629999998,620619.0,0.4169081090376811,0,0.09434,,,1488623.0,103,0.09444,0.09429,,1790814660,2026-10-01T00:31:00+00:00,0.0943,research_batch_v6,,B-DOGE_USDT,172063.0,45
53250.0,14867.0,VALIDATED_ABSOLUTE_UPDATES_WITH_GAP_GUARD,,,,,0,0.09432,3621.6141299999995,38383.0,0.5634863543608791,0,0,0.003498727735368856,-0.0005301102629345911,0.00042408821034767286,0.0025445292620864812,-0.00031806615776086566,0.0025445292620864812,300389.0,765298.0,,,,,0,-43842.08151000001,-464909.0,-0.43625285848471457,0,0.09426,,,1065687.0,71,0.09438,0.09432,,1790814720,2026-10-01T00:32:00+00:00,0.09438,research_batch_v6,,B-DOGE_USDT,68117.0,34
47795.0,81026.0,VALIDATED_ABSOLUTE_UPDATES_WITH_GAP_GUARD,,,,,0,0.09429,-3134.2642699999997,-33231.0,-0.2579625992656477,0,0,0.002757450418920282,0.0011666136387740167,0.0010605578534308435,0.0030756177749495794,-0.0004242231413723596,0.0032877293456359258,337789.0,407799.0,,,,,0,-6598.320170000006,-70010.0,-0.09389904343954034,0,0.09425,,,745588.0,73,0.09431,0.09429,,1790814780,2026-10-01T00:33:00+00:00,0.09431,research_batch_v6,,B-DOGE_USDT,128821.0,20
131071.0,2927.0,VALIDATED_ABSOLUTE_UPDATES_WITH_GAP_GUARD,,,,,0,0.09425,12084.558130000005,128144.0,0.9563127807877729,0,0,0.003713527851458842,0.0011671087533156044,0.0023342175066312087,0.004350132625994707,0.000212201591512029,0.003925729442970871,307935.0,1056032.0,,,,,0,-70493.29512000001,-748097.0,-0.5484714806150002,0,0.0942,,,1363967.0,67,0.09434,0.09425,,1790814840,2026-10-01T00:34:00+00:00,0.09429,research_batch_v6,,B-DOGE_USDT,133998.0,30
9599.0,4903.0,VALIDATED_ABSOLUTE_UPDATES_WITH_GAP_GUARD,,,,,0,0.09427,442.6674700000001,4696.0,0.3238174044959316,0,0,0.004455288002545688,0.0012729394292987362,0.0025458788585974723,0.003606661716346604,0.0013790177150736493,0.002970192001697125,312589.0,310996.0,,,,,0,151.10678999999982,1593.0,0.0025545835772188235,0,0.09421,,,623585.0,45,0.09427,0.09424,,1790814900,2026-10-01T00:35:00+00:00,0.09425,research_batch_v6,,B-DOGE_USDT,14502.0,17
111641.0,39276.0,VALIDATED_ABSOLUTE_UPDATES_WITH_GAP_GUARD,,,,,0,0.0944,6826.580390000001,72365.0,0.4795019779083867,0,0,0.0030720338983050155,0.0007415254237288504,0.0011652542372881936,0.0021186440677967155,-0.0004237288135593431,0.0016949152542373724,915050.0,190617.0,,,,,0,68316.80754,724433.0,0.6551999833584614,0,0.09435,,,1105667.0,57,0.0944,0.09426,,1790814960,2026-10-01T00:36:00+00:00,0.09427,research_batch_v6,,B-DOGE_USDT,150917.0,32
17484.0,44297.0,VALIDATED_ABSOLUTE_UPDATES_WITH_GAP_GUARD,,,,,0,0.09436,-2531.489760000001,-26813.0,-0.4340007445654813,0,0,0.003391267486223093,0.0015896566341671026,0.002119542178889322,0.002119542178889322,0.0003179313268333317,0.002119542178889322,348613.0,333460.0,,,,,0,1429.6420700000003,15153.0,0.022216097103975672,0,0.09431,,,682073.0,46,0.09443,0.09434,,1790815020,2026-10-01T00:37:00+00:00,0.09442,research_batch_v6,,B-DOGE_USDT,61781.0,43
6789.0,34466.0,VALIDATED_ABSOLUTE_UPDATES_WITH_GAP_GUARD,,,,,0,0.09439,-2612.222890000002,-27677.0,-0.6708762574233427,0,0,0.0038139633435745335,0.0012713211145247705,0.0020129250979976643,0.0022248119504184594,0.0008475474096831803,0.0010594342621039754,547307.0,359777.0,,,,,0,17692.341560000004,187530.0,0.20673939789479254,0,0.09434,,,907084.0,38,0.09439,0.09431,,1790815080,2026-10-01T00:38:00+00:00,0.09436,research_batch_v6,,B-DOGE_USDT,41255.0,119
142737.0,66301.0,VALIDATED_ABSOLUTE_UPDATES_WITH_GAP_GUARD,,,,,0,0.09447,7215.437200000002,76436.0,0.3656560051282542,0,0,0.0030697575950036082,0.0009526833915529664,0.0020112204932782873,0.0015878056525882034,0.00042341484069008395,0.0,626752.0,413719.0,,,,,0,20117.441120000003,213033.0,0.20474669644805094,0,0.09441,,,1040471.0,60,0.09447,0.09438,,1790815140,2026-10-01T00:39:00+00:00,0.09439,research_batch_v6,,B-DOGE_USDT,209038.0,40
164779.0,97032.0,VALIDATED_ABSOLUTE_UPDATES_WITH_GAP_GUARD,,,,,0,0.09451,6399.877850000002,67747.0,0.2587630007906467,0,0,0.0027510316368637433,0.0007406623637711274,0.0010580890911016105,0.0004232356364406442,0.0,0.00031742672733048316,673680.0,259786.0,,,,,0,39092.06847000001,413894.0,0.443394831734632,0,0.09446,,,933466.0,55,0.09452,0.09445,,1790815200,2026-10-01T00:40:00+00:00,0.09447,research_batch_v6,,B-DOGE_USDT,261811.0,35
1542862.0,609241.0,VALIDATED_ABSOLUTE_UPDATES_WITH_GAP_GUARD,,,,,0,0.09451,88233.13726000002,933621.0,0.4338179910534022,0,0,0.0025394138186436432,0.0015871336366521938,0.0009522801819914495,0.0005290445455508053,0.0005290445455508053,0.0005290445455508053,981333.0,2876864.0,,,,,0,-179034.58057999998,-1895531.0,-0.49129969257661027,0,0.09445,,,3858197.0,104,0.09455,0.09449,,1790815260,2026-10-01T00:41:00+00:00,0.09452,research_batch_v6,,B-DOGE_USDT,2152103.0,122
154947.0,18178.0,VALIDATED_ABSOLUTE_UPDATES_WITH_GAP_GUARD,,,,,0,0.09456,12922.686410000002,136769.0,0.7900014440433213,0,0,0.00222081218274095,0.0005287648054144167,0.0,0.0,0.00021150592216567787,-0.00010575296108306098,1330272.0,655723.0,,,,,0,63744.08982999998,674549.0,0.3396529195692839,0,0.09452,,,1985995.0,80,0.09456,0.09446,,1790815320,2026-10-01T00:42:00+00:00,0.09451,research_batch_v6,,B-DOGE_USDT,173125.0,28
4466.0,35737.0,VALIDATED_ABSOLUTE_UPDATES_WITH_GAP_GUARD,,,,,0,0.09458,-2956.81019,-31271.0,-0.7778275253090565,0,0,0.0021146119687038833,0.00021146119687043274,0.00021146119687043274,-0.0009515753859166143,0.0008458447874815089,-0.00010573059843510535,455878.0,538990.0,,,,,0,-7855.994309999998,-83112.0,-0.08354073103165445,0,0.09452,,,994868.0,41,0.09458,0.09454,,1790815380,2026-10-01T00:43:00+00:00,0.09455,research_batch_v6,,B-DOGE_USDT,40203.0,13
178693.0,11998.0,VALIDATED_ABSOLUTE_UPDATES_WITH_GAP_GUARD,,,,,0,0.09466,15777.562689999999,166695.0,0.8741629127751178,0,0,0.0013733361504331132,-0.0010564124234100358,-0.0004225649693639921,-0.002007183604479157,-0.0005282062117050179,-0.0010564124234100358,1341404.0,348372.0,,,,,0,93945.51977000003,993032.0,0.5876707918682713,0,0.0946,,,1689776.0,92,0.09468,0.09458,,1790815440,2026-10-01T00:44:00+00:00,0.09458,research_batch_v6,,B-DOGE_USDT,190691.0,32
134157.0,95711.0,VALIDATED_ABSOLUTE_UPDATES_WITH_GAP_GUARD,,,,,0,0.09461,3641.5754500000003,38446.0,0.1672525101362521,0,0,0.0027481238769686556,-0.00010569707219110214,-0.0006341824331466128,-0.000739879505337715,-0.00010569707219110214,-0.0002113941443823153,599961.0,738549.0,,,,,0,-13107.04657,-138588.0,-0.10353900979447296,0,0.09455,,,1338510.0,93,0.09469,0.09461,,1790815500,2026-10-01T00:45:00+00:00,0.09465,research_batch_v6,,B-DOGE_USDT,229868.0,28
113602.0,121468.0,VALIDATED_ABSOLUTE_UPDATES_WITH_GAP_GUARD,,,,,0,0.0946,-742.4147699999999,-7866.0,-0.033462372910196964,0,0,0.0029598308668077333,0.00021141649048628253,-0.00042283298097245403,-0.00042283298097245403,-0.00042283298097245403,-0.0003171247357294238,419501.0,1843721.0,,,,,0,-134621.99543,-1424220.0,-0.6292886866599918,0,0.09454,,,2263222.0,99,0.09464,0.09455,,1790815560,2026-10-01T00:46:00+00:00,0.09461,research_batch_v6,,B-DOGE_USDT,235070.0,55
51255.0,20242.0,VALIDATED_ABSOLUTE_UPDATES_WITH_GAP_GUARD,,,,,0,0.09456,2933.32066,31013.0,0.43376645173923384,0,0,0.004124365482233605,-0.00010575296108306098,0.0,-0.00010575296108306098,0.0004230118443315778,0.0009517766497462166,147701.0,271495.0,,,,,0,-11703.901760000002,-123794.0,-0.2953129323753089,0,0.0945,,,419196.0,75,0.09463,0.09454,,1790815620,2026-10-01T00:47:00+00:00,0.0946,research_batch_v6,,B-DOGE_USDT,71497.0,37
30329.0,39165.0,VALIDATED_ABSOLUTE_UPDATES_WITH_GAP_GUARD,,,,,0,0.0946,-835.1535000000003,-8836.0,-0.12714766742452585,0,0,0.004016913319238702,-0.00042283298097245403,-0.0011627906976744429,-0.0003171247357294238,0.00021141649048628253,-0.0005285412262157063,145459.0,148105.0,,,,,0,-249.87866999999744,-2646.0,-0.00901336676159202,0,0.09453,,,293564.0,62,0.0946,0.09455,,1790815680,2026-10-01T00:48:00+00:00,0.09456,research_batch_v6,,B-DOGE_USDT,69494.0,18
217520.0,44742.0,VALIDATED_ABSOLUTE_UPDATES_WITH_GAP_GUARD,,,,,0,0.09462,16345.263070000005,172778.0,0.6587992160511245,0,0,0.004333121961530351,-0.0006341154090043766,-0.0015852885225110525,-0.0006341154090043766,-0.000739801310505217,-0.00021137180300134784,860697.0,402374.0,,,,,0,43341.85576000001,458323.0,0.3628640036862536,0,0.09457,,,1263071.0,49,0.09463,0.09459,,1790815740,2026-10-01T00:49:00+00:00,0.0946,research_batch_v6,,B-DOGE_USDT,262262.0,24
47889.0,132282.0,VALIDATED_ABSOLUTE_UPDATES_WITH_GAP_GUARD,,,,,0,0.09455,-7983.78237,-84393.0,-0.46840501523552625,0,0,0.006980433632998606,-0.0006345848757269845,-0.00010576414595453443,0.0004230565838181377,0.00010576414595453443,0.00148069804336326,325365.0,2258523.0,,,,,0,-182806.30602999998,-1933158.0,-0.7481585889171667,0,0.09449,,,2583888.0,70,0.09463,0.09454,,1790815800,2026-10-01T00:50:00+00:00,0.09462,research_batch_v6,,B-DOGE_USDT,180171.0,36
34429.0,108024.0,VALIDATED_ABSOLUTE_UPDATES_WITH_GAP_GUARD,,,,,0,0.09456,-6958.668460000001,-73595.0,-0.5166265364716783,0,0,0.006979695431472033,-0.0009517766497462166,0.0,0.00010575296108283894,0.0,0.0013747884940777944,478375.0,124740.0,,,,,0,33417.00417,353635.0,0.5863475456587881,0,0.09452,,,603115.0,65,0.09457,0.09451,,1790815860,2026-10-01T00:51:00+00:00,0.09455,research_batch_v6,,B-DOGE_USDT,142453.0,26
34354.0,30361.0,VALIDATED_ABSOLUTE_UPDATES_WITH_GAP_GUARD,,,,,0,0.09456,377.03446999999903,3993.0,0.06170130572510237,0,0,0.007085448392554872,-0.00021150592216589992,-0.00010575296108306098,0.0009517766497462166,-0.0007402707275804277,0.0012690355329949554,223157.0,99161.0,,,,,0,11718.55024,123996.0,0.3847008234104208,0,0.09451,,,322318.0,53,0.09456,0.09454,,1790815920,2026-10-01T00:52:00+00:00,0.09456,research_batch_v6,,B-DOGE_USDT,64715.0,14
15545.0,12672.0,VALIDATED_ABSOLUTE_UPDATES_WITH_GAP_GUARD,,,,,0,0.09449,272.05857000000003,2873.0,0.10181805294680511,0,0,0.007937347867499112,0.0007408191342999082,0.0008466504391999585,0.0006349878293998579,-0.00021166260979998963,0.002751613927399754,590240.0,748888.0,,,,,0,-15006.534709999994,-158648.0,-0.11847112449295362,0,0.09443,,,1339128.0,63,0.09457,0.09449,,1790815980,2026-10-01T00:53:00+00:00,0.09457,research_batch_v6,,B-DOGE_USDT,28217.0,17
25904.0,28264.0,VALIDATED_ABSOLUTE_UPDATES_WITH_GAP_GUARD,,,,,0,0.09447,-222.70453,-2360.0,-0.04356815832225668,0,0,0.008362443103630879,0.0008468296813803899,0.0009526833915529664,0.0013760982322430504,0.0007409759712078134,0.0030697575950036082,168356.0,175747.0,,,,,0,-697.0343900000009,-7391.0,-0.021479033893921296,0,0.09441,,,344103.0,55,0.09449,0.09447,,1790816040,2026-10-01T00:54:00+00:00,0.09449,research_batch_v6,,B-DOGE_USDT,54168.0,16
26249.0,34252.0,VALIDATED_ABSOLUTE_UPDATES_WITH_GAP_GUARD,,,,,0,0.09454,-756.4790599999998,-8003.0,-0.13227880530900316,0,0,0.008038925322614743,0.0003173259995770117,0.0005288766659614641,0.0015866299978843923,0.00021155066638467446,0.002432832663422868,257758.0,349043.0,,,,,0,-8630.199489999997,-91285.0,-0.15043646928729518,0,0.09449,,,606801.0,53,0.09454,0.09447,,1790816100,2026-10-01T00:55:00+00:00,0.09447,research_batch_v6,,B-DOGE_USDT,60501.0,27
72393.0,90970.0,VALIDATED_ABSOLUTE_UPDATES_WITH_GAP_GUARD,,,,,0,0.09456,-1757.0536400000003,-18577.0,-0.1137160801405459,0,0,0.007085448392554872,0.0,0.00010575296108283894,0.0013747884940777944,-0.00010575296108306098,0.002009306260575272,149052.0,220796.0,,,,,0,-6779.694549999997,-71744.0,-0.19398239276675824,0,0.0945,,,369848.0,52,0.09456,0.09454,,1790816160,2026-10-01T00:56:00+00:00,0.09454,research_batch_v6,,B-DOGE_USDT,163363.0,25
2248.0,3156.0,VALIDATED_ABSOLUTE_UPDATES_WITH_GAP_GUARD,,,,,0,0.09455,-85.83467000000002,-908.0,-0.1680236861584012,0,0,0.006663141195135003,0.0004230565838181377,0.0010576414595453443,0.0013749338974087255,0.00021152829190906886,0.0023268112109995354,114712.0,70755.0,,,,,0,4154.33616,43957.0,0.23700712256088685,0,0.09449,,,185467.0,56,0.09456,0.09454,,1790816220,2026-10-01T00:57:00+00:00,0.09456,research_batch_v6,,B-DOGE_USDT,5404.0,10
75372.0,36846.0,VALIDATED_ABSOLUTE_UPDATES_WITH_GAP_GUARD,,,,,0,0.09457,3645.406220000001,38526.0,0.3433139068598621,0,0,0.006661732050333047,0.0,-0.0002114835571535023,0.0019033520143809657,-0.00010574177857669564,0.0022205773501109416,839470.0,238351.0,,,,,0,56815.88364000001,601119.0,0.5577169121774395,0,0.09451,,,1077821.0,55,0.0946,0.09454,,1790816280,2026-10-01T00:58:00+00:00,0.09455,research_batch_v6,,B-DOGE_USDT,112218.0,28
80844.0,12873.0,VALIDATED_ABSOLUTE_UPDATES_WITH_GAP_GUARD,,,,,0,0.09456,6428.325849999999,67971.0,0.7252792983130062,0,0,0.006239424703891716,0.0009517766497462166,0.0004230118443315778,0.002115059221658111,0.0003172588832485168,0.00243231810490685,441981.0,329243.0,,,,,0,10654.098359999998,112738.0,0.14618061678578467,0,0.09449,,,771224.0,57,0.09458,0.09456,,1790816340,2026-10-01T00:59:00+00:00,0.09457,research_batch_v6,,B-DOGE_USDT,93717.0,17
123777.0,51477.0,VALIDATED_ABSOLUTE_UPDATES_WITH_GAP_GUARD,,,,,0,0.09459,6837.161429999997,72300.0,0.4125440788797973,0,0,0.004334496246960695,-0.0004228776826302738,0.0010571942065757955,0.0019029495718363432,-0.00021143884131502588,0.0029601437784121387,1189956.0,234043.0,,,,,0,90354.67371,955913.0,0.6712876905110187,0,0.09455,,,1423999.0,76,0.09459,0.09455,,1790816400,2026-10-01T01:00:00+00:00,0.09455,research_batch_v6,,B-DOGE_USDT,175254.0,37
287754.0,78499.0,VALIDATED_ABSOLUTE_UPDATES_WITH_GAP_GUARD,,,,,0,0.09457,19798.28278,209255.0,0.5713400299792766,0,0,0.0034894786930315114,0.00031722533573019795,0.0012689013429205698,0.0019033520143809657,0.0008459342286137872,0.003277995135878342,1314921.0,1101249.0,,,,,0,20196.407100000004,213672.0,0.08843417474763779,0,0.09452,,,2416170.0,106,0.09462,0.09457,,1790816460,2026-10-01T01:01:00+00:00,0.09462,research_batch_v6,,B-DOGE_USDT,366253.0,39
125376.0,80111.0,VALIDATED_ABSOLUTE_UPDATES_WITH_GAP_GUARD,,,,,0,0.09465,4284.944329999999,45265.0,0.22028157499014536,0,0,0.003909138932910672,0.00042260961436868527,0.000316957210776625,0.0012678288431060558,-0.0010565240359218242,0.0031695721077655836,1343492.0,1321414.0,,,,,0,2078.61023999999,22078.0,0.008284719986371002,0,0.09461,,,2664906.0,98,0.0947,0.0946,,1790816520,2026-10-01T01:02:00+00:00,0.0946,research_batch_v6,,B-DOGE_USDT,205487.0,63
176406.0,474273.0,VALIDATED_ABSOLUTE_UPDATES_WITH_GAP_GUARD,,,,,0,0.09455,-28201.250179999985,-297867.0,-0.4577787203828616,0,0,0.00391327340031733,0.00148069804336326,0.0021152829190904665,0.00243257535695407,0.0005288207297726721,0.004547858276044314,2897244.0,2722012.0,,,,,0,16613.641970000004,175232.0,0.03118419947409408,0,0.0945,,,5619256.0,91,0.09471,0.09455,,1790816580,2026-10-01T01:03:00+00:00,0.09466,research_batch_v6,,B-DOGE_USDT,650679.0,70
63937.0,95224.0,VALIDATED_ABSOLUTE_UPDATES_WITH_GAP_GUARD,,,,,0,0.0946,-2961.88069,-31287.0,-0.1965745377322334,0,0,0.0036997885835095,0.0008456659619449081,0.0016913319238900382,0.002008456659619462,0.0009513742071880493,0.00454545454545463,1472231.0,149201.0,,,,,0,125063.66536,1323030.0,0.8159639133802713,0,0.09456,,,1621432.0,81,0.09466,0.09453,,1790816640,2026-10-01T01:04:00+00:00,0.09455,research_batch_v6,,B-DOGE_USDT,159161.0,57
148536.0,62681.0,VALIDATED_ABSOLUTE_UPDATES_WITH_GAP_GUARD,,,,,0,0.09469,8123.20303,85855.0,0.40647769829133074,0,0,,0.0006336466363925375,0.0008448621818566426,0.0019009399091773904,0.0,0.005491604182067844,1511063.0,685823.0,,,,,0,78032.62614,825240.0,0.3756407933775353,0,0.09462,,,2196886.0,107,0.09469,0.09459,,1790816700,2026-10-01T01:05:00+00:00,0.0946,research_batch_v6,,B-DOGE_USDT,211217.0,49
8525.0,56396.0,VALIDATED_ABSOLUTE_UPDATES_WITH_GAP_GUARD,,,,,0,0.09469,-4532.75574,-47871.0,-0.7373731150167127,0,0,,0.000739254409124479,0.0006336466363925375,0.002006547681909554,-0.00010560777273205257,0.005597211954800008,726312.0,280155.0,,,,,0,42223.858049999995,446157.0,0.443290242004954,0,0.09464,,,1006467.0,132,0.09472,0.09468,,1790816760,2026-10-01T01:06:00+00:00,0.09469,research_batch_v6,,B-DOGE_USDT,64921.0,31
21659.0,41520.0,VALIDATED_ABSOLUTE_UPDATES_WITH_GAP_GUARD,,,,,0,0.09468,-1880.8208800000004,-19861.0,-0.314360784437867,0,0,,0.000950570342205248,0.000950570342205248,0.002851711026615966,0.000739332488381983,0.005809040980143676,373075.0,491960.0,,,,,0,-11256.123670000004,-118885.0,-0.1374337454553862,0,0.09461,,,865035.0,118,0.09473,0.09467,,1790816820,2026-10-01T01:07:00+00:00,0.09469,research_batch_v6,,B-DOGE_USDT,63179.0,32
524275.0,176192.0,VALIDATED_ABSOLUTE_UPDATES_WITH_GAP_GUARD,,,,,0,0.09475,32952.23861999999,348083.0,0.4969299053345839,0,0,,0.0,0.00031662269129295595,0.0024274406332454035,0.00010554089709757797,0.005171503957783763,3095818.0,818810.0,,,,,0,215528.43355999995,2277008.0,0.5816665082863557,0,0.0947,,,3914628.0,130,0.09476,0.09465,,1790816880,2026-10-01T01:08:00+00:00,0.09468,research_batch_v6,,B-DOGE_USDT,700467.0,49
85368.0,63030.0,VALIDATED_ABSOLUTE_UPDATES_WITH_GAP_GUARD,,,,,0,0.09476,2118.126830000002,22338.0,0.15052763514333078,0,0,,0.00010552975939215337,0.0003165892781764601,0.002849303503588141,0.00010552975939215337,0.005276487969607446,1358997.0,782652.0,,,,,0,54600.05678000001,576345.0,0.26911272575478057,0,0.09471,,,2141649.0,124,0.09479,0.09475,,1790816940,2026-10-01T01:09:00+00:00,0.09475,research_batch_v6,,B-DOGE_USDT,148398.0,22
91855.0,121971.0,VALIDATED_ABSOLUTE_UPDATES_WITH_GAP_GUARD,,,,,0,0.09477,-2853.9729699999993,-30116.0,-0.14084348956628287,0,0,,0.00010551862403729295,0.0010551862403713752,0.004642819457634451,-0.00021103724807425284,0.005592487073968533,968782.0,174038.0,,,,,0,75275.52249999999,794744.0,0.6954236012670412,0,0.09473,,,1142820.0,114,0.09478,0.09475,,1790817000,2026-10-01T01:10:00+00:00,0.09476,research_batch_v6,,B-DOGE_USDT,213826.0,24
114102.0,159155.0,VALIDATED_ABSOLUTE_UPDATES_WITH_GAP_GUARD,,,,,0,0.09475,-4268.925799999999,-45053.0,-0.16487409288691598,0,0,,0.0004221635883905339,0.0013720316622691797,0.004960422163588385,0.00021108179419515594,0.005065963060685963,455891.0,736818.0,,,,,0,-26596.635659999996,-280927.0,-0.23553691638111224,0,0.09468,,,1192709.0,73,0.09479,0.09473,,1790817060,2026-10-01T01:11:00+00:00,0.09477,research_batch_v6,,B-DOGE_USDT,273257.0,31
34738.0,162900.0,VALIDATED_ABSOLUTE_UPDATES_WITH_GAP_GUARD,,,,,0,0.09477,-12144.392929999998,-128162.0,-0.6484684119450713,0,0,,0.0010551862403713752,0.0018993352326686086,0.004853856705708592,0.00010551862403729295,0.004326263585523016,566771.0,339331.0,,,,,0,21539.050699999993,227440.0,0.2510092682722254,0,0.09471,,,906102.0,67,0.09477,0.09473,,1790817120,2026-10-01T01:12:00+00:00,0.09475,research_batch_v6,,B-DOGE_USDT,197638.0,28
17020.0,9415.0,VALIDATED_ABSOLUTE_UPDATES_WITH_GAP_GUARD,,,,,0,0.09478,720.9154000000002,7605.0,0.287686778891621,0,0,,0.001055074910318643,0.002110149820637286,0.004853344587465669,0.0001055074910318865,0.004431314623338345,635495.0,826737.0,,,,,0,-18110.706010000013,-191242.0,-0.13078772725531926,0,0.09473,,,1462232.0,71,0.09479,0.09476,,1790817180,2026-10-01T01:13:00+00:00,0.09477,research_batch_v6,,B-DOGE_USDT,26435.0,26
107260.0,24208.0,VALIDATED_ABSOLUTE_UPDATES_WITH_GAP_GUARD,,,,,0,0.09479,7873.942070000001,83052.0,0.6317278729424651,0,0,,0.0016879417660091711,0.0025319126490137567,0.004958328937651579,0.0008439708830045856,0.003797868973520302,1032767.0,397052.0,,,,,0,60239.86944999999,635715.0,0.4446122201481446,0,0.09473,,,1429819.0,90,0.09484,0.09478,,1790817240,2026-10-01T01:14:00+00:00,0.09478,research_batch_v6,,B-DOGE_USDT,131468.0,38
896081.0,254357.0,VALIDATED_ABSOLUTE_UPDATES_WITH_GAP_GUARD,,,,,0,0.09487,60816.95250000001,641724.0,0.5578084173158397,0,0,,0.0011594813955939642,0.0035838515863815257,0.004532518182776446,0.00010540739959963297,0.0013702961947930081,3697890.0,930874.0,,,,,0,262077.04110000006,2767016.0,0.5977872278647173,0,0.09483,,,4628764.0,199,0.09487,0.09471,,1790817300,2026-10-01T01:15:00+00:00,0.09479,research_batch_v6,,B-DOGE_USDT,1150438.0,198
93862.0,145688.0,VALIDATED_ABSOLUTE_UPDATES_WITH_GAP_GUARD,,,,,0,0.09488,-4917.192770000001,-51826.0,-0.21634731788770611,0,0,,0.0015809443507588394,0.003583473861719977,0.0036888701517705513,0.0007377740303542435,0.00021079258010114899,631861.0,362995.0,,,,,0,25499.744929999997,268866.0,0.2702561978819045,0,0.09483,,,994856.0,121,0.0949,0.09486,,1790817360,2026-10-01T01:16:00+00:00,0.09487,research_batch_v6,,B-DOGE_USDT,239550.0,68
1328982.0,1501787.0,VALIDATED_ABSOLUTE_UPDATES_WITH_GAP_GUARD,,,,,0,0.09495,-16374.338890000021,-172805.0,-0.0610452495417323,0,0,,0.0027382833070035417,0.0029489204844654893,0.0024223275408108425,0.00031595576619269927,0.0007372301211161503,3745577.0,1863662.0,,,,,0,178561.81016000002,1881915.0,0.3355027304060319,0,0.09491,,,5609239.0,229,0.09503,0.09489,,1790817420,2026-10-01T01:17:00+00:00,0.09489,research_batch_v6,,B-DOGE_USDT,2830769.0,168
338192.0,275329.0,VALIDATED_ABSOLUTE_UPDATES_WITH_GAP_GUARD,,,,,0,0.09498,5975.19952,62863.0,0.10246267038944062,0,0,,0.0025268477574227344,0.0027374184038746474,0.0023162771109708213,0.0005264266161297826,-0.0006317119393555171,2324951.0,1385681.0,,,,,0,89183.81561999996,939270.0,0.25312938604528823,0,0.09494,,,3710632.0,160,0.095,0.09492,,1790817480,2026-10-01T01:18:00+00:00,0.09497,research_batch_v6,,B-DOGE_USDT,613521.0,92
114752.0,175031.0,VALIDATED_ABSOLUTE_UPDATES_WITH_GAP_GUARD,,,,,0,0.09503,-5727.041950000001,-60279.0,-0.208014272748919,0,0,,0.0021045985478269635,0.0024202883300010747,0.0012627591286962225,0.0018941386930442228,-0.000841839419130741,1573265.0,1102265.0,,,,,0,44736.48108000002,471000.0,0.1760398874241739,0,0.09499,,,2675530.0,109,0.09503,0.09496,,1790817540,2026-10-01T01:19:00+00:00,0.09497,research_batch_v6,,B-DOGE_USDT,289783.0,72
486312.0,112710.0,VALIDATED_ABSOLUTE_UPDATES_WITH_GAP_GUARD,,,,,0,0.09521,35553.51345,373602.0,0.6236866091729519,0,0,,0.0003150929524209367,0.0009452788572628101,-0.002205650666946779,0.00010503098414038625,,2429229.0,508867.0,,,,,0,182564.91027999998,1920362.0,0.6536076425004492,0,0.09517,,,2938096.0,181,0.09521,0.09504,,1790817600,2026-10-01T01:20:00+00:00,0.09505,research_batch_v6,,B-DOGE_USDT,599022.0,128
251354.0,397880.0,VALIDATED_ABSOLUTE_UPDATES_WITH_GAP_GUARD,,,,,0,0.09522,-13945.154649999999,-146526.0,-0.22569058305634024,0,0,,0.00042007981516478665,0.00010501995379108564,-0.0033606385213190704,0.00010501995379108564,,1372511.0,1915642.0,,,,,0,-51684.96246000001,-543131.0,-0.16517814104149048,0,0.09518,,,3288153.0,200,0.09526,0.09518,,1790817660,2026-10-01T01:21:00+00:00,0.09522,research_batch_v6,,B-DOGE_USDT,649234.0,104
667206.0,110607.0,VALIDATED_ABSOLUTE_UPDATES_WITH_GAP_GUARD,,,,,0,0.09523,53015.499339999995,556599.0,0.7155948794890289,0,0,,0.0007350624803108552,-0.0005250446287934363,-0.0022051874409324546,0.00010500892575882048,,1862067.0,368322.0,,,,,0,142202.93753999998,1493745.0,0.669723980884052,0,0.09518,,,2230389.0,109,0.09527,0.09519,,1790817720,2026-10-01T01:22:00+00:00,0.09521,research_batch_v6,,B-DOGE_USDT,777813.0,74
36382.0,201462.0,VALIDATED_ABSOLUTE_UPDATES_WITH_GAP_GUARD,,,,,0,0.09524,-15722.690630000001,-165080.0,-0.6940683809555843,0,0,,-0.00010499790004214749,-0.00041999160016803483,-0.0033599328013439456,0.00020999580008385088,,1015089.0,500843.0,,,,,0,48955.51880999999,514246.0,0.33922761706989496,0,0.09518,,,1515932.0,79,0.09526,0.09521,,1790817780,2026-10-01T01:23:00+00:00,0.09523,research_batch_v6,,B-DOGE_USDT,237844.0,40
34280.0,59782.0,VALIDATED_ABSOLUTE_UPDATES_WITH_GAP_GUARD,,,,,0,0.09526,-2428.04914,-25502.0,-0.2711190491378027,0,0,,-0.00083980684442575,-0.0011547344110854896,-0.0032542515221498647,0.000419903422212764,,1357058.0,603025.0,,,,,0,71785.85318,754033.0,0.3846944236545085,0,0.09521,,,1960083.0,84,0.09528,0.09521,,1790817840,2026-10-01T01:24:00+00:00,0.09522,research_batch_v6,,B-DOGE_USDT,94062.0,35
88783.0,130130.0,VALIDATED_ABSOLUTE_UPDATES_WITH_GAP_GUARD,,,,,0,0.0953,-3940.9224499999996,-41347.0,-0.1888741189422282,0,0,,-0.0010493179433367361,-0.0031479538300104304,,-0.000734522560335793,,1906795.0,1225433.0,,,,,0,64883.46969000001,681362.0,0.2175326955764395,0,0.09525,,,3132228.0,129,0.09537,0.09526,,1790817900,2026-10-01T01:25:00+00:00,0.09526,research_batch_v6,,B-DOGE_USDT,218913.0,67
92791.0,70030.0,VALIDATED_ABSOLUTE_UPDATES_WITH_GAP_GUARD,,,,,0,0.09523,2172.0750000000007,22761.0,0.1397915502300072,0,0,,-0.0008400714060694536,-0.003465294550036746,,-0.0005250446287934363,,589455.0,1590498.0,,,,,0,-95304.03323000003,-1001043.0,-0.45920393696561346,0,0.09519,,,2179953.0,78,0.09533,0.09523,,1790817960,2026-10-01T01:26:00+00:00,0.0953,research_batch_v6,,B-DOGE_USDT,162821.0,29
42160.0,52654.0,VALIDATED_ABSOLUTE_UPDATES_WITH_GAP_GUARD,,,,,0,0.09518,-998.9121599999996,-10494.0,-0.11067985740502458,0,0,,-0.0018911536036982923,-0.0016810254255096302,,0.00021012817818877316,,407884.0,1726276.0,,,,,0,-125432.73353999997,-1318392.0,-0.6177568692131798,0,0.09513,,,2134160.0,103,0.09524,0.09518,,1790818020,2026-10-01T01:27:00+00:00,0.09524,research_batch_v6,,B-DOGE_USDT,94814.0,29
57260.0,11732.0,VALIDATED_ABSOLUTE_UPDATES_WITH_GAP_GUARD,,,,,0,0.0952,4333.6535,45528.0,0.6599025974025974,0,0,,-0.0031512605042017805,-0.002941176470588225,,-0.0005252100840337226,,1134058.0,1792528.0,,,,,0,-62614.766079999994,-658470.0,-0.22499595091345342,0,0.09514,,,2926586.0,99,0.0952,0.09515,,1790818080,2026-10-01T01:28:00+00:00,0.09517,research_batch_v6,,B-DOGE_USDT,68992.0,28
49964.0,48050.0,VALIDATED_ABSOLUTE_UPDATES_WITH_GAP_GUARD,,,,,0,0.09515,183.0469199999995,1914.0,0.019527822555961392,0,0,,-0.0013662637940095035,-0.0021019442984759884,,-0.0015764582238569913,,328027.0,620187.0,,,,,0,-27783.589309999992,-292160.0,-0.3081161003739662,0,0.0951,,,948214.0,71,0.09519,0.09515,,1790818140,2026-10-01T01:29:00+00:00,0.09519,research_batch_v6,,B-DOGE_USDT,98014.0,20
117290.0,563866.0,VALIDATED_ABSOLUTE_UPDATES_WITH_GAP_GUARD,,,,,0,0.095,-42437.58925999999,-446576.0,-0.65561486649167,0,0,,-0.0008421052631578663,,,-0.001052631578947416,,487308.0,1704155.0,,,,,0,-115654.60646000002,-1216847.0,-0.5552669609297534,0,0.09496,,,2191463.0,101,0.09515,0.095,,1790818200,2026-10-01T01:30:00+00:00,0.09515,research_batch_v6,,B-DOGE_USDT,681156.0,47
413225.0,2240091.0,VALIDATED_ABSOLUTE_UPDATES_WITH_GAP_GUARD,,,,,0,0.0949,-173442.97436000005,-1826866.0,-0.6885218345647484,0,0,,0.0005268703898841931,,,0.0012644889357218414,,1833009.0,2649207.0,,,,,0,-77446.41953999997,-816198.0,-0.18209698060066717,0,0.09486,,,4482216.0,129,0.095,0.09486,,1790818260,2026-10-01T01:31:00+00:00,0.095,research_batch_v6,,B-DOGE_USDT,2653316.0,134
20673.0,127695.0,VALIDATED_ABSOLUTE_UPDATES_WITH_GAP_GUARD,,,,,0,0.09502,-10166.956590000002,-107022.0,-0.7213280491750242,0,0,,,,,-0.001052410018943295,,1103826.0,1394089.0,,,,,0,-27596.76678000001,-290263.0,-0.11620211256187661,0,0.09496,,,2497915.0,113,0.09508,0.0949,,1790818320,2026-10-01T01:32:00+00:00,0.0949,research_batch_v6,,B-DOGE_USDT,148368.0,74
191398.0,660323.0,VALIDATED_ABSOLUTE_UPDATES_WITH_GAP_GUARD,,,,,0,0.09492,-44503.91017,-468925.0,-0.5505617449845666,0,0,,,,,0.0003160556257901792,,857203.0,685325.0,,,,,0,16318.506040000002,171878.0,0.11142617832545017,0,0.0949,,,1542528.0,100,0.09505,0.09492,,1790818380,2026-10-01T01:33:00+00:00,0.09502,research_batch_v6,,B-DOGE_USDT,851721.0,56
585.0,450.0,VALIDATED_ABSOLUTE_UPDATES_WITH_GAP_GUARD,,,,,0,0.09495,12.820780000000003,135.0,0.13043478260869565,0,0,,,,,,,11244.0,12354.0,,,,,0,-105.21546000000012,-1110.0,-0.047037884566488684,0,0.0949,,,23598.0,4,0.09495,0.09494,,1790818440,2026-10-01T01:34:00+00:00,0.09494,research_batch_v6,,B-DOGE_USDT,1035.0,3
90.02779999999997,115.342,VALIDATED_ABSOLUTE_UPDATES_WITH_GAP_GUARD,-0.1943984745928213,-0.16263199693829575,-0.20886134899923753,-0.17834524965935342,0,2684.18,-67951.73532899997,-25.314200000000035,-0.12326155062721021,24,60,-0.0005998107429455724,-3.725532564780032e-06,-0.00030549367032006725,-0.0006668703291135003,0.0,-0.0010543257158610597,515.5570000000001,932.0789999999998,-0.025034223768267826,-0.01726086145211598,-0.07941022552060821,-0.009804465623575207,19,-1118115.0464100004,-416.52200000000005,-0.28772564373917203,19,2682.86,2684.546492643061,0.03725024137104207,1447.636,779,2686.73,2684.18,2685.7563535066806,1790812800,2026-10-01T00:00:00+00:00,2685.61,research_batch_v6,0.03723345061886883,B-ETH_USDT,205.3698,581
13.8059,46.90280000000001,VALIDATED_ABSOLUTE_UPDATES_WITH_GAP_GUARD,0.11873527694974721,0.14041025662793352,-0.008257046044091663,0.16649715997802678,0,2684.18,-88844.60677500001,-33.096900000000005,-0.5451755679169542,23,60,-0.0003315723982743046,-0.0001713744979845444,-0.0002794149423660519,-0.0003017681377552872,-0.0003241213331445225,-0.001359819386181127,381.306,448.73700000000014,-0.13457173255003319,0.03760943914748048,-0.26421487421731993,-0.060643376023964114,9,-180979.08613999994,-67.43100000000001,-0.0812379599611105,9,2683.12,2683.171854713862,0.03726932625204705,830.0429999999997,303,2684.6,2684.17,2684.2967020512824,1790812860,2026-10-01T00:01:00+00:00,2684.17,research_batch_v6,0.037253715784699284,B-ETH_USDT,60.70870000000001,189
1.2485999999999997,55.615700000000004,VALIDATED_ABSOLUTE_UPDATES_WITH_GAP_GUARD,-0.6513344667930241,-0.5726644054373128,-0.6668245861042482,-0.5811440475152101,0,2683.31,-145918.85524000006,-54.367100000000015,-0.956084924988086,23,60,-0.0002198776883775011,1.863370240484663e-05,0.0006335458817654516,0.00023105790982036467,0.0003204996813637173,-0.0015056031543131398,150.19599999999997,318.755,-0.5478417614565666,-0.5368155487839492,-0.4398638975164759,-0.5579053865964047,6,-452164.3173,-168.55900000000003,-0.35943840614477846,6,2682.15,2682.622315922256,0.037276921478644656,468.9510000000001,240,2684.18,2683.31,2684.0133033446396,1790812920,2026-10-01T00:02:00+00:00,2684.18,research_batch_v6,0.03725759982752185,B-ETH_USDT,56.8643,151
53.72590000000001,37.37559999999999,VALIDATED_ABSOLUTE_UPDATES_WITH_GAP_GUARD,-0.14426932632483247,-0.03222037028015981,-0.16270207653322685,-0.04635803263978477,0,2684.17,43869.52424699999,16.350299999999994,0.1794734444548113,23,60,-0.0007562859282386203,-0.00027569043689490424,-4.8432103778917046e-05,-0.0001900028686708799,-0.0001676495900037045,-0.0018702243151513809,183.69600000000008,262.786,0.5073417967628743,0.5154115802616532,0.45316992196380534,0.5009351694974697,5,-212130.95070000004,-79.08999999999999,-0.1771403998369475,5,2683.09,2682.4895770579014,0.03727883904018484,446.482,237,2684.17,2683.41,2683.7710055648145,1790812980,2026-10-01T00:03:00+00:00,2683.41,research_batch_v6,0.037261001203419214,B-ETH_USDT,91.1015,120
8.7915,37.6266,VALIDATED_ABSOLUTE_UPDATES_WITH_GAP_GUARD,0.1540165250367576,0.21408438925253545,0.10660209526487316,0.20677114838353808,0,2683.72,-77395.76179499998,-28.835099999999997,-0.6212037976565176,25,60,-0.0008756502168630886,0.00048067607649104893,-0.0003837956269654441,-0.0005291163012532962,-0.00013414216088103448,-0.0014830161119639973,265.692,224.5,0.2790382445253004,0.31754953189948787,0.18865933152888306,0.2909560045306734,9,110455.07066999983,41.192,0.08403237914939456,9,2682.7,2682.814365525437,0.037274312024169996,490.1919999999998,272,2684.18,2683.72,2683.9569037552806,1790813040,2026-10-01T00:04:00+00:00,2684.18,research_batch_v6,0.03725843747906321,B-ETH_USDT,46.418099999999995,129
52.44819999999999,18.506099999999996,VALIDATED_ABSOLUTE_UPDATES_WITH_GAP_GUARD,0.0070350952799366085,-0.09357916814426731,-0.02437171539723343,0.016580716632076647,0,2683.36,91102.309839,33.94209999999999,0.47836565225786165,24,60,-0.0006111740504443075,0.00025341363067199474,-0.00036148709081162966,-0.0007490608788981445,2.608669727499624e-05,-0.0006372607477193037,214.60999999999996,356.41299999999995,-0.014470901800211855,0.03185897154349922,-0.07545887075204145,0.01643853019824589,10,-380452.33666999993,-141.80300000000003,-0.24833150328445627,10,2682.38,2682.7621592948576,0.037275017481884234,571.0229999999998,231,2684.06,2683.36,2683.786032104159,1790813100,2026-10-01T00:05:00+00:00,2683.72,research_batch_v6,0.03726078843449469,B-ETH_USDT,70.95429999999999,140
31.437299999999993,29.476599999999994,VALIDATED_ABSOLUTE_UPDATES_WITH_GAP_GUARD,0.3019808101791958,0.21517987464747954,0.2286325052727262,0.3263692893455113,0,2683.43,5259.27906899998,1.9606999999999992,0.032188055599789205,24,60,5.589860737931218e-05,-0.00027576646307148067,-2.2359442951702668e-05,-0.00108070640933422,0.0005887986643959842,-0.00029812590602318334,185.705,464.88800000000015,0.33867333464516486,0.31138129259928843,0.19927817677952647,0.324998654159807,10,-748861.7642199999,-279.183,-0.42912081746960073,10,2682.37,2682.1185569064633,0.03728398143261995,650.5930000000001,313,2683.44,2683.0,2683.316409232707,1790813160,2026-10-01T00:06:00+00:00,2683.36,research_batch_v6,0.03726733078865803,B-ETH_USDT,60.91389999999999,133
56.6343,44.8494,VALIDATED_ABSOLUTE_UPDATES_WITH_GAP_GUARD,0.3561724714352595,0.43343335529411214,0.3310320255660037,0.44909313214730506,0,2685.01,31618.00754300004,11.78489999999999,0.1161260379745712,24,60,-0.0008975758004626799,-0.0009757877996731112,-0.00040223313879661493,-0.0021377946450852336,-0.00036126494873400805,-0.0011731799881564697,645.6240000000001,239.447,0.23884856609437263,0.263567411792043,0.13597825026967242,0.2586824239165864,17,1089793.23034,406.17699999999996,0.4589202448165175,17,2684.0,2683.286906072353,0.037267744440582715,885.071,475,2685.01,2683.43,2684.35600050011,1790813220,2026-10-01T00:07:00+00:00,2683.43,research_batch_v6,0.037252913728247905,B-ETH_USDT,101.48369999999998,293
3.687899999999999,32.2247,VALIDATED_ABSOLUTE_UPDATES_WITH_GAP_GUARD,-0.26884270640828956,-0.20493588640727584,-0.27048878860936626,-0.23555874402368177,0,2684.04,-76615.646509,-28.536800000000003,-0.7946180449201674,23,60,-0.0002608008822521102,-0.00024962370158421177,-0.000141577621794009,-0.0018218804488755458,-0.000502973130057649,-0.0011065408861268278,139.48499999999999,387.5040000000001,-0.2765511856273909,-0.2669457236429854,-0.35789896496311013,-0.28147048229188054,10,-665698.2273,-248.01900000000006,-0.47063411190745935,10,2683.1,2683.4206652713815,0.03726585037114445,526.9889999999999,315,2685.3,2684.04,2684.623808653902,1790813280,2026-10-01T00:08:00+00:00,2685.02,research_batch_v6,0.03724915359907068,B-ETH_USDT,35.9126,165
13.414899999999998,36.0056,VALIDATED_ABSOLUTE_UPDATES_WITH_GAP_GUARD,-0.35424854734442235,-0.2241121546932906,-0.3195256563087929,-0.32598086134411,0,2682.69,-60615.578903999995,-22.590700000000002,-0.45711192723667315,24,60,0.0006299646996112962,0.00046222261983297486,-0.0001453764691410342,-0.0010996425229901075,-0.00011182805318543654,-0.00010810045141251834,297.3279999999999,356.3229999999999,-0.6190819893503908,-0.6376099170139978,-0.5332179527035952,-0.6338951421457615,13,-158261.0230199999,-58.99500000000002,-0.09025458539801824,13,2681.6,2681.877965796569,0.037287260189523073,653.651,390,2683.36,2682.69,2682.98071277256,1790813340,2026-10-01T00:09:00+00:00,2683.03,research_batch_v6,0.0372719634131948,B-ETH_USDT,49.42049999999999,261
38.5556,75.23750000000001,VALIDATED_ABSOLUTE_UPDATES_WITH_GAP_GUARD,-0.24948505011957237,-0.17629743464319086,-0.13689390776975643,-0.18884002644150624,0,2682.39,-98401.470028,-36.681900000000006,-0.32235610067745757,23,60,0.0009730128728484555,0.00047345837107948263,-0.00038771394167136375,-0.00027587338157386565,0.00036534582965197515,0.0006076670431967024,321.05999999999995,777.4980000000002,0.057739213778352054,-0.05147833302948994,0.28068526280423617,-0.06486594525065205,11,-1223947.96967,-456.43799999999993,-0.41548830375819923,11,2681.13,2681.344742608335,0.03729471617493676,1098.5580000000002,314,2683.01,2682.07,2682.666618512826,1790813400,2026-10-01T00:10:00+00:00,2682.69,research_batch_v6,0.03727633084016088,B-ETH_USDT,113.79310000000002,240
33.1127,84.0858,VALIDATED_ABSOLUTE_UPDATES_WITH_GAP_GUARD,-0.02265729675372832,-0.06999513576949411,0.1020664645726779,0.038572054193746694,0,2683.37,-136763.03631899998,-50.97310000000002,-0.43492962793892437,24,60,0.0006186250871107468,-0.00039875231518560206,-0.0010583706309602592,-0.0002757726291937601,0.0002086928004709776,-9.316642878176573e-05,228.149,200.47200000000004,0.5922001453343474,0.6165609690907826,0.5587371857556811,0.6241323581409716,7,74186.4714799999,27.677000000000017,0.064572197815786,7,2682.27,2681.6780828048454,0.037290127521244935,428.62100000000004,250,2683.39,2682.28,2682.846150024322,1790813460,2026-10-01T00:11:00+00:00,2682.39,research_batch_v6,0.03727384436848845,B-ETH_USDT,117.19849999999997,147
84.08640000000001,61.971700000000006,VALIDATED_ABSOLUTE_UPDATES_WITH_GAP_GUARD,0.07233459458497563,0.029364342102032738,0.10888864445108642,0.084542224266296,0,2683.93,59359.24103599998,22.11470000000002,0.15141029494427233,23,60,0.0007749829541010556,-0.0009612769334520488,-0.0017362598875528823,-0.0007712570745137537,-0.00010059874884960074,-0.00030179624654891324,273.92600000000004,243.07999999999998,0.18396961738329926,0.22586306679610663,0.1616845995002809,0.23402684363775386,10,82789.87311999979,30.846000000000014,0.05966275052900743,10,2682.9,2682.9681293153344,0.03727216986685531,517.006,332,2684.58,2683.36,2683.9993134883775,1790813520,2026-10-01T00:12:00+00:00,2683.37,research_batch_v6,0.03725783618593273,B-ETH_USDT,146.0581,222
57.46689999999998,92.46209999999999,VALIDATED_ABSOLUTE_UPDATES_WITH_GAP_GUARD,-0.5063149720080321,-0.4833980555845289,-0.5030272618769204,-0.46896369737377025,0,2683.66,-93918.05651999997,-34.99520000000001,-0.2334118149257316,24,60,0.0009017535753410577,-0.0011663176408336362,-0.0016805407540447792,-0.0009650999008815608,-0.0005067706043238029,-0.0002123965032827524,53.496,292.5499999999999,-0.4808627587039336,-0.3399509621341643,-0.4612717364654161,-0.34359193683109873,5,-641313.4632499999,-239.05399999999992,-0.6908156719048909,5,2682.4,2682.6633002451895,0.037276365216413816,346.04600000000005,125,2684.23,2683.66,2683.9265830097215,1790813580,2026-10-01T00:13:00+00:00,2683.94,research_batch_v6,0.03725880987481008,B-ETH_USDT,149.929,135
8.2926,63.472500000000004,VALIDATED_ABSOLUTE_UPDATES_WITH_GAP_GUARD,-0.5971732721447919,-0.7146584764254842,-0.5432445579540914,-0.603758803521264,0,2682.3,-148064.58540000004,-55.17989999999999,-0.7688960232759374,22,60,0.002024382060172192,-0.001129627558438706,-0.0009544048018492735,3.7281437572200815e-05,-0.00035417365693635183,8.201916265893061e-05,98.543,348.75699999999995,-0.6773400416427979,-0.6720159884032413,-0.4526595136575608,-0.6880899509137326,10,-671049.9897099999,-250.21400000000003,-0.5593874357254639,10,2681.16,2681.8436399200577,0.03728773577921655,447.3,222,2683.67,2682.3,2683.3967600409514,1790813640,2026-10-01T00:14:00+00:00,2683.66,research_batch_v6,0.03726615089184124,B-ETH_USDT,71.76510000000002,188
35.7149,103.72830000000003,VALIDATED_ABSOLUTE_UPDATES_WITH_GAP_GUARD,0.10974934239516046,0.022645302228954407,0.11664772089703809,0.07764618966325683,0,2681.35,-182407.31812399995,-68.01340000000003,-0.48774985083532235,23,60,0.0020213698323605644,-0.0008204822197772632,0.00011188393906058636,0.000995767057638819,-0.0003058161000987214,0.0004549946855130216,218.48099999999994,960.2909999999999,0.4507993240631061,0.3093914779779324,0.3953825685949223,0.32674296711054446,14,-1988574.3236199997,-741.8099999999998,-0.6293074487687184,14,2680.3,2680.7136898145327,0.03730352086310762,1178.7720000000002,362,2682.44,2681.35,2681.7776132265108,1790813700,2026-10-01T00:15:00+00:00,2682.29,research_batch_v6,0.03728870205730946,B-ETH_USDT,139.44320000000002,255
77.04840000000002,68.61309999999999,VALIDATED_ABSOLUTE_UPDATES_WITH_GAP_GUARD,-0.256707181560085,-0.23158469145764532,-0.17094652283073597,-0.23635034768602858,0,2680.53,22643.64110499998,8.43530000000001,0.05791029201264583,25,60,0.0023502814741860334,-0.00029471783565204746,0.0007834271580620111,0.0009662268282764064,-0.0004700562948373177,0.0010296471220243575,388.65999999999985,870.624,-0.19651786910033298,-0.20105138951154836,-0.22272464598932207,-0.187450585346097,15,-1291607.8315399997,-481.96399999999994,-0.3827285981557773,15,2679.23,2680.3846614097197,0.037308066571557094,1259.284,523,2682.42,2680.53,2681.5591754098773,1790813760,2026-10-01T00:16:00+00:00,2681.35,research_batch_v6,0.03729172285262488,B-ETH_USDT,145.6615,351
97.3562,128.6629,VALIDATED_ABSOLUTE_UPDATES_WITH_GAP_GUARD,0.06094064795202002,0.061734541778895195,0.05801243058242982,0.05280235306668922,0,2679.27,-83912.68144000003,-31.30670000000001,-0.1385135150082449,23,60,0.002765678710992203,0.00088830166425935,0.0009666812228703581,0.0014369585745370728,-4.478831920629034e-05,0.0012876641771826236,584.6260000000002,971.97,0.16503419837637504,0.1521367364529915,0.10055015725144889,0.19291336192252304,22,-1037606.58017,-387.34399999999994,-0.24884041845154423,22,2678.22,2679.4748515927736,0.03732076061492718,1556.596,745,2681.85,2679.27,2680.833142006041,1790813820,2026-10-01T00:17:00+00:00,2680.71,research_batch_v6,0.03730184421979767,B-ETH_USDT,226.0191,461
33.92499999999999,79.66219999999998,VALIDATED_ABSOLUTE_UPDATES_WITH_GAP_GUARD,0.5669121691555806,0.5656610070363276,0.41883353321363287,0.614813387689913,0,2679.15,-122545.20976600003,-45.7372,-0.40266156750056337,23,60,0.002907638616725494,0.0012989194334023235,0.0007166452046358796,0.0014706156803463433,0.00022021909934100137,0.0011160256051359063,354.06,465.2150000000001,0.027014463518113957,0.0833089841972578,0.052715934522090176,0.06727418244688793,12,-297663.58146999986,-111.15499999999993,-0.13567483445729447,12,2678.02,2678.2120832115875,0.03733834969625702,819.275,721,2680.18,2678.54,2679.6508283050357,1790813880,2026-10-01T00:18:00+00:00,2679.27,research_batch_v6,0.03731833566496143,B-ETH_USDT,113.58720000000002,326
25.767100000000003,42.28619999999999,VALIDATED_ABSOLUTE_UPDATES_WITH_GAP_GUARD,-0.16034064592305922,0.1694603865583467,-0.25856808567816864,-0.16303592354079036,0,2679.74,-44272.72774700001,-16.51909999999999,-0.24273767767323548,23,60,0.0026607058893772795,0.0007911215267153437,0.0009926336137089375,0.0010374140774851437,0.0007127557151067609,0.0006082679662953172,430.71099999999996,371.522,0.014921336204069319,0.08130467850311844,-0.07118548129023314,0.08831442994803909,11,158567.68153000012,59.18899999999994,0.07378031070773698,11,2678.87,2678.505406523392,0.03733425973029424,802.2329999999997,605,2679.99,2679.15,2679.6910139686006,1790813940,2026-10-01T00:19:00+00:00,2679.15,research_batch_v6,0.03731774764465864,B-ETH_USDT,68.05329999999998,205
191.53309999999993,13.100900000000001,VALIDATED_ABSOLUTE_UPDATES_WITH_GAP_GUARD,0.11212370967660452,0.15420464264985687,-0.018940270703094616,0.1561473158794793,0,2681.65,478230.5549790001,178.43219999999994,0.8719577391831271,24,60,0.0015699289616468715,-0.00021628475006052472,0.0008837842373166094,0.00034307236216513104,0.00036544664665405513,2.610333190378178e-05,499.68,311.5479999999998,0.424562622268064,0.6156581032151015,0.13133609647056693,0.5300915578153842,13,504213.88698,188.13200000000012,0.23191014116869751,13,2680.75,2679.611924393636,0.04018928955265266,811.2279999999998,628,2681.65,2679.75,2680.7646043565464,1790814000,2026-10-01T00:20:00+00:00,2679.75,research_batch_v6,0.03730280242186352,B-ETH_USDT,204.63399999999987,301
20.7547,5.399100000000001,VALIDATED_ABSOLUTE_UPDATES_WITH_GAP_GUARD,0.14061902271236928,0.2935744429631183,0.17180625033670835,0.1886698377434929,0,2682.63,41184.069886000005,15.355599999999995,0.5871269184592679,24,60,0.0015693554459617065,-8.573675833045691e-05,0.00018265657209526331,0.0002460272195567992,-0.0002870317561497471,0.00035413008875617713,220.887,220.96300000000005,0.3823889757768231,0.41892234974629705,0.3524065347757356,0.4105318722813119,11,-204.59427000003961,-0.07600000000000495,-0.00017200407378070606,11,2681.37,2680.947094611748,0.03730028061585683,441.8499999999999,278,2682.63,2681.88,2682.0869678722133,1790814060,2026-10-01T00:21:00+00:00,2682.08,research_batch_v6,0.03728441927610941,B-ETH_USDT,26.153799999999993,117
17.206699999999998,16.712099999999996,VALIDATED_ABSOLUTE_UPDATES_WITH_GAP_GUARD,-0.04115558790995162,0.03121346740728114,-0.10691291160036148,-0.01971411296626913,0,2681.86,1323.9675300000022,0.49459999999999993,0.014581883793058713,24,60,0.0018755639742564778,0.00080541116985966,0.000469823182418061,0.0003206729657774243,-0.0002945716778653962,0.0002759279007851223,122.35999999999999,273.58000000000004,-0.027588527582698502,-0.04051090152725,-0.10986256210662777,-0.03948104837873911,6,-405454.6780299999,-151.21999999999997,-0.38192655452846386,6,2680.66,2681.0297974454925,0.03729909846901211,395.94,227,2682.64,2681.73,2682.4323227340037,1790814120,2026-10-01T00:22:00+00:00,2682.64,research_batch_v6,0.037279601285621466,B-ETH_USDT,33.918800000000005,116
66.44850000000001,51.098699999999994,VALIDATED_ABSOLUTE_UPDATES_WITH_GAP_GUARD,0.2067779759464669,0.2360730088695385,0.1873263066481527,0.22079953734684774,0,2681.07,41148.761453000014,15.349800000000004,0.13058413981787745,24,60,0.0015851880032971,0.0007646200957078797,0.000753430533331878,0.0003990943914182754,0.0004960705986789549,0.0008466768864670016,179.55499999999998,673.107,0.05895021181355183,0.09231601043188545,0.08884116395363824,0.10031152989844919,7,-1322822.5243400002,-493.55199999999985,-0.5788366316312912,7,2679.74,2680.1754615800523,0.03731099741258064,852.6619999999998,250,2681.89,2680.84,2681.440513698378,1790814180,2026-10-01T00:23:00+00:00,2681.86,research_batch_v6,0.03729340494663456,B-ETH_USDT,117.5472,162
38.891400000000004,16.782800000000005,VALIDATED_ABSOLUTE_UPDATES_WITH_GAP_GUARD,0.20780031094646584,0.299981462744095,0.18664077583641492,0.21128498119842518,0,2682.4,59289.428592,22.108600000000003,0.3971067388485151,22,60,0.0006635848493885543,0.0002684163435728859,4.473605726218466e-05,-0.0003839844915002333,0.0006039367730390488,0.0007381449448256028,262.81100000000004,564.369,0.30439522510591355,0.38233606190138386,0.2739070681970861,0.3480357349927808,11,-808279.0704099997,-301.55800000000016,-0.3645615222805196,11,2681.19,2680.628729862128,0.037304709309880744,827.18,359,2682.7,2681.07,2682.0428332406486,1790814240,2026-10-01T00:24:00+00:00,2681.08,research_batch_v6,0.03728503516400695,B-ETH_USDT,55.674200000000006,231
32.3202,3.4934000000000003,VALIDATED_ABSOLUTE_UPDATES_WITH_GAP_GUARD,0.3613087359299686,0.4357168090652958,0.3207882377596579,0.4271686358072618,0,2684.02,77350.411724,28.82680000000001,0.8049121004311213,24,60,0.0006110237628631499,-0.00034649518259921575,-0.0005402344244825885,-0.0008569235698691058,-0.00033531791864449545,0.00036512395585730495,1255.42,162.184,-0.0253770297209918,0.13208255111587477,0.007021218071809511,0.11028402114821718,9,2932149.52979,1093.236,0.7711857472185463,9,2682.58,2681.9623270794223,0.03728614296112536,1417.604,360,2684.02,2682.2,2683.0646785840445,1790814300,2026-10-01T00:25:00+00:00,2682.2,research_batch_v6,0.03727084484419318,B-ETH_USDT,35.81360000000001,191
99.59099999999998,27.9104,VALIDATED_ABSOLUTE_UPDATES_WITH_GAP_GUARD,-0.33296002726932716,-0.2547627082007337,-0.27423506857590435,-0.29929443292603664,0,2683.12,192371.9890479999,71.6806,0.5621946111964262,24,60,0.0009280240913565052,-0.00022362026297739757,6.33590745102719e-05,0.00017144220161613433,0.0,0.0007118578371450024,497.4119999999999,304.30400000000003,-0.25155800614196017,-0.2467889140624485,-0.23348125638427616,-0.24190600130956263,12,518061.5447099997,193.10800000000006,0.2408683374162422,12,2681.8,2682.6462660554294,0.03727660906979561,801.7160000000001,398,2684.58,2683.11,2683.782392853126,1790814360,2026-10-01T00:26:00+00:00,2684.02,research_batch_v6,0.037260828368649454,B-ETH_USDT,127.50139999999998,248
37.517900000000004,2.8499,VALIDATED_ABSOLUTE_UPDATES_WITH_GAP_GUARD,-0.010569018946049032,-0.048139011903013486,0.006867865232926446,-0.014163592073815437,0,2683.12,93022.80884199998,34.668000000000006,0.8588033036231849,23,60,0.0009280240913565052,-0.00020498524106249416,-0.00014908017531833906,-0.00019380422791381857,-1.1181013148786612e-05,0.0010771042666748443,137.37199999999999,103.491,-0.041694471090604424,0.17194091401412448,-0.20236027272760515,-0.06385780980432776,4,90860.73967000002,33.88100000000001,0.14066502534635877,4,2681.86,2681.88585970457,0.0372872066260927,240.86299999999997,142,2683.29,2683.11,2683.214592638273,1790814420,2026-10-01T00:27:00+00:00,2683.12,research_batch_v6,0.03726872662279506,B-ETH_USDT,40.3678,59
13.4787,11.9247,VALIDATED_ABSOLUTE_UPDATES_WITH_GAP_GUARD,-0.14991560565571094,-0.26396570931720437,-0.12479170431855251,-0.19718013627898126,1,2683.09,4170.124821000002,1.5540000000000003,0.06117291386192399,25,59,0.001218744060020427,7.45409211020398e-05,-0.0003540693752354107,9.317615137760527e-05,-0.00021244162514122422,0.0011143867704772603,170.534,145.061,0.08603371778466563,0.08246641888085107,-0.0925239584873496,0.08874870736683381,9,68322.25864999996,25.473000000000017,0.0807142064988356,9,2681.86,2681.68096788765,0.037290049385181434,315.59499999999997,166,2683.12,2682.89,2683.060513504788,1790814480,2026-10-01T00:28:00+00:00,2683.12,research_batch_v6,0.03727085185506919,B-ETH_USDT,25.403400000000005,65
57.186,13.891,VALIDATED_ABSOLUTE_UPDATES_WITH_GAP_GUARD,0.03312921356772481,-0.012540902207555724,-0.06600037843737808,0.06795662180916645,0,2682.52,116152.82877500002,43.294999999999995,0.6091281286492113,23,60,0.0009095924727495763,7.455676006129508e-05,-0.0004287013703533349,0.0006933778685713765,1.8639190015434792e-05,0.0019422035996004006,301.53600000000006,386.1059999999998,0.18723742294464557,0.2786477006613242,-0.05432916374839569,0.20709090792757262,10,-226726.01006000015,-84.56999999999991,-0.12298550699346444,10,2681.22,2681.855393238503,0.03728763800093028,687.6420000000003,307,2683.63,2682.42,2683.0069372954886,1790814540,2026-10-01T00:29:00+00:00,2683.09,research_batch_v6,0.037271614448388585,B-ETH_USDT,71.07700000000001,180
184.0856999999995,50.1367,VALIDATED_ABSOLUTE_UPDATES_WITH_GAP_GUARD,0.18840142127089382,0.23209898204073465,-0.008246524830243776,0.20257642338042076,0,2682.57,359247.7713889975,133.94899999999936,0.5718880858534439,24,60,0.0007194593244537195,-0.0001602940463809599,-0.0003168603242414969,0.0009058477504779727,0.0002683993334748891,0.0015656627786040378,637.231,489.153,0.04985882049120862,0.04619938920992184,0.0046751847628219625,0.05256031355809351,19,396752.3184900001,148.0779999999999,0.1314631599880679,19,2681.09,2680.5225994179987,0.03730616196025677,1126.384,434,2682.57,2681.23,2681.93616049491,1790814600,2026-10-01T00:30:00+00:00,2682.52,research_batch_v6,0.03728651254276516,B-ETH_USDT,234.22239999999945,755
24.1417,41.341000000000015,VALIDATED_ABSOLUTE_UPDATES_WITH_GAP_GUARD,0.27283450222546385,0.4450487580089042,0.19777086074897776,0.36312272778109733,0,2683.29,-46146.413490000006,-17.1993,-0.2626541055881935,23,60,0.0006372773721812219,-0.000715539505606988,0.00010807627949271925,0.0006484576769563155,-0.00021242579072711099,0.0013192759634628182,254.42899999999997,297.556,0.08220647053229531,0.04465444463087959,0.02019016393153902,0.05984648737248622,11,-115640.14345999986,-43.12699999999997,-0.07813074630651187,11,2681.84,2680.9624959994962,0.03730004115015792,551.9850000000001,396,2683.29,2681.49,2682.0540585771246,1790814660,2026-10-01T00:31:00+00:00,2682.08,research_batch_v6,0.03728488967411643,B-ETH_USDT,65.48270000000001,210
17.8027,20.422100000000004,VALIDATED_ABSOLUTE_UPDATES_WITH_GAP_GUARD,0.02892210311085944,0.11131361619940287,0.01005806599145672,0.06069181394544422,0,2682.72,-7032.403882000004,-2.619400000000002,-0.06852619241958105,23,60,0.001450020874336655,-0.0003727560088269133,-4.473072105914966e-05,0.0012263672690404626,-0.00021619848511955642,0.0014761137949543812,194.92299999999997,205.86600000000004,0.12436530314163424,0.18609427961993225,-0.060745081204366815,0.14073392940058294,8,-29382.90983000001,-10.94300000000002,-0.02730364356307189,8,2681.2,2681.5996804713977,0.037291187048602,400.789,376,2683.29,2682.62,2682.9232232347485,1790814720,2026-10-01T00:32:00+00:00,2683.28,research_batch_v6,0.03727278534933664,B-ETH_USDT,38.2248,161
23.849999999999998,12.3542,VALIDATED_ABSOLUTE_UPDATES_WITH_GAP_GUARD,0.30298996607820716,0.4466890293000135,0.3001699853411782,0.3827552771762855,0,2682.14,30826.569058999998,11.495799999999997,0.3175266957977252,25,60,0.0010253006927303243,0.000536884726375142,0.00044740393864617367,0.0014689762652211336,-0.00028708419396450413,0.0017896157545840286,88.791,68.388,0.11302781094646659,0.09998009321523872,0.09550238083492932,0.09859081251285486,7,54680.07478999997,20.403000000000024,0.12980741702135803,7,2680.86,2680.6697856147516,0.03730411704817905,157.17899999999992,286,2682.72,2681.75,2681.962233445146,1790814780,2026-10-01T00:33:00+00:00,2682.72,research_batch_v6,0.03728616416137161,B-ETH_USDT,36.204199999999986,133
12.6957,5.965599999999999,VALIDATED_ABSOLUTE_UPDATES_WITH_GAP_GUARD,-0.051346779601565085,-0.031999091512322386,-0.17624352936738055,-0.038802530983068295,1,2681.37,18051.920218000003,6.730099999999998,0.36064475679615027,25,58,0.0014619392325565528,0.00045872072858288426,0.0011225604821416546,0.0023719218160866973,0.00013053028862097804,0.002051190249760415,111.36200000000001,178.36400000000003,-0.10737144163249479,-0.09429836499978277,-0.12360146023596097,-0.09341670567242306,10,-179610.71256999997,-67.002,-0.23125988002457498,10,2680.0,2680.9185285081753,0.03730064305969295,289.72599999999994,353,2682.53,2681.37,2682.129246784203,1790814840,2026-10-01T00:34:00+00:00,2682.14,research_batch_v6,0.03728380928995435,B-ETH_USDT,18.661299999999997,149
30.741199999999996,11.158100000000003,VALIDATED_ABSOLUTE_UPDATES_WITH_GAP_GUARD,0.3773475422103284,0.5652193989713447,0.28785067544375875,0.49063333417099125,0,2681.72,52510.96124700001,19.5831,0.4673848966450513,23,60,0.0015475142818788257,0.0006040899124444277,0.0012230956251957359,0.001883119788792298,0.0006935847142879314,0.0015437853318021055,436.591,219.84600000000003,-0.24664397014295292,-0.19198665153013503,-0.24118517000017517,-0.27269414890221466,6,580851.07841,216.74499999999995,0.33018400851871527,6,2680.4,2680.1240400667425,0.037311692773195765,656.4370000000001,322,2681.72,2681.13,2681.4724927636616,1790814900,2026-10-01T00:35:00+00:00,2681.37,research_batch_v6,0.03729298223376329,B-ETH_USDT,41.89930000000001,111
73.8596,29.1769,VALIDATED_ABSOLUTE_UPDATES_WITH_GAP_GUARD,0.4825504766679616,0.5945601562982231,0.4154920350537651,0.47706184245605066,0,2683.58,119840.28084100004,44.68270000000001,0.43365894610162425,25,60,0.001084372368254316,0.0002981092421319165,0.0005403230013638627,0.0012110687961603972,-0.0003651838216114367,0.0012147951616869879,674.8339999999998,249.59400000000008,0.3182663099575621,0.26927718182988697,0.25856264722137917,0.2835714098076279,16,1140510.42961,425.24,0.46000337506003725,16,2682.25,2681.0894713859093,0.037298290789197684,924.4279999999998,478,2683.58,2681.61,2682.4219728007806,1790814960,2026-10-01T00:36:00+00:00,2681.72,research_batch_v6,0.03727978536391109,B-ETH_USDT,103.0365,234
11.032599999999999,17.404000000000003,VALIDATED_ABSOLUTE_UPDATES_WITH_GAP_GUARD,-0.2223330609858775,-0.24513912186330694,-0.27818846812759296,-0.24314135636879955,0,2682.6,-17099.441879999995,-6.3714,-0.22405632178249157,23,60,0.0014985461865355543,0.0008946544397225864,0.0012711548497728042,0.0015209125475283969,0.0002758517855812048,0.0015991948110043452,219.64099999999993,193.52599999999998,-0.27051554463618543,-0.29476919046571864,-0.23376681924796103,-0.2750272181373215,12,70125.09694999986,26.114999999999945,0.06320688728770676,12,2681.17,2681.503526154048,0.03729249173210176,413.1670000000001,352,2683.83,2682.6,2682.9554409710568,1790815020,2026-10-01T00:37:00+00:00,2683.72,research_batch_v6,0.03727231398346177,B-ETH_USDT,28.436600000000002,155
19.649499999999996,6.896800000000001,VALIDATED_ABSOLUTE_UPDATES_WITH_GAP_GUARD,0.18347103025238704,0.2535916026998291,0.1424144133781616,0.1962098075642414,0,2683.34,34208.857809999994,12.752700000000003,0.4803946312668808,23,60,0.0016434741777038298,0.0006298120998458057,0.0010211154754893315,0.0013416115736357703,0.0003875766768282052,0.0007378863654996515,381.545,285.783,0.1769551620206672,0.19136542608377274,0.16096817367174301,0.16290456359711492,13,256722.94982,95.76200000000006,0.1435006473578211,13,2681.95,2681.255187596362,0.037295978971916256,667.3280000000002,439,2683.34,2682.07,2682.5927679580127,1790815080,2026-10-01T00:38:00+00:00,2682.6,research_batch_v6,0.037277386858529986,B-ETH_USDT,26.54630000000001,179
32.15619999999999,42.15519999999999,VALIDATED_ABSOLUTE_UPDATES_WITH_GAP_GUARD,0.5346529186550835,0.5036902643586133,0.4996236389247954,0.5877384069595013,0,2684.38,-26843.272668999954,-9.998999999999997,-0.1345553979604744,24,60,0.0011660048130295309,0.0006072165639738891,0.0012479604228909924,0.0009275884934323297,0.00023096580960957347,-7.450509987416698e-05,515.8049999999998,219.176,0.013254406479871392,0.1024290934318561,0.03341772507706441,0.07319941223361376,18,795765.6145199998,296.62899999999996,0.4035873036173724,18,2683.1,2682.9471788121336,0.03727245249474135,734.981,533,2684.58,2683.33,2684.0320184513216,1790815140,2026-10-01T00:39:00+00:00,2683.33,research_batch_v6,0.03725741591156995,B-ETH_USDT,74.3114,214
34.90839999999999,16.036500000000004,VALIDATED_ABSOLUTE_UPDATES_WITH_GAP_GUARD,0.4368736634948009,0.3472665355938047,0.27960478368660974,0.46615325032196203,0,2685.0,50665.276453999984,18.8719,0.3704374726420113,26,59,0.0009310986964619072,0.0004022346368715013,0.0006592178770949975,0.00032029795158283747,1.117318435772674e-05,0.00024581005586576943,354.5199999999999,142.125,0.1608115492263583,0.1321612749833975,0.1487174635336175,0.1522638218517439,10,569915.8701000003,212.39500000000004,0.42765959588841135,10,2683.71,2683.398660806375,0.03726618276711356,496.645,297,2685.0,2684.38,2684.6835159936954,1790815200,2026-10-01T00:40:00+00:00,2684.38,research_batch_v6,0.0372483626135608,B-ETH_USDT,50.94489999999999,161
92.00300000000001,25.1799,VALIDATED_ABSOLUTE_UPDATES_WITH_GAP_GUARD,-0.013167654903493649,-0.02893929612779519,0.08026933736905358,0.05769742549393945,0,2685.03,179454.63835700005,66.8231,0.5702461707296883,24,60,0.0007485949877654718,0.0010055753566997616,0.0006703835711332484,0.000674107924306222,0.00036498661095030194,0.0002160124840318023,671.2120000000002,188.34300000000007,-0.22178270589548005,-0.25145651713639805,-0.16130292834421003,-0.2719123970006439,17,1296173.4366200003,482.86899999999986,0.5617662627755058,17,2683.71,2684.524330952708,0.03725053031866657,859.555,599,2686.2,2685.02,2685.7623553035196,1790815260,2026-10-01T00:41:00+00:00,2685.25,research_batch_v6,0.037233375017257854,B-ETH_USDT,117.1829,255
25.794200000000004,27.527099999999997,VALIDATED_ABSOLUTE_UPDATES_WITH_GAP_GUARD,0.3489291454342796,0.3708943299892757,0.3936714769109518,0.3529904583920638,0,2686.01,-4661.440451000004,-1.7328999999999983,-0.03249920763372233,24,60,0.0007706598262848807,0.0002829475690706573,0.00024944062010190393,0.0003276235010292172,2.606096030910443e-05,-0.00014891977319519967,500.48799999999994,225.60899999999998,-0.034216186414675394,0.049252393647984394,0.05674022952220525,-0.018454378122870027,12,737769.7225799998,274.8789999999999,0.37857063174754885,12,2684.63,2683.9169129286347,0.0372589821938775,726.0969999999999,358,2686.15,2684.81,2685.4185211383165,1790815320,2026-10-01T00:42:00+00:00,2685.03,research_batch_v6,0.037238170366618494,B-ETH_USDT,53.3213,154
8.718499999999999,66.1706,VALIDATED_ABSOLUTE_UPDATES_WITH_GAP_GUARD,0.546847601280212,0.5081553319433033,0.5638868144975275,0.5262134027256394,0,2686.08,-154298.842636,-57.452099999999994,-0.7671623774354344,25,60,0.0008637121753634069,0.0002792172980701224,0.00032016916845378773,-0.00028294019537755677,0.0006142780557540917,0.00010424112461282498,248.62999999999997,21.02099999999996,0.19106576441092848,0.14327537334625204,0.21489830244655334,0.11596579515777639,8,610973.3128900001,227.60899999999995,0.8440873573619232,8,2685.0,2684.429466376867,0.037251873800174834,269.651,300,2686.08,2685.52,2685.7085407766604,1790815380,2026-10-01T00:43:00+00:00,2685.65,research_batch_v6,0.03723415763336788,B-ETH_USDT,74.88910000000001,93
63.00220000000001,2.8961000000000006,VALIDATED_ABSOLUTE_UPDATES_WITH_GAP_GUARD,0.6353623464244774,0.5358071089749553,0.700106719954164,0.6351983317569072,0,2687.73,161512.86355499996,60.106100000000005,0.9121039541232473,26,60,6.325040089594225e-05,-0.00039066424082778717,-0.00031997261629712614,-0.0013208171951796244,-0.0003571787344711641,-0.0010306094734218174,625.488,192.336,0.5637716895692843,0.592675445818563,0.5073583863849067,0.5545141914426096,9,1163411.4777099998,433.152,0.529639629064444,9,2686.4,2685.934630043896,0.037231030461471144,817.8240000000003,384,2687.75,2686.07,2687.015679035545,1790815440,2026-10-01T00:44:00+00:00,2686.08,research_batch_v6,0.037216048667460505,B-ETH_USDT,65.89830000000002,156
312.44450000000006,42.7352,VALIDATED_ABSOLUTE_UPDATES_WITH_GAP_GUARD,-0.11345688084720466,-0.189862903149537,0.052561402072216365,-0.14158368013470257,0,2686.77,724790.654149,269.70930000000004,0.7593601210880017,23,60,0.0005285156526237955,6.327300066621966e-05,-0.0003386966506250255,-0.0004131354749383753,2.2331647294038248e-05,-0.0008448806559548938,401.59099999999995,396.6780000000001,-0.4452183916721241,-0.5149302352224492,-0.3180981026138978,-0.48478168224831086,16,13106.54212000005,4.912999999999991,0.006154566944225558,16,2685.36,2685.9393003488244,0.03723088833259654,798.2689999999999,525,2687.76,2686.76,2687.489884018818,1790815500,2026-10-01T00:45:00+00:00,2687.64,research_batch_v6,0.03720942961510323,B-ETH_USDT,355.1796999999999,301
261.4436,39.06159999999999,VALIDATED_ABSOLUTE_UPDATES_WITH_GAP_GUARD,0.4067625054029876,0.3904608742170968,0.3940589173228462,0.447606773922641,0,2686.83,597578.6664470001,222.3820000000001,0.7400271276503702,25,60,0.0006252721608737133,1.4887432401744505e-05,3.7218581006026596e-06,-0.0004540666882533184,-5.5827871506597404e-05,-0.0006811000323800886,466.148,383.648,-0.17768533453315297,-0.19102609290409858,-0.11057215613126108,-0.1850897421963041,14,221572.50390000019,82.49999999999999,0.09708212323898913,14,2685.5,2685.482616298107,0.03723724187495524,849.7959999999998,514,2687.27,2686.35,2686.831285637703,1790815560,2026-10-01T00:46:00+00:00,2687.17,research_batch_v6,0.037218590912850145,B-ETH_USDT,300.5052000000001,281
908.2947999999999,55.724599999999995,VALIDATED_ABSOLUTE_UPDATES_WITH_GAP_GUARD,0.2147909835840767,0.13473232283077013,0.23846507657028437,0.19816282229462862,0,2686.68,2291035.4467230006,852.5702,0.8843911232491796,24,60,0.0013734423154228015,-0.0003052094034271535,7.816338380450816e-05,-0.0003982610508135309,9.677371328198348e-05,-2.6054461268021356e-05,250.74599999999998,500.92500000000024,-0.0544385741049284,-0.10610204071638403,0.0018578691024935905,-0.08362303313629461,18,-671698.5704600002,-250.17900000000017,-0.33283045374904724,18,2685.32,2685.106691712019,0.037242461485240574,751.6710000000003,620,2687.17,2685.7,2686.3295069949463,1790815620,2026-10-01T00:47:00+00:00,2686.84,research_batch_v6,0.037225525790488476,B-ETH_USDT,964.0193999999998,574
44.15189999999999,25.6833,VALIDATED_ABSOLUTE_UPDATES_WITH_GAP_GUARD,0.23332150222803158,0.08166003881192553,0.33176522253421964,0.18155783890291863,0,2686.94,49615.57765600002,18.46859999999999,0.26445975668430816,24,60,0.0012281628916164244,-3.7217057321625724e-05,-0.0006029163286116468,-0.0002158589324658955,-2.6051940125282336e-05,-0.0007629496750951592,144.578,275.9710000000001,0.21234257019613118,0.12841647211113258,0.19123347039395608,0.14556406832568736,7,-352876.80865,-131.39300000000003,-0.31243208282506935,7,2685.46,2685.4413563680746,0.03723783580386587,420.5489999999998,334,2687.21,2686.67,2686.977241633527,1790815680,2026-10-01T00:48:00+00:00,2686.67,research_batch_v6,0.03721654737939828,B-ETH_USDT,69.83519999999999,161
18.766400000000004,16.8494,VALIDATED_ABSOLUTE_UPDATES_WITH_GAP_GUARD,0.2715056878022733,-0.0042848776048925894,0.3526658995169439,0.28864829187447005,1,2686.87,5150.969825999995,1.9170000000000025,0.05382442623779343,24,59,0.0012542475073225035,7.4436053847382055e-06,-0.0010011649242427367,-0.000710864314239168,-0.000375902071927503,-0.0005880448253916537,104.014,60.39399999999999,-0.3447569221544476,-0.41959492590149455,-0.34994194844883486,-0.4052429112262755,6,117138.32910000005,43.620000000000005,0.26531555642061216,6,2685.35,2685.497902025371,0.037237013755274634,164.408,262,2687.15,2686.87,2687.000311908945,1790815740,2026-10-01T00:49:00+00:00,2686.94,research_batch_v6,0.037216221705327526,B-ETH_USDT,35.615799999999986,149
45.402800000000006,69.80959999999999,VALIDATED_ABSOLUTE_UPDATES_WITH_GAP_GUARD,0.02301214504501673,-0.02461465327790802,0.2410895494738635,-0.01519720427397071,0,2685.86,-65567.26168500002,-24.4068,-0.21184178091941497,25,60,0.0021669037105431777,-0.00020105292159677823,-7.446404503597126e-05,-0.000506355506243894,0.00036487382067562635,3.7232022516153762e-06,42.57600000000001,166.51999999999995,-0.08531310512073564,-0.09943590383623462,-0.0959459357659909,-0.08170421497206891,12,-332805.27207,-123.94400000000002,-0.5927612197268243,12,2684.4,2685.149502820481,0.037241868583073504,209.09599999999995,390,2687.21,2685.85,2686.4295435933996,1790815800,2026-10-01T00:50:00+00:00,2686.88,research_batch_v6,0.03722412852443303,B-ETH_USDT,115.21239999999997,249
44.40420000000001,39.854099999999995,VALIDATED_ABSOLUTE_UPDATES_WITH_GAP_GUARD,0.23658889622127294,0.1581283944450086,0.4364220451337238,0.14339621380629516,0,2686.84,12192.186067000017,4.550100000000011,0.05400180160292828,24,60,0.001633889624987006,-0.0009900105700377804,-0.0004577868425361675,-0.0006848193416802983,1.8609221241305818e-05,-0.00013026454868925175,142.17899999999995,201.36599999999999,0.45299148946468654,0.4204873204146541,0.4359511014990795,0.42501256818760297,11,-158869.91872999995,-59.187,-0.17228310701654811,11,2685.35,2684.642556982057,0.0372489367507522,343.54499999999985,436,2686.84,2685.1,2685.9637906419716,1790815860,2026-10-01T00:51:00+00:00,2685.86,research_batch_v6,0.03723059526453947,B-ETH_USDT,84.25829999999999,304
23.0032,16.831899999999994,VALIDATED_ABSOLUTE_UPDATES_WITH_GAP_GUARD,0.17310021495020353,0.12169123268514166,0.41633613365743616,0.06977382057484109,0,2686.89,16572.21486900001,6.171299999999996,0.15492116249237475,23,60,0.0016413027701172034,-0.0004577783236381361,-0.00047638719858267287,-0.00010420969968982785,-0.0005843186732615857,-0.00010048792470107593,110.89500000000001,119.35599999999997,0.3336389531810246,0.2899422492279745,0.37891936375500357,0.2948423565829344,7,-22730.426359999972,-8.46100000000001,-0.036746854519632964,7,2685.39,2685.149306854103,0.037241897293643536,230.25099999999998,293,2686.89,2686.15,2686.623441789497,1790815920,2026-10-01T00:52:00+00:00,2686.84,research_batch_v6,0.03722145112288049,B-ETH_USDT,39.83509999999999,171
29.121599999999997,24.703599999999998,VALIDATED_ABSOLUTE_UPDATES_WITH_GAP_GUARD,-0.39248551390914016,-0.43140609951253583,-0.06930016177027588,-0.4611560021858512,0,2685.32,11855.887627999997,4.4179999999999975,0.08208051247371116,23,60,0.002513666900034295,0.00010799457792742828,0.00038729090015343637,-0.00016012989140967715,-0.000424530409783741,0.0009049200840123284,53.98,311.47100000000006,-0.557581292521118,-0.6056658650986486,-0.5661662230438749,-0.6009862838802295,11,-691352.26193,-257.491,-0.7045841987024253,11,2683.92,2684.5992443979467,0.03724946669910992,365.45099999999996,337,2686.89,2685.32,2686.3215096361687,1790815980,2026-10-01T00:53:00+00:00,2686.88,research_batch_v6,0.037225597485621556,B-ETH_USDT,53.825199999999995,242
12.892200000000003,28.46319999999999,VALIDATED_ABSOLUTE_UPDATES_WITH_GAP_GUARD,-0.2684747142628684,-0.369768441816623,0.055741111213469155,-0.32905203038062886,0,2684.18,-41802.48378399999,-15.570999999999994,-0.3765167305841557,24,60,0.003021406910117763,0.0005327511567778664,0.0002905915400608361,0.0004135341147017968,0.0005513788196023217,0.0012406023441051683,160.66600000000003,355.9329999999999,-0.3161246559694314,-0.3782478878180484,-0.2956055273677799,-0.3788593933609585,10,-523947.4212999998,-195.26699999999988,-0.3779856329570905,10,2682.64,2683.341108760561,0.03726694751762798,516.5989999999997,356,2685.5,2684.17,2684.873317824457,1790816040,2026-10-01T00:54:00+00:00,2685.32,research_batch_v6,0.037245680244170486,B-ETH_USDT,41.3554,198
56.74680000000002,5.065899999999999,VALIDATED_ABSOLUTE_UPDATES_WITH_GAP_GUARD,0.34312794428303506,0.2779685894382353,0.599220715683024,0.29844503955609675,0,2685.66,138742.74573999998,51.68090000000001,0.8360887002185633,25,60,0.0025207956331032566,0.0002606435661998141,-0.00043192362398813966,7.819306985989982e-05,-1.8617397585574125e-05,0.0006851202311537463,193.438,101.41299999999998,0.5890184985564606,0.6186032768846685,0.48907188754827774,0.5530804579954772,10,246952.62326,92.02499999999999,0.3121067929225269,10,2684.16,2683.5690930163846,0.03726385026823892,294.85100000000006,320,2685.66,2684.18,2684.9737231762806,1790816100,2026-10-01T00:55:00+00:00,2684.18,research_batch_v6,0.037244332669068216,B-ETH_USDT,61.81270000000002,185
18.865599999999997,16.369500000000002,VALIDATED_ABSOLUTE_UPDATES_WITH_GAP_GUARD,-0.09435673867976375,-0.13235731637236997,0.02347776325534775,-0.11744808106018535,0,2685.61,6703.181421000004,2.496100000000001,0.07084129178007159,24,60,0.0027703203369067175,-0.00024203067459538374,-0.00022713647923566782,0.00032767229791352825,0.0,0.0005324674841096222,139.447,321.72099999999995,0.16181438316908103,0.1764930909444641,0.14285263572104434,0.1580116488978255,10,-489236.71141999983,-182.274,-0.39524424938417235,10,2684.26,2684.445882465455,0.0372516484913444,461.168,278,2686.12,2685.6,2685.784004880085,1790816160,2026-10-01T00:56:00+00:00,2685.65,research_batch_v6,0.03723306702046518,B-ETH_USDT,35.23510000000001,159
7.2087,0.20780000000000004,VALIDATED_ABSOLUTE_UPDATES_WITH_GAP_GUARD,0.13958890211287045,-0.0974065171787865,0.40430236215373455,-0.022768121886434445,1,2685.61,18801.689127000005,7.000900000000001,0.9439627856805771,27,57,0.0023532828668346717,-0.00041331392123211685,0.00037235488399289807,0.000376078432832605,0.00027926616299467355,0.0009197165634622362,36.598,31.714000000000002,0.018152773898254773,-0.033351520578975696,0.022394158962165726,-0.01648255461285908,4,13106.024719999983,4.884,0.07149549127532497,4,2684.26,2684.174833242397,0.0372553950887458,68.31200000000001,94,2685.61,2685.6,2685.604512967414,1790816220,2026-10-01T00:57:00+00:00,2685.61,research_batch_v6,0.03723555772430527,B-ETH_USDT,7.4165,27
24.990100000000005,32.5542,VALIDATED_ABSOLUTE_UPDATES_WITH_GAP_GUARD,0.127127060861123,0.19097274544796286,0.3154334102003827,0.049788737912149814,0,2686.36,-20330.18906600001,-7.564099999999993,-0.13144829288044155,25,59,0.0019617623847882903,-0.0005062612605906125,-0.0005472088625501081,0.0005174287883975559,-0.0005211512976667221,0.0007593918908856967,61.214,86.42600000000002,-0.02380101226309482,0.03001745783654529,0.07316560820449665,0.036795588025397175,8,-67697.66537000002,-25.211999999999986,-0.17076672988350028,8,2684.8,2684.910150087289,0.03724519647324253,147.64000000000001,200,2686.52,2685.61,2686.2251074061014,1790816280,2026-10-01T00:58:00+00:00,2685.61,research_batch_v6,0.0372269759241597,B-ETH_USDT,57.54430000000001,155
31.3976,32.1078,VALIDATED_ABSOLUTE_UPDATES_WITH_GAP_GUARD,-0.7135320981084298,-0.731268481662192,-0.4702158266957243,-0.7633363409507614,0,2684.96,-1888.6305740000012,-0.7102000000000115,-0.011183300947636131,24,60,0.0022532924140397093,0.0006145342947381227,0.00012290685894766895,0.0009497348191407351,-0.00017132471247249814,0.0010949883797151116,227.04299999999998,340.588,-0.617753718434005,-0.6365964663178955,-0.4929655946658658,-0.6181232530288063,13,-304612.16732999997,-113.54499999999994,-0.20003312010795732,13,2683.33,2684.211817017669,0.037254841224984216,567.6310000000001,341,2686.37,2684.96,2685.8638436575916,1790816340,2026-10-01T00:59:00+00:00,2686.36,research_batch_v6,0.03723191964033088,B-ETH_USDT,63.505399999999995,260
54.53949999999999,75.9829,VALIDATED_ABSOLUTE_UPDATES_WITH_GAP_GUARD,0.13515917926845578,0.006140432946769659,0.3750834768568522,0.03171057871488665,0,2684.5,-57557.42971500002,-21.44340000000002,-0.16428904157447322,25,60,0.001955671447196883,0.0001452784503630511,0.000510337120506632,0.0011175265412552982,0.00018625442354247568,0.0013745576457440123,201.23199999999997,609.8700000000001,0.23460365813367567,0.20267211155449183,0.21114049920104855,0.2307896407619822,19,-1096685.29364,-408.63800000000003,-0.503805933162537,19,2683.22,2683.4433817816107,0.03726556710085958,811.1019999999999,614,2685.83,2684.41,2684.7940307021654,1790816400,2026-10-01T01:00:00+00:00,2684.57,research_batch_v6,0.03724680627344214,B-ETH_USDT,130.52239999999998,542
55.792699999999996,12.780100000000001,VALIDATED_ABSOLUTE_UPDATES_WITH_GAP_GUARD,0.34987105079493724,0.2795616057542959,0.3955566121785905,0.265518362970763,0,2685.0,115468.42713699998,43.012600000000006,0.6272545382425688,24,60,0.001541899441340755,0.00010800744878958213,0.0005549348230911022,0.0007597765363127618,0.0005996275605215651,0.0013072625698324902,265.429,166.50800000000004,0.01781404642344923,-0.016319593638230823,0.05278547941383462,-0.02492403998220455,6,265383.6140999999,98.92099999999989,0.22901719463718054,6,2683.49,2683.518251735365,0.037264511852234616,431.9370000000002,284,2685.28,2684.66,2685.041731141362,1790816460,2026-10-01T01:01:00+00:00,2684.92,research_batch_v6,0.03724338860927766,B-ETH_USDT,68.57279999999997,222
24.440599999999996,18.404500000000002,VALIDATED_ABSOLUTE_UPDATES_WITH_GAP_GUARD,0.2767458430352752,0.13871263858809688,0.4592532422864405,0.20295175913194774,0,2686.61,16202.964584000005,6.036100000000008,0.14088192115317758,23,60,0.0015000316383844137,-0.0002754400527059664,3.722162874364443e-06,0.0005471579425371242,-0.0006402120143974566,0.0013995332407754635,244.92799999999997,137.512,0.1255811059734915,0.18580716496369662,0.12110493362662979,0.16739989313664172,12,288329.11482,107.41599999999991,0.2808702018617296,12,2685.07,2684.8150957024914,0.03724652799168486,382.4400000000001,370,2687.01,2685.0,2686.5190268965275,1790816520,2026-10-01T01:02:00+00:00,2685.0,research_batch_v6,0.03722290079784325,B-ETH_USDT,42.8451,237
29.884700000000006,51.9169,VALIDATED_ABSOLUTE_UPDATES_WITH_GAP_GUARD,-0.2996320711067957,-0.3611732652217707,-0.2529078926161212,-0.3162765054111724,0,2684.89,-59210.66367699999,-22.032200000000007,-0.2693370300825412,23,60,0.001992632845293496,0.0005959275799007901,0.0010652205490728761,0.0013073161284076207,0.00014898189497514203,0.001992632845293496,242.50499999999997,375.11500000000007,-0.44788921717936997,-0.448790377677867,-0.3975329294405437,-0.44763813700778626,16,-356257.8060500003,-132.6100000000001,-0.21471131116220338,16,2683.3,2684.754006048112,0.03724733276565809,617.6200000000002,444,2687.46,2684.89,2686.5565274670075,1790816580,2026-10-01T01:03:00+00:00,2686.61,research_batch_v6,0.037222346901513936,B-ETH_USDT,81.80160000000002,427
27.29269999999998,26.720400000000012,VALIDATED_ABSOLUTE_UPDATES_WITH_GAP_GUARD,0.1589367039005789,0.08251705914309636,0.3112456717989909,0.15298277076898167,0,2685.29,1513.621292000052,0.5722999999999856,0.010595577739474048,24,60,0.0019066841942583235,0.0004952910113991127,0.0008267263498542565,0.0009719620599637491,0.0002159915688808578,0.0018433763206207043,207.38699999999997,225.93400000000003,-0.15600521284200727,-0.1505573729095006,-0.16034306197627046,-0.14465635981079272,16,-49848.873069999965,-18.54700000000001,-0.04280198744118105,16,2683.6,2684.2348722131355,0.03725455472352,433.32099999999997,484,2685.94,2684.48,2685.55874591863,1790816640,2026-10-01T01:04:00+00:00,2684.82,research_batch_v6,0.037236205945325,B-ETH_USDT,54.01309999999999,318
68.25120000000003,99.15559999999998,VALIDATED_ABSOLUTE_UPDATES_WITH_GAP_GUARD,0.08886789849246347,-0.029906861513207275,0.21767172516916275,-0.00716873589909901,0,2685.87,-83060.29598200005,-30.904399999999992,-0.18460659901509371,24,60,,0.0006999594172465429,0.0006068797075062804,0.0008637797063895114,0.00023083768015563777,0.002163172454362927,547.192,210.30599999999998,0.09305471501941633,0.07732549476028557,-0.012464606244304285,0.10090809465564739,13,903967.0996400006,336.886,0.4447351676176044,13,2684.71,2683.8353350266575,0.0401261821192792,757.4979999999998,473,2685.88,2684.57,2685.127183799026,1790816700,2026-10-01T01:05:00+00:00,2685.27,research_batch_v6,0.03724218245853877,B-ETH_USDT,167.4068,344
11.916899999999998,26.0999,VALIDATED_ABSOLUTE_UPDATES_WITH_GAP_GUARD,-0.029825904469813747,-0.08115892476587803,0.08768289098935601,-0.08442510843531828,0,2686.49,-38108.61384599999,-14.183000000000005,-0.3730719050525032,24,60,,0.00037967757185031203,0.00020472810246841,0.0007519104854289971,4.83902787653534e-05,0.0017643840103631625,188.45499999999996,231.0540000000001,-0.10321937837953958,-0.08942386257208551,-0.14748260439453093,-0.07929987685715092,13,-114422.16360999986,-42.59900000000008,-0.10154490130128337,13,2685.0,2685.1591682653025,0.037241734095719854,419.50899999999996,367,2686.78,2685.87,2686.4945942053755,1790816760,2026-10-01T01:06:00+00:00,2685.87,research_batch_v6,0.037223222304473405,B-ETH_USDT,38.0168,231
44.02069999999998,15.5023,VALIDATED_ABSOLUTE_UPDATES_WITH_GAP_GUARD,-0.30461551075056464,-0.36376967274717725,-0.08333787461073253,-0.322365679548745,0,2686.62,76627.83609399998,28.518399999999968,0.47911563597264867,25,60,,0.00032754911375643125,0.0005434337569139025,0.0013958058824843356,0.00042060283925526853,0.0017419657413404455,233.00500000000002,103.074,-0.19534561498162775,-0.27411829581041447,-0.10160333726662814,-0.23584510570088613,7,348892.35545999993,129.93099999999998,0.38660850573823413,7,2685.07,2685.5593436942354,0.037236172422601646,336.079,325,2687.3,2686.43,2686.7970144849696,1790816820,2026-10-01T01:07:00+00:00,2686.49,research_batch_v6,0.0372190132662584,B-ETH_USDT,59.523,178
58.748300000000036,18.805600000000002,VALIDATED_ABSOLUTE_UPDATES_WITH_GAP_GUARD,-0.12774386247703126,-0.2031708062363761,-0.03749755651488569,-0.18031847175997753,0,2687.75,107288.342518,39.94270000000004,0.5150314813310486,22,60,,-0.0002641614733512876,0.0002418379685611427,0.0009264254487952872,-8.929401916091262e-05,0.0016072923448982035,320.019,92.20299999999999,0.12269313487698587,0.1759876749130709,0.09638677641317044,0.10482866706357617,12,611772.9680400001,227.81600000000006,0.5526536671987426,12,2686.31,2685.289213271708,0.03723995069509544,412.2219999999999,379,2687.75,2685.92,2686.702317479301,1790816880,2026-10-01T01:08:00+00:00,2686.62,research_batch_v6,0.03722033736286667,B-ETH_USDT,77.55390000000006,243
29.350999999999996,39.152499999999996,VALIDATED_ABSOLUTE_UPDATES_WITH_GAP_GUARD,-0.23802631944378091,-0.2839912127008285,-0.08107442455332484,-0.27882127882992847,0,2687.51,-26348.097791999997,-9.801500000000003,-0.143080280569606,25,60,,0.00021209223407536726,0.00014511573910414022,0.0010158101737294256,-3.7209163873397344e-06,0.001778598033123524,231.81499999999994,123.746,-0.45838330540528044,-0.5303459819096599,-0.37642273107610236,-0.49873265520030885,13,290285.8054900001,108.06900000000005,0.30393940842780853,13,2685.87,2686.2446559623977,0.03722665468191776,355.56100000000004,332,2687.94,2687.51,2687.6447467106036,1790816940,2026-10-01T01:09:00+00:00,2687.75,research_batch_v6,0.03720727884423585,B-ETH_USDT,68.50349999999999,185
12.206999999999999,23.0924,VALIDATED_ABSOLUTE_UPDATES_WITH_GAP_GUARD,-0.196503344345927,-0.25772611928965977,0.0023039862333630017,-0.25738969245388504,0,2687.5,-29251.327194999998,-10.885399999999997,-0.30837351343082303,24,60,,0.00033488372093026797,0.000256744186046598,0.0015553488372093138,-0.000171162790697732,0.0018344186046510558,182.08300000000006,72.90099999999997,0.5782745586011431,0.5988777921599796,0.7050185994963782,0.606841901777814,6,293249.07674000016,109.18200000000006,0.4281915728045684,6,2686.1,2685.8596610556274,0.037232068918316964,254.98399999999998,226,2687.51,2687.1,2687.297044702737,1790817000,2026-10-01T01:10:00+00:00,2687.51,research_batch_v6,0.03721209488170978,B-ETH_USDT,35.299400000000006,112
26.468999999999998,35.468599999999995,VALIDATED_ABSOLUTE_UPDATES_WITH_GAP_GUARD,-0.235791949223584,-0.43017046445157553,-0.0456219703740051,-0.353803729294614,0,2687.04,-24194.231953999973,-8.9996,-0.14530107721319524,24,60,,0.0003200547814696808,0.0005470703822794132,0.0015593366678576803,0.0003870429915446838,0.0022366619030607104,200.879,417.99500000000006,-0.14017971515425295,-0.14445822514221193,-0.11140824078182834,-0.149883712601153,11,-583082.9411699998,-217.11599999999993,-0.35082423885960623,11,2685.57,2685.4360958906923,0.037237890157264794,618.8739999999999,285,2687.5,2686.33,2686.933849147677,1790817060,2026-10-01T01:11:00+00:00,2687.5,research_batch_v6,0.03721711296410855,B-ETH_USDT,61.93759999999999,200
22.890400000000007,40.4454,VALIDATED_ABSOLUTE_UPDATES_WITH_GAP_GUARD,0.20358367032634467,-0.31578803719530946,0.5535368331955064,0.023224537199097783,0,2688.08,-47164.91435500003,-17.554999999999993,-0.2771734153511914,25,60,,4.092140114875242e-05,0.0008519091693699465,0.001197881015446045,0.00011904407606921907,0.001432249040207001,179.62699999999995,128.88099999999997,0.667667844090793,0.648873289459147,0.6685210236808246,0.6484311197471623,6,136295.6592,50.74599999999998,0.16448844114253114,6,2686.6,2686.1065776997807,0.037228650141087144,308.5079999999999,232,2688.08,2686.84,2687.1225877264815,1790817120,2026-10-01T01:12:00+00:00,2687.05,research_batch_v6,0.03721450710136762,B-ETH_USDT,63.33580000000001,175
64.2616,29.4687,VALIDATED_ABSOLUTE_UPDATES_WITH_GAP_GUARD,0.008918598905092246,-0.29130626100261736,0.2358793621993519,0.033797282925476936,0,2688.4,93528.44261299996,34.7929,0.3712022686367162,24,60,,4.0916530278378715e-05,0.0006844219610175895,0.0013651242374645989,-0.00018598422853743912,0.0012014581163517501,246.39100000000005,159.48299999999995,0.14619886512212282,-0.003280302865762841,0.24192246873804404,0.019554876430282975,5,233493.61780999997,86.90799999999999,0.21412556606237396,5,2687.2,2686.954983598486,0.03721684981573558,405.8740000000001,223,2688.4,2687.97,2688.1102101353617,1790817180,2026-10-01T01:13:00+00:00,2688.11,research_batch_v6,0.03720083566680117,B-ETH_USDT,93.73030000000001,136
16.956199999999995,13.451300000000003,VALIDATED_ABSOLUTE_UPDATES_WITH_GAP_GUARD,-0.10757328777291586,-0.5016535326572177,0.2464078133121062,-0.3106234896113255,0,2687.9,9424.304672999995,3.5048999999999957,0.11526432623530365,24,60,,0.000918932996019084,0.0008705681014917754,0.0016332452844227685,0.00010789091856100441,0.0011570370921538675,274.109,296.658,-0.3704359398009929,-0.4482894184281815,-0.2611260645173142,-0.38714511952247177,8,-60629.50853000008,-22.548999999999992,-0.039506488637219735,8,2686.5,2686.999008552908,0.03721620931438229,570.7669999999999,227,2688.46,2687.9,2688.382491732337,1790817240,2026-10-01T01:14:00+00:00,2688.4,research_batch_v6,0.037197053273245476,B-ETH_USDT,30.4075,112
84.10710000000007,69.4108,VALIDATED_ABSOLUTE_UPDATES_WITH_GAP_GUARD,-0.29570907564967663,-0.5086213016205859,-0.14757545501418018,-0.3951716662569814,0,2688.19,39465.816950000146,14.696300000000102,0.09573020475136838,24,60,,0.0007625949058658321,0.00129827132754734,0.0015772694638398477,0.00011903920481826091,0.0005803161234883003,594.1569999999999,752.391,-0.13192946340738262,-0.13680121743986487,-0.08221682782171953,-0.13879732169849646,18,-424870.43139000057,-158.234,-0.11751084996598707,18,2686.91,2685.68764944537,0.03930382589252049,1346.5480000000005,586,2688.19,2686.0,2686.9031235601583,1790817300,2026-10-01T01:15:00+00:00,2687.89,research_batch_v6,0.037217535321092336,B-ETH_USDT,153.51790000000005,615
26.80409999999999,7.8100000000000005,VALIDATED_ABSOLUTE_UPDATES_WITH_GAP_GUARD,-0.3344410954094871,-0.5108779109145413,-0.10749743478028696,-0.4450562581427427,0,2688.51,51058.97152799998,18.994099999999996,0.548738808751347,26,60,,0.0006434791018070651,0.0010117128074658144,0.0016886677006966444,0.0006918330227523306,0.00023433053996435582,608.6460000000001,290.19700000000006,-0.09000043762023169,-0.15832892213337108,-0.13358309088619785,-0.13730178307283902,9,855661.7973799999,318.449,0.3542876787158603,9,2687.27,2686.9808750220564,0.037216480344938685,898.843,269,2688.52,2688.19,2688.316278943779,1790817360,2026-10-01T01:16:00+00:00,2688.19,research_batch_v6,0.03719796882909205,B-ETH_USDT,34.61409999999999,144
106.395,6.709599999999999,VALIDATED_ABSOLUTE_UPDATES_WITH_GAP_GUARD,0.3863066985635783,0.3459323367588143,0.5248929077085496,0.3446806575880195,0,2690.37,268063.6641459999,99.68539999999999,0.8813558422911182,24,60,,0.0004869218731995417,0.0003456773603631724,0.0005798458948025331,-4.832049123359994e-05,0.0001003579433311863,1024.0990000000004,396.75500000000005,-0.2666170001547391,-0.0853155548209929,-0.11777010074217922,-0.19266922996483057,19,1686433.8725200002,627.3440000000002,0.44152601182106,19,2689.0,2688.4503628959096,0.03719614501259858,1420.8539999999996,569,2690.75,2688.51,2689.505562995017,1790817420,2026-10-01T01:17:00+00:00,2688.51,research_batch_v6,0.037181581534791695,B-ETH_USDT,113.10459999999998,321
22.751800000000006,15.453499999999998,VALIDATED_ABSOLUTE_UPDATES_WITH_GAP_GUARD,-0.3173369519173845,-0.32310300210083454,-0.06575990720744954,-0.31755993211813327,0,2690.24,19634.302295999994,7.298300000000003,0.1910284698719812,23,60,,0.0003679969073391298,0.0006802367075058324,0.0005166825264661945,0.0,0.0,395.77399999999994,648.4610000000001,-0.19900911120737697,-0.2605595312021806,-0.1996295683222117,-0.2071115221902293,18,-679589.4366299998,-252.68699999999993,-0.24198288699382797,18,2688.78,2689.1170305356773,0.03718691001668612,1044.235,542,2690.86,2690.0,2690.4928844849896,1790817480,2026-10-01T01:18:00+00:00,2690.37,research_batch_v6,0.03716788888963595,B-ETH_USDT,38.2053,320
26.2087,13.615899999999998,VALIDATED_ABSOLUTE_UPDATES_WITH_GAP_GUARD,-0.01616187318452347,-0.07318729977479742,0.14561951752530955,-0.03286685633783257,0,2690.24,33876.307292,12.592800000000002,0.3162065657909935,23,60,,0.00039401689068641055,0.0007620137980255404,0.0002862198168194219,0.0005352682288568555,6.31913881290469e-05,231.68600000000004,255.18500000000003,-0.3943049307902313,-0.2912101146832604,-0.3872733358968174,-0.29073878472751763,12,-63213.1574199999,-23.499000000000027,-0.04826535160237523,12,2688.77,2689.0202106160937,0.03718824676809033,486.8709999999999,390,2690.8,2690.0,2690.2561340635007,1790817540,2026-10-01T01:19:00+00:00,2690.25,research_batch_v6,0.03717117701765675,B-ETH_USDT,39.82460000000001,209
20.24289999999999,4.101100000000001,VALIDATED_ABSOLUTE_UPDATES_WITH_GAP_GUARD,0.3202255644756587,0.23658882352535296,0.4544778915393731,0.35955453124865955,0,2691.68,43432.95293100002,16.141799999999993,0.6630709825829773,24,60,,0.0001448909231409612,0.00027863639065572876,-0.0007170243119538622,-0.00016718183439334844,,727.7810000000001,198.54199999999997,0.1732667477911118,0.18410479580282949,0.19417057959317,0.1783214888142293,12,1423612.0312599996,529.239,0.5713331095093181,12,2690.34,2689.5159205239793,0.03718142578005042,926.3229999999999,464,2691.68,2690.41,2690.728182944118,1790817600,2026-10-01T01:20:00+00:00,2690.41,research_batch_v6,0.03716467790872411,B-ETH_USDT,24.34399999999999,181
23.8161,28.690099999999962,VALIDATED_ABSOLUTE_UPDATES_WITH_GAP_GUARD,-0.07473171237018472,-0.19426683792574648,-0.03342705072872111,-0.12068426467377238,0,2691.23,-13128.189857999996,-4.873999999999965,-0.09282713279574543,24,60,,0.00039387194702800166,0.0006762707015008917,-0.0007765965748004477,2.6010411596333327e-05,,219.44899999999998,475.7119999999999,-0.23438282145747386,-0.27877032512982663,-0.1765787382306599,-0.22299108394441308,10,-689376.2067,-256.263,-0.36863834421090946,10,2690.0,2690.187606148374,0.03717211061973792,695.1609999999998,446,2692.08,2690.69,2691.61752866581,1790817660,2026-10-01T01:21:00+00:00,2691.68,research_batch_v6,0.03715236830576236,B-ETH_USDT,52.50619999999996,255
33.4358,6.0862,VALIDATED_ABSOLUTE_UPDATES_WITH_GAP_GUARD,-0.5012539795999291,-0.5173591493117174,-0.2812111535015403,-0.5258736675078154,0,2691.3,73599.129794,27.349600000000002,0.6920095136885784,24,60,,0.0004198714375951429,0.00023408761565035796,-0.00024523464496728486,0.0002861070857949066,,112.43699999999998,356.4910000000001,-0.17847314161783792,-0.20719803341308504,-0.20894008466205322,-0.17981543820159265,13,-656448.3347799998,-244.05399999999997,-0.5204509007779444,13,2689.99,2689.648579394448,0.037179564087425954,468.92800000000005,359,2691.31,2690.8,2690.985746537587,1790817720,2026-10-01T01:22:00+00:00,2691.23,research_batch_v6,0.03716106798419372,B-ETH_USDT,39.522000000000006,147
28.4745,4.7456,VALIDATED_ABSOLUTE_UPDATES_WITH_GAP_GUARD,0.2766304291009638,0.2589175080118269,0.31933645149642825,0.29203288778243774,0,2692.07,63867.650099000006,23.7289,0.7142934548661807,24,60,,0.00036403213883740015,-0.00016344300111070797,-0.000679774300074043,8.172150055529848e-05,,629.4190000000002,284.747,0.1014118098312356,0.15989287780203718,0.04943231355182406,0.1330843737208212,13,927324.7921000002,344.67199999999997,0.3770343679375517,13,2690.9,2690.5965686951577,0.03716649015800584,914.1660000000003,342,2692.08,2691.3,2691.765461254206,1790817780,2026-10-01T01:23:00+00:00,2691.3,research_batch_v6,0.03715035752531891,B-ETH_USDT,33.22009999999999,172
35.5654,5.111,VALIDATED_ABSOLUTE_UPDATES_WITH_GAP_GUARD,-0.033908315738491866,-0.19312017436858428,-0.021552768101369052,-0.1392322142341918,0,2692.29,81981.698575,30.4544,0.7486994915970933,25,59,,-0.00013371516441396114,-0.000475431695693862,-0.0006982903030505749,5.200034171637391e-05,,147.914,237.509,0.3327414946059067,0.4217151298894823,0.2144117526075263,0.38517401436977844,8,-241040.80213000003,-89.59499999999998,-0.2324588828378171,8,2691.28,2690.7921085756493,0.03716380759649646,385.423,318,2692.29,2691.7,2692.0747123652295,1790817840,2026-10-01T01:24:00+00:00,2692.08,research_batch_v6,0.03714605836284926,B-ETH_USDT,40.676399999999994,119
12.2277,53.28620000000001,VALIDATED_ABSOLUTE_UPDATES_WITH_GAP_GUARD,0.5405265256350369,0.3983779446505204,0.5357623474289341,0.4632935450347404,0,2692.43,-110543.61077900002,-41.058499999999995,-0.6267143308519261,24,60,,-0.00029712935898040804,-0.0009953833525847555,,0.000230275253209955,,428.117,483.16800000000006,-0.1349765410141965,-0.032108392449201495,-0.1208833119673937,-0.0681652222714176,12,-148103.66211999973,-55.05100000000005,-0.06041029974157376,12,2691.17,2691.1548394580373,0.037158766491767845,911.2850000000001,379,2692.43,2692.28,2692.3493252230564,1790817900,2026-10-01T01:25:00+00:00,2692.29,research_batch_v6,0.03714231027483836,B-ETH_USDT,65.51389999999999,59
116.90399999999998,27.3213,VALIDATED_ABSOLUTE_UPDATES_WITH_GAP_GUARD,-0.2495435781952254,-0.2980740079788081,-0.1280292687437278,-0.23837060589344175,0,2693.05,241232.06181999997,89.58270000000002,0.6211302732599621,23,60,,-0.0007575054306455664,-0.001451885408737419,,-0.0004158853344722324,,286.91400000000004,330.51399999999995,0.22003150517872436,0.37620305274044175,0.08057725390564578,0.23356703791347666,10,-117336.15743000005,-43.60000000000001,-0.07061552116198165,10,2691.7,2691.4908810152638,0.03715415557628014,617.428,301,2693.16,2692.53,2692.902509629961,1790817960,2026-10-01T01:26:00+00:00,2693.15,research_batch_v6,0.037134632735899446,B-ETH_USDT,144.2253,259
26.7178,22.9397,VALIDATED_ABSOLUTE_UPDATES_WITH_GAP_GUARD,0.03513921065101369,0.013611993420172734,0.13679525964902256,0.02885617136056671,0,2691.93,10175.710581000014,3.778099999999999,0.07608316971253082,23,60,,-0.0008098278929986602,-0.0004792100834717372,,-0.00011144420545838862,,278.17600000000004,645.9009999999998,-0.12819167058171038,-0.15117425697237685,-0.1667106096946004,-0.1377656528324235,13,-989595.8913099999,-367.725,-0.3979376177526332,13,2690.5,2691.181936436408,0.037158384889236395,924.077,439,2693.16,2691.93,2692.6999013933005,1790818020,2026-10-01T01:27:00+00:00,2693.05,research_batch_v6,0.03713744870586832,B-ETH_USDT,49.6575,190
10.244,4.142200000000001,VALIDATED_ABSOLUTE_UPDATES_WITH_GAP_GUARD,-0.39934249947109773,-0.3918066318646697,-0.20858632720634404,-0.4113766352160814,0,2691.63,16423.765460999995,6.101799999999999,0.42414258108465047,25,60,,-0.0009250900012260921,-0.0005164157034958095,,-0.00023034369508434516,,193.731,561.282,-0.11279997383609257,-0.16269955691742022,-0.045364771966256816,-0.18156728747937212,15,-988836.51434,-367.55100000000004,-0.48681413432616394,15,2690.07,2690.262186502215,0.03717108711449406,755.013,365,2691.94,2691.61,2691.7357076335074,1790818080,2026-10-01T01:28:00+00:00,2691.93,research_batch_v6,0.037150722909111776,B-ETH_USDT,14.3862,276
1.6575,8.496700000000002,VALIDATED_ABSOLUTE_UPDATES_WITH_GAP_GUARD,-0.6135011499254224,-0.6986311048216619,-0.41517100786628247,-0.6244864111018332,0,2691.01,-18406.840244000003,-6.839199999999999,-0.6735341041145535,24,60,,-0.00013749484394343092,-0.00022296461180015825,,-0.0004682256847801103,,21.63,170.75799999999998,-0.5903359572019936,-0.6007363674515447,-0.525327222036535,-0.5862861702955876,6,-401146.41010000015,-149.12799999999996,-0.7751419007422499,6,2689.58,2689.7419963181633,0.037178245649103735,192.38799999999998,167,2691.64,2691.01,2691.3935068444757,1790818140,2026-10-01T01:29:00+00:00,2691.64,research_batch_v6,0.03715542540847596,B-ETH_USDT,10.1542,89
6.897400000000004,92.91779999999999,VALIDATED_ABSOLUTE_UPDATES_WITH_GAP_GUARD,-0.08959871352571414,-0.1462118158314013,-0.10560661469248485,-0.10007759992105614,0,2689.75,-231405.36891199998,-86.02040000000002,-0.8617966001170164,24,60,,0.00018217306441115078,,,-0.00022678687610377946,,550.8019999999999,768.73,-0.1676597804147103,-0.21311186306713306,-0.2244674738783349,-0.1835202115123029,19,-585955.9383700001,-217.92799999999997,-0.16515552483759396,19,2687.96,2689.009723914369,0.037188398373064716,1319.5319999999995,601,2691.05,2689.75,2690.424102274253,1790818200,2026-10-01T01:30:00+00:00,2691.01,research_batch_v6,0.037168852561366546,B-ETH_USDT,99.8152,258
42.44910000000001,303.466,VALIDATED_ABSOLUTE_UPDATES_WITH_GAP_GUARD,0.11881252296640725,0.15865094119488857,0.06859907062997864,0.13588712675402512,0,2689.14,-701854.8996040002,-261.0169,-0.7545692570228941,24,60,,0.00047226994503812847,,,0.0005577991476828359,,280.939,512.3510000000001,0.2035606953315747,0.2371558287439991,0.1491378805343946,0.22902137460119454,24,-621878.6716800001,-231.4119999999998,-0.29171173215343665,24,2687.61,2687.146185779144,0.0372142191099683,793.2900000000001,653,2689.75,2688.04,2688.6091265880386,1790818260,2026-10-01T01:31:00+00:00,2689.75,research_batch_v6,0.037193964953821476,B-ETH_USDT,345.9150999999999,487
23.764200000000006,26.0977,VALIDATED_ABSOLUTE_UPDATES_WITH_GAP_GUARD,0.38889002221588803,0.363126637009595,0.3996604121134516,0.36714745306323143,0,2690.64,-6287.765204,-2.3334999999999924,-0.046799259554890456,24,60,,,,,-0.00014866351500020247,,268.881,545.9879999999998,0.2676687019267302,0.30660820587593596,0.2866023882476039,0.31138949164565455,16,-745149.2214400002,-277.10699999999986,-0.3400632494302764,16,2689.2,2688.8577830410295,0.03719053556449672,814.8689999999999,597,2691.05,2689.14,2690.0069822998516,1790818320,2026-10-01T01:32:00+00:00,2689.14,research_batch_v6,0.03717465217602493,B-ETH_USDT,49.8619,313
4.9232000000000005,21.564300000000003,VALIDATED_ABSOLUTE_UPDATES_WITH_GAP_GUARD,0.05280733251026522,0.012903824560418503,0.06481577781295618,0.0694283585153148,0,2690.24,-44776.04093199999,-16.64110000000001,-0.6282623879188297,24,60,,,,,6.31913881290469e-05,,194.30499999999998,311.03,-0.017952467617993392,-0.0015247366909238284,-0.07544656278386142,0.0056804968935373215,17,-313838.2794399999,-116.72500000000005,-0.23098538593210455,17,2689.02,2689.267933552787,0.03718484143801826,505.335,520,2691.05,2690.24,2690.722397852456,1790818380,2026-10-01T01:33:00+00:00,2690.64,research_batch_v6,0.037164742097747075,B-ETH_USDT,26.48750000000001,166
8.4667,0.0,VALIDATED_ABSOLUTE_UPDATES_WITH_GAP_GUARD,0.7580158261210383,0.7281381914733995,0.7839073536071306,0.7920050667538387,0,2690.41,22777.92442,8.4667,1.0,3,7,,,,,,,13.594,3.37,0.6842288637244357,0.6732178054258817,0.37841682167159485,0.6706068054927146,3,27493.903360000004,10.224000000000002,0.6026880452723418,3,2689.36,2689.248366089027,0.037185157969570753,16.963999999999995,66,2690.41,2690.25,2690.282926405243,1790818440,2026-10-01T01:34:00+00:00,2690.25,research_batch_v6,0.03717086198912484,B-ETH_USDT,8.4667,18
469.9369999999999,657.0189999999999,VALIDATED_ABSOLUTE_UPDATES_WITH_GAP_GUARD,,,,,0,118.04,-22088.70149,-187.08199999999994,-0.16600648117583994,0,0,-0.0003388681802779514,-0.0003388681802779514,-0.0005083022704168716,-0.0009318874957641166,-0.0001694340901390312,-0.0006777363605559028,4664.410000000001,7982.3200000000015,,,,,0,-391609.0161,-3317.9099999999994,-0.2623531932760483,0,117.97,,,12646.730000000005,221,118.14,118.04,,1790812800,2026-10-01T00:00:00+00:00,118.09,research_batch_v6,,B-SOL_USDT,1126.9560000000004,145
114.785,765.0629999999999,VALIDATED_ABSOLUTE_UPDATES_WITH_GAP_GUARD,,,,,0,118.02,-76745.49943999997,-650.2779999999999,-0.7390799319882523,0,0,0.0005931198102018254,-0.0001694628029147438,0.0002541942043721157,0.0,-0.0005931198102016033,-0.0009320454160312019,1720.7899999999997,2845.26,,,,,0,-132626.4675,-1124.47,-0.2462675616780367,0,117.95,,,4566.050000000002,178,118.05,118.0,,1790812860,2026-10-01T00:01:00+00:00,118.04,research_batch_v6,,B-SOL_USDT,879.8480000000002,100
106.391,2583.042999999999,VALIDATED_ABSOLUTE_UPDATES_WITH_GAP_GUARD,,,,,0,117.95,-292237.45349,-2476.6519999999996,-0.9208822376752879,0,0,0.0005934718100890635,0.00025434506146670977,0.001186943620178127,0.001186943620178127,0.0004239084357777756,-0.00016956337431106583,4123.39,6623.91,,,,,0,-294822.8029,-2500.5199999999986,-0.23266494840564592,0,117.88,,,10747.300000000001,193,118.03,117.94,,1790812920,2026-10-01T00:02:00+00:00,118.03,research_batch_v6,,B-SOL_USDT,2689.4339999999993,102
106.443,457.886,VALIDATED_ABSOLUTE_UPDATES_WITH_GAP_GUARD,,,,,0,118.0,-41468.03809,-351.44300000000004,-0.6227626083366263,0,0,-8.474576271189083e-05,0.0004237288135593431,0.0003389830508475633,0.000932203389830466,0.0,-0.0004237288135593431,2130.599999999999,3221.1099999999997,,,,,0,-128570.94920000005,-1090.5100000000002,-0.20376851511012375,0,117.94,,,5351.709999999999,224,118.01,117.95,,1790812980,2026-10-01T00:03:00+00:00,117.95,research_batch_v6,,B-SOL_USDT,564.3290000000001,70
157.524,667.3640000000003,VALIDATED_ABSOLUTE_UPDATES_WITH_GAP_GUARD,,,,,0,118.0,-60159.09984999999,-509.8400000000002,-0.6180717867152878,0,0,-0.0005084745762712339,0.0007627118644069064,-0.0004237288135593431,0.00025423728813556146,-0.00016949152542367063,-0.00016949152542367063,3572.0600000000004,5331.08,,,,,0,-207420.86720000007,-1759.019999999999,-0.19757299110201557,0,117.92,,,8903.140000000001,202,118.01,117.97,,1790813040,2026-10-01T00:04:00+00:00,118.0,research_batch_v6,,B-SOL_USDT,824.8879999999998,84
303.5519999999999,501.63899999999995,VALIDATED_ABSOLUTE_UPDATES_WITH_GAP_GUARD,,,,,0,117.98,-23363.363500000007,-198.087,-0.24601243680070936,0,0,-0.00016952025767091872,0.0005085607730124231,-0.0004238006441769082,-0.00016952025767091872,0.0005933209018476049,0.0009323614171894423,1741.6200000000001,3385.0900000000006,,,,,0,-193754.36829999997,-1643.4699999999998,-0.3205701122162167,0,117.91,,,5126.709999999999,167,118.0,117.95,,1790813100,2026-10-01T00:05:00+00:00,118.0,research_batch_v6,,B-SOL_USDT,805.191,80
257.909,270.78200000000004,VALIDATED_ABSOLUTE_UPDATES_WITH_GAP_GUARD,,,,,0,118.05,-1517.8871899999988,-12.872999999999976,-0.024348816227248007,0,0,-0.00016941973739936778,-0.0008470986869969499,-0.0002541296060991627,-0.0011859381617959075,0.0003388394747989576,0.0005082592121983254,3774.0399999999986,1575.06,,,,,0,259355.39189999996,2198.9800000000005,0.4110934549737339,0,117.98,,,5349.100000000001,150,118.05,117.97,,1790813160,2026-10-01T00:06:00+00:00,117.97,research_batch_v6,,B-SOL_USDT,528.691,87
191.20999999999998,224.701,VALIDATED_ABSOLUTE_UPDATES_WITH_GAP_GUARD,,,,,0,118.09,-3950.1873499999992,-33.491,-0.08052443912279311,0,0,-0.0008468117537472342,-0.0013548988059953748,0.0,-0.0013548988059953748,-0.00042340587687350606,8.468117537474562e-05,1442.43,1781.83,,,,,0,-40031.373699999975,-339.3999999999997,-0.10526446378393789,0,118.04,,,3224.260000000001,142,118.09,118.04,,1790813220,2026-10-01T00:07:00+00:00,118.05,research_batch_v6,,B-SOL_USDT,415.91099999999994,55
105.644,620.9879999999999,VALIDATED_ABSOLUTE_UPDATES_WITH_GAP_GUARD,,,,,0,118.04,-60851.37813999999,-515.344,-0.7092228253090975,0,0,-0.0002541511352084358,-0.0001694340901390312,0.0005930193154861652,-0.0007624534056251964,-0.0007624534056251964,0.0005930193154861652,900.4800000000001,4157.740000000001,,,,,0,-384430.48810000025,-3257.260000000001,-0.6439538019303231,0,117.97,,,5058.220000000003,131,118.12,118.04,,1790813280,2026-10-01T00:08:00+00:00,118.09,research_batch_v6,,B-SOL_USDT,726.6319999999998,68
177.851,650.684,VALIDATED_ABSOLUTE_UPDATES_WITH_GAP_GUARD,,,,,0,117.95,-55791.083379999975,-472.83299999999974,-0.5706856077293047,0,0,0.001186943620178127,0.001186943620178127,0.0006782534972444854,0.00025434506146670977,-0.00016956337431106583,0.0019499788045782562,1344.97,3726.09,,,,,0,-280795.6263999999,-2381.12,-0.4695507448146935,0,117.89,,,5071.06,125,118.0,117.95,,1790813340,2026-10-01T00:09:00+00:00,117.99,research_batch_v6,,B-SOL_USDT,828.5350000000005,94
925.9849999999999,895.6619999999999,VALIDATED_ABSOLUTE_UPDATES_WITH_GAP_GUARD,,,,,0,117.93,3568.5214599999845,30.323000000000018,0.016645925363146657,0,0,0.0016959213092511138,0.001526329178326069,0.0002543881963876782,0.0013567370474010243,0.0007631645891630345,0.0024590858984141484,1589.13,3429.8599999999997,,,,,0,-216934.446,-1840.7300000000005,-0.3667530718331776,0,117.87,,,5018.990000000001,120,117.98,117.92,,1790813400,2026-10-01T00:10:00+00:00,117.95,research_batch_v6,,B-SOL_USDT,1821.647,94
424.489,648.0249999999999,VALIDATED_ABSOLUTE_UPDATES_WITH_GAP_GUARD,,,,,0,118.02,-26379.036830000005,-223.536,-0.20842245415910662,0,0,0.0001694628029147438,8.47314014573719e-05,-0.0009320454160312019,0.0007625826131163471,0.0005931198102018254,0.0014404338247755444,5181.2599999999975,4214.219999999999,,,,,0,113950.04249999986,967.0400000000009,0.10292608786352596,0,117.95,,,9395.48,150,118.03,117.92,,1790813460,2026-10-01T00:11:00+00:00,117.93,research_batch_v6,,B-SOL_USDT,1072.5139999999997,72
680.8610000000001,602.795,VALIDATED_ABSOLUTE_UPDATES_WITH_GAP_GUARD,,,,,0,118.09,9229.100819999992,78.06600000000006,0.060815358631907665,0,0,-0.00016936235074949124,-0.00110085527987136,-0.0013548988059953748,8.468117537474562e-05,0.00016936235074949124,0.0009314929291217577,3666.280000000001,2564.79,,,,,0,129980.11890000006,1101.49,0.17677381252337082,0,118.04,,,6231.069999999999,144,118.13,118.02,,1790813520,2026-10-01T00:12:00+00:00,118.02,research_batch_v6,,B-SOL_USDT,1283.656,96
755.288,1208.4609999999998,VALIDATED_ABSOLUTE_UPDATES_WITH_GAP_GUARD,,,,,0,118.11,-53522.23206000001,-453.17300000000006,-0.23076930911231539,0,0,0.0,-0.0016933367200068217,-0.0013546693760053685,0.0,-0.0006773346880026843,0.0005926678520025153,947.81,1476.22,,,,,0,-62363.998100000026,-528.4100000000001,-0.21798822621832245,0,118.04,,,2424.0299999999997,90,118.11,118.09,,1790813580,2026-10-01T00:13:00+00:00,118.09,research_batch_v6,,B-SOL_USDT,1963.7489999999993,68
66.84100000000001,480.288,VALIDATED_ABSOLUTE_UPDATES_WITH_GAP_GUARD,,,,,0,118.03,-48815.559330000004,-413.447,-0.7556663967729732,0,0,0.0008472422265524138,-0.0008472422265525248,-0.0004236211132762069,0.0012708633398288427,-0.0005930695585868451,0.0006777937812421087,454.1299999999998,4108.969999999998,,,,,0,-431276.7634999999,-3654.84,-0.8009554907847737,0,117.95,,,4563.099999999999,112,118.1,118.02,,1790813640,2026-10-01T00:14:00+00:00,118.1,research_batch_v6,,B-SOL_USDT,547.1289999999999,71
219.95999999999998,695.5759999999999,VALIDATED_ABSOLUTE_UPDATES_WITH_GAP_GUARD,,,,,0,117.96,-56114.57805,-475.6159999999999,-0.519494591146607,0,0,0.0012716174974567451,-8.477449983035346e-05,0.0011020684977960382,0.0022041369955918544,-0.00042387249915221137,0.0003390979993218579,1619.7000000000012,4856.11,,,,,0,-381664.3650999999,-3236.4099999999994,-0.4997691408487894,0,117.9,,,6475.810000000001,103,118.03,117.96,,1790813700,2026-10-01T00:15:00+00:00,118.03,research_batch_v6,,B-SOL_USDT,915.5359999999998,55
1992.924,1096.973,VALIDATED_ABSOLUTE_UPDATES_WITH_GAP_GUARD,,,,,0,117.91,105692.24186,895.9510000000005,0.2899614453167858,0,0,0.0015265880756509809,0.000593673140530937,0.0016962089729455343,0.002374692562123748,0.00016962089729455343,0.0015265880756509809,5903.7,8984.500000000002,,,,,0,-363053.87090000015,-3080.7999999999997,-0.20692897731089044,0,117.84,,,14888.200000000003,125,118.04,117.91,,1790813760,2026-10-01T00:16:00+00:00,117.96,research_batch_v6,,B-SOL_USDT,3089.897,142
853.616,1855.3549999999996,VALIDATED_ABSOLUTE_UPDATES_WITH_GAP_GUARD,,,,,0,117.93,-118138.22078999998,-1001.739,-0.36978579689483587,0,0,0.0009327567200880793,0.0013567370474010243,0.0014415331128634357,0.0022894937674891036,0.00016959213092504477,0.0007631645891630345,8345.539999999999,4654.5,,,,,0,434929.45460000006,3691.0399999999995,0.283925280229907,0,117.85,,,13000.039999999999,131,117.99,117.91,,1790813820,2026-10-01T00:17:00+00:00,117.91,research_batch_v6,,B-SOL_USDT,2708.970999999999,124
276.25299999999993,1945.3979999999995,VALIDATED_ABSOLUTE_UPDATES_WITH_GAP_GUARD,,,,,0,117.95,-196836.80416000006,-1669.145,-0.7513083738174899,0,0,0.0012717253073335488,0.0013565069944891928,0.0013565069944891928,0.0019499788045782562,0.00025434506146670977,0.00033912674862213166,3875.9500000000003,5294.639999999999,,,,,0,-167255.35790000003,-1418.6899999999998,-0.154699970230923,0,117.88,,,9170.589999999998,99,117.99,117.9,,1790813880,2026-10-01T00:18:00+00:00,117.92,research_batch_v6,,B-SOL_USDT,2221.6509999999994,91
114.88499999999999,186.728,VALIDATED_ABSOLUTE_UPDATES_WITH_GAP_GUARD,,,,,0,117.98,-8472.536459999996,-71.84300000000003,-0.23819596635423546,0,0,0.0010171215460246241,0.0010171215460246241,0.001695202576707855,0.001101881674860028,0.0009323614171894423,-0.0003390405153416154,1182.9200000000003,3009.1900000000005,,,,,0,-215316.70889999994,-1826.2700000000002,-0.43564457993707223,0,117.92,,,4192.110000000001,89,117.98,117.94,,1790813940,2026-10-01T00:19:00+00:00,117.95,research_batch_v6,,B-SOL_USDT,301.61300000000006,66
542.936,126.82600000000001,VALIDATED_ABSOLUTE_UPDATES_WITH_GAP_GUARD,,,,,0,118.09,49123.101650000004,416.11,0.6212803951254325,0,0,-0.00042340587687350606,0.00016936235074949124,0.001100855279871249,-0.0007621305783724885,0.00016936235074949124,-0.00110085527987136,4042.7899999999995,1253.2800000000002,,,,,0,329156.9855,2789.5099999999998,0.5267132043194291,0,118.02,,,5296.0700000000015,88,118.1,117.97,,1790814000,2026-10-01T00:20:00+00:00,117.98,research_batch_v6,,B-SOL_USDT,669.7620000000001,104
47.902,253.99800000000002,VALIDATED_ABSOLUTE_UPDATES_WITH_GAP_GUARD,,,,,0,118.11,-24341.079239999995,-206.096,-0.68266313348791,0,0,-0.0006773346880026843,0.0005926678520025153,0.0006773346880026843,-0.00016933367200067106,-8.466683600039104e-05,-0.0006773346880026843,2154.2700000000004,1858.02,,,,,0,34980.53460000006,296.2500000000001,0.07383563999611195,0,118.06,,,4012.290000000001,124,118.13,118.07,,1790814060,2026-10-01T00:21:00+00:00,118.12,research_batch_v6,,B-SOL_USDT,301.9,71
423.60900000000004,421.3,VALIDATED_ABSOLUTE_UPDATES_WITH_GAP_GUARD,,,,,0,118.1,280.60767999999484,2.3090000000000757,0.0027328386844027884,0,0,-0.000677392040643543,0.0010160880609653145,0.0008467400508045397,-0.000677392040643543,8.467400508038736e-05,-0.0009314140558848161,2396.36,4543.59,,,,,0,-253460.01329999993,-2147.2299999999996,-0.3094013645631452,0,118.04,,,6939.95,116,118.14,118.07,,1790814120,2026-10-01T00:22:00+00:00,118.11,research_batch_v6,,B-SOL_USDT,844.909,82
248.29799999999997,416.7750000000001,VALIDATED_ABSOLUTE_UPDATES_WITH_GAP_GUARD,,,,,0,118.11,-19900.987439999997,-168.47699999999995,-0.2533210640035003,0,0,-0.0008466683600033553,0.0006773346880026843,0.0005926678520025153,-0.0010160020320041374,0.0005926678520025153,-0.0008466683600033553,2170.8400000000006,1608.3000000000002,,,,,0,66407.32150000003,562.5400000000003,0.14885397206771922,0,118.04,,,3779.139999999999,116,118.12,118.08,,1790814180,2026-10-01T00:23:00+00:00,118.1,research_batch_v6,,B-SOL_USDT,665.073,55
299.116,299.2170000000001,VALIDATED_ABSOLUTE_UPDATES_WITH_GAP_GUARD,,,,,0,118.18,-16.47839000000627,-0.10099999999999221,-0.0001688023224525343,0,0,-0.0018615671010324686,0.0001692333728211537,-0.0005923168048740379,-0.0020308004738535113,0.00033846674564208534,-0.0007615501776950806,4548.119999999999,2791.2799999999997,,,,,0,207545.7913,1756.8400000000001,0.23937106575469388,0,118.11,,,7339.4,121,118.18,118.09,,1790814240,2026-10-01T00:24:00+00:00,118.1,research_batch_v6,,B-SOL_USDT,598.333,77
263.9839999999999,290.6,VALIDATED_ABSOLUTE_UPDATES_WITH_GAP_GUARD,,,,,0,118.22,-3140.6356300000034,-26.616000000000007,-0.047992729685674314,0,0,-0.0016917611233293606,-0.0003383522246658277,-0.0018609372356622744,-0.002199289460328213,-0.0002537641684994263,-0.0007612925054982789,2046.55,727.21,,,,,0,155876.5149,1319.3399999999992,0.4756503807106597,0,118.17,,,2773.7599999999998,124,118.23,118.17,,1790814300,2026-10-01T00:25:00+00:00,118.18,research_batch_v6,,B-SOL_USDT,554.5840000000001,64
471.626,800.4089999999998,VALIDATED_ABSOLUTE_UPDATES_WITH_GAP_GUARD,,,,,0,118.19,-38869.056590000015,-328.7830000000001,-0.25847008926641174,0,0,-0.0015229714865893085,-0.0006768762162618902,-0.0008460952703274183,-0.0013537524325238914,8.460952703281954e-05,-0.001269142905491072,4360.19,4116.919999999999,,,,,0,28720.179899999934,243.27000000000004,0.028697280087199524,0,118.13,,,8477.110000000002,122,118.25,118.18,,1790814360,2026-10-01T00:26:00+00:00,118.22,research_batch_v6,,B-SOL_USDT,1272.035,82
186.54800000000003,236.41899999999998,VALIDATED_ABSOLUTE_UPDATES_WITH_GAP_GUARD,,,,,0,118.2,-5892.402000000003,-49.871,-0.1179075436145137,0,0,-0.0017766497461929598,-0.0016920473773266442,-0.0015228426395940131,-0.0017766497461929598,-0.00016920473773263112,-0.0010998307952623243,722.3699999999995,1270.0299999999995,,,,,0,-64705.25940000005,-547.66,-0.2748745231881148,0,118.13,,,1992.4,101,118.22,118.19,,1790814420,2026-10-01T00:27:00+00:00,118.19,research_batch_v6,,B-SOL_USDT,422.9669999999999,46
582.2139999999998,393.0920000000001,VALIDATED_ABSOLUTE_UPDATES_WITH_GAP_GUARD,,,,,0,118.18,22354.463459999977,189.12199999999996,0.19391042401051564,0,0,-0.0013538669825690075,-0.0007615501776950806,-0.001607717041800738,-0.0014384836689795844,-0.0005923168048740379,-0.0005923168048740379,6223.9900000000025,1849.65,,,,,0,516800.07489999995,4374.34,0.5418051832878353,0,118.12,,,8073.640000000003,97,118.21,118.17,,1790814480,2026-10-01T00:28:00+00:00,118.19,research_batch_v6,,B-SOL_USDT,975.3059999999999,71
315.251,747.5319999999999,VALIDATED_ABSOLUTE_UPDATES_WITH_GAP_GUARD,,,,,0,118.11,-51073.318680000004,-432.281,-0.40674436832354305,0,0,-0.0009313351960037464,-0.0007620015240030753,-0.0014393362120057596,-0.00016933367200067106,-0.0009313351960037464,0.00016933367200056004,1728.6100000000006,2709.850000000001,,,,,0,-115846.00850000003,-981.24,-0.22107667974928233,0,118.04,,,4438.460000000002,95,118.22,118.11,,1790814540,2026-10-01T00:29:00+00:00,118.18,research_batch_v6,,B-SOL_USDT,1062.783,97
476.29,2281.505,VALIDATED_ABSOLUTE_UPDATES_WITH_GAP_GUARD,,,,,0,118.0,-213089.37888,-1805.2150000000006,-0.6545863633808896,0,0,0.00016949152542378165,-8.474576271189083e-05,-0.0003389830508475633,0.0011016949152542477,0.0007627118644069064,0.000932203389830466,1596.27,3360.2700000000004,,,,,0,-208146.96730000002,-1764.0,-0.35589342565580034,0,117.94,,,4956.539999999998,118,118.12,117.97,,1790814600,2026-10-01T00:30:00+00:00,118.11,research_batch_v6,,B-SOL_USDT,2757.795,117
645.2260000000001,496.15400000000017,VALIDATED_ABSOLUTE_UPDATES_WITH_GAP_GUARD,,,,,0,118.09,17590.248269999996,149.07199999999997,0.13060680930102161,0,0,-0.0005927682276231083,-0.0012702176306207402,-0.0005080870522482517,-0.00042340587687350606,-0.0005927682276231083,0.0,2566.01,1645.7799999999995,,,,,0,108525.78069999994,920.2300000000001,0.21848905097357668,0,118.02,,,4211.789999999998,116,118.09,117.96,,1790814660,2026-10-01T00:31:00+00:00,118.0,research_batch_v6,,B-SOL_USDT,1141.3799999999994,114
90.34300000000002,464.601,VALIDATED_ABSOLUTE_UPDATES_WITH_GAP_GUARD,,,,,0,118.02,-44185.05254000001,-374.25800000000004,-0.6744067869911199,0,0,0.0005931198102018254,-0.0005083884087443424,-0.0002541942043721157,0.0004236570072868595,-0.0002541942043721157,0.0001694628029147438,944.9600000000003,2163.2200000000007,,,,,0,-143748.30090000003,-1218.26,-0.3919528470037129,0,117.95,,,3108.179999999999,103,118.09,118.02,,1790814720,2026-10-01T00:32:00+00:00,118.09,research_batch_v6,,B-SOL_USDT,554.944,73
26.0,296.67300000000006,VALIDATED_ABSOLUTE_UPDATES_WITH_GAP_GUARD,,,,,0,117.99,-31936.294509999996,-270.67300000000006,-0.8388461383505903,0,0,8.475294516485654e-05,0.00033901178065942617,0.00016950589032971308,0.0010170353419782785,-0.0004237647258241717,0.0009322823968131999,610.6899999999999,1013.4100000000001,,,,,0,-47502.76609999998,-402.71999999999963,-0.24796502678406482,0,117.93,,,1624.1,68,118.02,117.98,,1790814780,2026-10-01T00:33:00+00:00,118.02,research_batch_v6,,B-SOL_USDT,322.67300000000006,46
402.617,811.9010000000001,VALIDATED_ABSOLUTE_UPDATES_WITH_GAP_GUARD,,,,,0,117.94,-48270.85374,-409.28400000000005,-0.33699294699625704,0,0,0.0005935221298967175,0.000423944378497465,0.0012718331354926171,0.001610988638290678,0.00016957775139903042,0.0013566220111920213,2668.9500000000007,2152.0000000000005,,,,,0,60997.1782,516.9499999999998,0.10722990281998351,0,117.88,,,4820.950000000003,90,118.02,117.93,,1790814840,2026-10-01T00:34:00+00:00,117.98,research_batch_v6,,B-SOL_USDT,1214.5179999999998,94
376.0210000000001,392.70000000000016,VALIDATED_ABSOLUTE_UPDATES_WITH_GAP_GUARD,,,,,0,117.96,-1966.886449999998,-16.679000000000034,-0.021697078654024062,0,0,0.0007629704984741803,0.0004238724991523224,0.001441166497117674,0.0012716174974567451,0.0005934214988132513,0.0006781959986437158,1632.4900000000002,1157.0499999999997,,,,,0,56043.69069999998,475.44,0.17043670282555548,0,117.89,,,2789.54,94,117.96,117.91,,1790814900,2026-10-01T00:35:00+00:00,117.94,research_batch_v6,,B-SOL_USDT,768.7210000000001,71
411.494,228.52800000000002,VALIDATED_ABSOLUTE_UPDATES_WITH_GAP_GUARD,,,,,0,118.03,21588.955180000004,182.96600000000004,0.28587454806241047,0,0,0.0004236211132762069,0.0005083453359315815,8.47242226553746e-05,0.0005083453359315815,-0.0003388968906210543,0.0,2349.5399999999995,918.9499999999998,,,,,0,168701.08340000003,1430.5900000000004,0.43769141101854375,0,117.97,,,3268.4900000000007,99,118.03,117.94,,1790814960,2026-10-01T00:36:00+00:00,117.96,research_batch_v6,,B-SOL_USDT,640.0219999999998,57
37.781000000000006,370.4260000000001,VALIDATED_ABSOLUTE_UPDATES_WITH_GAP_GUARD,,,,,0,117.99,-39253.403640000004,-332.6450000000001,-0.8148929342220982,0,0,0.0004237647258242827,0.0011865412323077695,0.0006780235613188523,0.0004237647258242827,0.00016950589032971308,0.0002542588354945696,1894.44,626.2300000000001,,,,,0,149541.86969999998,1268.2099999999996,0.5031241693676679,0,117.93,,,2520.67,94,118.05,117.98,,1790815020,2026-10-01T00:37:00+00:00,118.04,research_batch_v6,,B-SOL_USDT,408.20700000000005,49
115.58200000000001,459.27900000000005,VALIDATED_ABSOLUTE_UPDATES_WITH_GAP_GUARD,,,,,0,118.01,-40545.38662999999,-343.6970000000001,-0.5978784436585542,0,0,0.0007626472332851186,0.0002542157444285209,0.0008473858147615143,0.0007626472332851186,0.000677908651809167,0.0,1412.8600000000001,582.73,,,,,0,97863.4643,830.1299999999999,0.41598224084105445,0,117.95,,,1995.5900000000001,85,118.01,117.94,,1790815080,2026-10-01T00:38:00+00:00,117.99,research_batch_v6,,B-SOL_USDT,574.861,81
353.10499999999996,267.869,VALIDATED_ABSOLUTE_UPDATES_WITH_GAP_GUARD,,,,,0,118.09,10058.484469999996,85.23599999999999,0.13726178551759016,0,0,-0.00042340587687350606,-0.00016936235074949124,0.00033872470149876044,8.468117537474562e-05,0.00033872470149876044,-0.00110085527987136,4306.779999999999,1591.4,,,,,0,320448.985,2715.38,0.4603759125696403,0,118.03,,,5898.1799999999985,99,118.11,118.0,,1790815140,2026-10-01T00:39:00+00:00,118.01,research_batch_v6,,B-SOL_USDT,620.9739999999997,105
395.93400000000014,391.254,VALIDATED_ABSOLUTE_UPDATES_WITH_GAP_GUARD,,,,,0,118.13,550.7765699999843,4.680000000000041,0.005945212579460104,0,0,-0.0005925675103698458,-0.00016930500296274964,-0.00016930500296274964,-0.0007618725133327064,-0.0007618725133327064,-0.0009311775162955671,10059.570000000005,606.41,,,,,0,1115953.9201000002,9453.160000000003,0.8862908049705699,0,118.06,,,10665.980000000005,84,118.13,118.07,,1790815200,2026-10-01T00:40:00+00:00,118.1,research_batch_v6,,B-SOL_USDT,787.188,78
164.148,439.45400000000006,VALIDATED_ABSOLUTE_UPDATES_WITH_GAP_GUARD,,,,,0,118.04,-32510.38156,-275.306,-0.45610518189137883,0,0,8.471704506929356e-05,0.0007624534056251964,0.000423585225347356,-8.47170450695156e-05,0.0002541511352083248,-0.0002541511352084358,1290.5600000000002,2094.0699999999997,,,,,0,-94809.69210000001,-803.5100000000001,-0.2373996566833007,0,117.98,,,3384.63,81,118.14,118.04,,1790815260,2026-10-01T00:41:00+00:00,118.12,research_batch_v6,,B-SOL_USDT,603.6019999999999,67
104.61399999999999,343.11600000000004,VALIDATED_ABSOLUTE_UPDATES_WITH_GAP_GUARD,,,,,0,118.07,-28157.608859999997,-238.50199999999998,-0.5326915775132334,0,0,8.469551960699206e-05,0.0003387820784281903,-0.0002540865588209762,-0.00042347759803507135,0.0003387820784281903,-0.0006775641568560475,1566.0900000000006,537.31,,,,,0,121386.76999999999,1028.7800000000007,0.48910335647047654,0,118.02,,,2103.4000000000005,93,118.09,118.03,,1790815320,2026-10-01T00:42:00+00:00,118.04,research_batch_v6,,B-SOL_USDT,447.73,51
150.80900000000003,582.7850000000001,VALIDATED_ABSOLUTE_UPDATES_WITH_GAP_GUARD,,,,,0,118.11,-51001.92115999999,-431.9760000000001,-0.5888488728097558,0,0,-0.00033866734400145315,-0.00016933367200067106,-8.466683600039104e-05,-0.0008466683600033553,0.00016933367200056004,-0.0007620015240030753,1725.29,670.4400000000002,,,,,0,124532.70689999999,1054.85,0.4403042079032279,0,118.05,,,2395.7299999999996,91,118.11,118.05,,1790815380,2026-10-01T00:43:00+00:00,118.07,research_batch_v6,,B-SOL_USDT,733.5940000000002,63
1418.5959999999998,558.274,VALIDATED_ABSOLUTE_UPDATES_WITH_GAP_GUARD,,,,,0,118.13,101653.16671999998,860.3220000000001,0.43519401882774295,0,0,-0.0005925675103698458,-0.0007618725133327064,-0.0002539575044442355,-0.001439092525184149,-0.00016930500296274964,-0.0011004825192584278,1186.32,292.80999999999995,,,,,0,105506.18009999998,893.5100000000001,0.604078072921244,0,118.09,,,1479.1300000000006,96,118.16,118.1,,1790815440,2026-10-01T00:44:00+00:00,118.1,research_batch_v6,,B-SOL_USDT,1976.87,87
208.935,261.022,VALIDATED_ABSOLUTE_UPDATES_WITH_GAP_GUARD,,,,,0,118.11,-6153.047209999995,-52.087,-0.11083354434554649,0,0,-0.00033866734400145315,-8.466683600039104e-05,-0.0005926678520022932,-0.0007620015240030753,-0.00016933367200067106,-0.0007620015240030753,2236.2600000000007,2715.06,,,,,0,-56536.2136,-478.79999999999995,-0.09670148566442889,0,118.04,,,4951.319999999999,113,118.18,118.1,,1790815500,2026-10-01T00:45:00+00:00,118.13,research_batch_v6,,B-SOL_USDT,469.9570000000001,75
322.73900000000003,634.935,VALIDATED_ABSOLUTE_UPDATES_WITH_GAP_GUARD,,,,,0,118.09,-36871.31682,-312.196,-0.32599402301827135,0,0,-8.468117537474562e-05,8.468117537474562e-05,-0.0005080870522482517,-0.0006774494029977429,-0.00042340587687350606,-0.0005927682276231083,2048.12,1237.87,,,,,0,95601.07629999999,810.25,0.2465771350491024,0,118.04,,,3285.9900000000002,96,118.13,118.06,,1790815560,2026-10-01T00:46:00+00:00,118.11,research_batch_v6,,B-SOL_USDT,957.6740000000001,79
312.78000000000003,385.345,VALIDATED_ABSOLUTE_UPDATES_WITH_GAP_GUARD,,,,,0,118.04,-8567.376809999998,-72.565,-0.10394270367054609,0,0,0.0009318874957642276,0.0,-0.0001694340901390312,-0.000423585225347467,0.0005083022704166495,0.000423585225347356,1236.6200000000001,1187.9199999999996,,,,,0,5750.516600000006,48.699999999999875,0.02008628440858879,0,117.99,,,2424.5400000000004,103,118.1,118.03,,1790815620,2026-10-01T00:47:00+00:00,118.09,research_batch_v6,,B-SOL_USDT,698.1250000000001,70
1300.5800000000002,528.005,VALIDATED_ABSOLUTE_UPDATES_WITH_GAP_GUARD,,,,,0,118.1,91247.12341999999,772.5750000000003,0.4224988173915898,0,0,0.0007620660457239303,-0.0005927180355630446,-0.0007620660457238193,-0.000677392040643543,0.0,-0.0008467400508043177,1053.4,1278.82,,,,,0,-26620.156499999997,-225.41999999999985,-0.09665468952328675,0,118.03,,,2332.2200000000003,77,118.11,118.04,,1790815680,2026-10-01T00:48:00+00:00,118.06,research_batch_v6,,B-SOL_USDT,1828.585,81
156.952,262.2360000000001,VALIDATED_ABSOLUTE_UPDATES_WITH_GAP_GUARD,,,,,0,118.1,-12433.484840000001,-105.28400000000002,-0.2511617698979933,0,0,0.0004233700254023809,-0.000677392040643543,-0.0011854360711262002,-0.0008467400508043177,-0.0005080440304825462,-0.0007620660457238193,562.14,479.87000000000006,,,,,0,9709.608200000004,82.27000000000002,0.07895317703285,0,118.04,,,1042.01,80,118.12,118.08,,1790815740,2026-10-01T00:49:00+00:00,118.09,research_batch_v6,,B-SOL_USDT,419.188,49
153.06599999999997,424.1549999999999,VALIDATED_ABSOLUTE_UPDATES_WITH_GAP_GUARD,,,,,0,118.04,-32003.288159999996,-271.08900000000006,-0.46964507528312377,0,0,0.001694340901389202,-0.0002541511352084358,-0.0001694340901390312,-0.0001694340901390312,-8.47170450695156e-05,8.471704506929356e-05,841.0200000000003,1978.8099999999993,,,,,0,-134232.37230000002,-1137.79,-0.4034959554299374,0,117.97,,,2819.829999999999,74,118.13,118.03,,1790815800,2026-10-01T00:50:00+00:00,118.1,research_batch_v6,,B-SOL_USDT,577.2210000000001,81
166.15700000000004,519.1750000000001,VALIDATED_ABSOLUTE_UPDATES_WITH_GAP_GUARD,,,,,0,118.03,-41658.39288,-353.01800000000003,-0.515105087753089,0,0,0.0013555875624839953,-0.0005930695585868451,-0.00016944844531052716,-8.472422265526358e-05,-8.472422265526358e-05,0.0004236211132762069,1617.3900000000003,4032.8099999999995,,,,,0,-284892.34099999996,-2415.42,-0.4274928321121377,0,117.97,,,5650.2,94,118.06,118.0,,1790815860,2026-10-01T00:51:00+00:00,118.03,research_batch_v6,,B-SOL_USDT,685.332,74
33.038,343.21299999999997,VALIDATED_ABSOLUTE_UPDATES_WITH_GAP_GUARD,,,,,0,118.02,-36603.39687,-310.17499999999995,-0.8243831910081301,0,0,0.0022877478393492634,0.0,-0.0002541942043721157,0.0005931198102018254,-8.473140145726088e-05,0.0001694628029147438,650.1099999999999,908.48,,,,,0,-30477.001500000013,-258.36999999999995,-0.16577162691920258,0,117.98,,,1558.59,95,118.03,118.0,,1790815920,2026-10-01T00:52:00+00:00,118.03,research_batch_v6,,B-SOL_USDT,376.25100000000003,66
50.08,273.618,VALIDATED_ABSOLUTE_UPDATES_WITH_GAP_GUARD,,,,,0,118.01,-26381.161250000005,-223.53800000000004,-0.6905757836007639,0,0,0.0026268960257604945,0.0,8.473858147617364e-05,-8.473858147617364e-05,-0.0004236929073808682,0.0007626472332851186,606.1300000000001,745.1199999999999,,,,,0,-16389.8403,-138.98999999999995,-0.10286031452358922,0,117.94,,,1351.2500000000002,59,118.03,118.0,,1790815980,2026-10-01T00:53:00+00:00,118.03,research_batch_v6,,B-SOL_USDT,323.698,60
213.069,973.1599999999997,VALIDATED_ABSOLUTE_UPDATES_WITH_GAP_GUARD,,,,,0,117.96,-89688.62749999999,-760.0909999999997,-0.6407624497462124,0,0,0.0033062054933876706,0.00025432349949139343,0.0003390979993218579,0.0004238724991523224,0.0005086469989827869,0.0006781959986437158,984.9600000000002,2411.2500000000005,,,,,0,-168207.65819999995,-1426.2899999999995,-0.41996519649844954,0,117.91,,,3396.2100000000005,69,118.02,117.96,,1790816040,2026-10-01T00:54:00+00:00,118.0,research_batch_v6,,B-SOL_USDT,1186.2289999999998,78
226.19300000000004,337.79399999999987,VALIDATED_ABSOLUTE_UPDATES_WITH_GAP_GUARD,,,,,0,118.02,-13168.435599999993,-111.60100000000001,-0.197878674508455,0,0,0.0029655990510084607,0.0,0.0,0.0002541942043721157,-8.473140145726088e-05,0.0003389256058294876,2058.7500000000005,667.6600000000003,,,,,0,164041.15140000003,1391.09,0.5102277353736233,0,117.96,,,2726.4099999999994,97,118.02,117.96,,1790816100,2026-10-01T00:55:00+00:00,117.96,research_batch_v6,,B-SOL_USDT,563.987,63
137.90800000000002,263.606,VALIDATED_ABSOLUTE_UPDATES_WITH_GAP_GUARD,,,,,0,118.01,-14835.16449,-125.69800000000001,-0.31306006764396765,0,0,0.003643759003474134,-8.473858147617364e-05,8.473858147617364e-05,0.0005931700703329934,-0.00016947716295234727,0.0003389543259044725,743.2600000000004,1061.96,,,,,0,-37596.779299999995,-318.70000000000005,-0.1765435791759453,0,117.95,,,1805.2200000000005,88,118.05,118.01,,1790816160,2026-10-01T00:56:00+00:00,118.01,research_batch_v6,,B-SOL_USDT,401.51399999999995,50
47.227000000000004,351.4459999999999,VALIDATED_ABSOLUTE_UPDATES_WITH_GAP_GUARD,,,,,0,117.99,-35896.56252,-304.21899999999994,-0.7630790146310386,0,0,0.0035596236969235306,0.0002542588354945696,0.0008475294516485654,0.0004237647258242827,0.0002542588354945696,0.0007627765064837089,291.19000000000005,628.38,,,,,0,-39763.85220000001,-337.18999999999994,-0.36668225366203755,0,117.93,,,919.5700000000002,78,118.01,117.99,,1790816220,2026-10-01T00:57:00+00:00,118.01,research_batch_v6,,B-SOL_USDT,398.6729999999999,58
393.048,762.8139999999999,VALIDATED_ABSOLUTE_UPDATES_WITH_GAP_GUARD,,,,,0,118.02,-43633.95668999999,-369.76599999999996,-0.3199049713547119,0,0,0.00338925605829532,0.0,-0.0001694628029147438,0.0006778512116589752,-0.0001694628029147438,0.0004236570072868595,2457.66,4584.7,,,,,0,-250970.04700000002,-2127.04,-0.30203511322908794,0,117.97,,,7042.360000000001,76,118.04,117.99,,1790816280,2026-10-01T00:58:00+00:00,117.99,research_batch_v6,,B-SOL_USDT,1155.8619999999999,59
56.79600000000001,473.47199999999987,VALIDATED_ABSOLUTE_UPDATES_WITH_GAP_GUARD,,,,,0,118.0,-49179.32671,-416.67599999999993,-0.7857837923465115,0,0,0.0034745762711863026,0.0007627118644069064,8.474576271200185e-05,0.0003389830508475633,0.00016949152542378165,0.0005084745762711229,545.8199999999997,625.4300000000001,,,,,0,-9384.452299999992,-79.60999999999997,-0.0679701173959445,0,117.93,,,1171.2499999999998,64,118.05,118.0,,1790816340,2026-10-01T00:59:00+00:00,118.02,research_batch_v6,,B-SOL_USDT,530.2679999999999,42
260.147,644.183,VALIDATED_ABSOLUTE_UPDATES_WITH_GAP_GUARD,,,,,0,118.02,-45319.15000999998,-384.0359999999999,-0.4246635630798492,0,0,0.00169462802914766,-0.0001694628029147438,0.0002541942043721157,0.0003389256058294876,0.0,0.0004236570072868595,1329.6899999999998,1657.6300000000003,,,,,0,-38682.7,-327.94,-0.10977732549576212,0,117.97,,,2987.3199999999993,139,118.04,117.99,,1790816400,2026-10-01T01:00:00+00:00,117.99,research_batch_v6,,B-SOL_USDT,904.3299999999997,103
703.1210000000001,436.20200000000006,VALIDATED_ABSOLUTE_UPDATES_WITH_GAP_GUARD,,,,,0,118.02,31510.13693,266.9190000000001,0.23427860229276515,0,0,0.0008473140145739411,-8.473140145726088e-05,0.0005083884087442314,0.0002541942043721157,0.0005931198102018254,0.0005083884087442314,2571.26,3722.889999999999,,,,,0,-135860.6513,-1151.6300000000003,-0.1829683118451261,0,117.96,,,6294.15,137,118.06,118.02,,1790816460,2026-10-01T01:01:00+00:00,118.05,research_batch_v6,,B-SOL_USDT,1139.323,74
749.9639999999999,402.144,VALIDATED_ABSOLUTE_UPDATES_WITH_GAP_GUARD,,,,,0,118.09,41069.35479999999,347.81999999999994,0.30189878032267803,0,0,0.0009314929291217577,-0.00033872470149887146,-0.00042340587687350606,-8.468117537474562e-05,-0.0007621305783724885,0.0005080870522482517,3557.46,2493.72,,,,,0,125496.05790000004,1063.74,0.175790506975499,0,118.01,,,6051.179999999999,184,118.14,118.02,,1790816520,2026-10-01T01:02:00+00:00,118.03,research_batch_v6,,B-SOL_USDT,1152.108,128
498.962,1169.9040000000002,VALIDATED_ABSOLUTE_UPDATES_WITH_GAP_GUARD,,,,,0,118.0,-79253.32686999999,-670.9419999999999,-0.4020346750428135,0,0,0.0015254237288135908,0.0006779661016949046,0.0008474576271186862,0.0005932203389829027,8.474576271200185e-05,0.0016101694915253706,3331.5600000000004,5865.939999999996,,,,,0,-299241.17820000014,-2534.38,-0.2755509649361239,0,117.92,,,9197.500000000002,194,118.15,117.99,,1790816580,2026-10-01T01:03:00+00:00,118.09,research_batch_v6,,B-SOL_USDT,1668.8659999999998,135
332.5660000000001,536.61,VALIDATED_ABSOLUTE_UPDATES_WITH_GAP_GUARD,,,,,0,118.01,-24086.003299999997,-204.04400000000007,-0.23475567664086452,0,0,0.0016947716295228066,0.0002542157444285209,0.0002542157444285209,0.00042369290738064613,0.0003389543259044725,0.0011863401406659868,2279.43,4435.559999999999,,,,,0,-254438.73649999997,-2156.1300000000006,-0.32109206417284325,0,117.94,,,6714.99,180,118.05,117.99,,1790816640,2026-10-01T01:04:00+00:00,118.0,research_batch_v6,,B-SOL_USDT,869.176,98
893.7839999999998,2032.1679999999994,VALIDATED_ABSOLUTE_UPDATES_WITH_GAP_GUARD,,,,,0,118.05,-134310.46537000002,-1138.3839999999998,-0.3890644822608162,0,0,,0.00042354934349853046,8.470986869979491e-05,0.00016941973739936778,0.0002541296060991627,0.001609487505294327,5375.570000000001,1305.2500000000002,,,,,0,480055.1620999998,4070.3199999999993,0.609254552584862,0,117.98,,,6680.8200000000015,185,118.05,117.97,,1790816700,2026-10-01T01:05:00+00:00,118.01,research_batch_v6,,B-SOL_USDT,2925.952,137
360.53299999999996,699.9340000000001,VALIDATED_ABSOLUTE_UPDATES_WITH_GAP_GUARD,,,,,0,118.08,-40081.42931,-339.401,-0.32004862008907403,0,0,,-0.0003387533875338633,-0.0002540650406503975,0.0,-0.0003387533875338633,0.0009315718157181241,1614.51,1047.6899999999998,,,,,0,66886.16339999999,566.82,0.21291413116970925,0,118.02,,,2662.2000000000003,183,118.1,118.05,,1790816760,2026-10-01T01:06:00+00:00,118.05,research_batch_v6,,B-SOL_USDT,1060.4669999999999,85
517.311,497.538,VALIDATED_ABSOLUTE_UPDATES_WITH_GAP_GUARD,,,,,0,118.04,2339.764319999998,19.772999999999968,0.01948368673566212,0,0,,0.00016943409013880917,0.0003388681802778404,0.0009318874957642276,0.0005083022704166495,0.00211792612673678,6017.4,2084.47,,,,,0,464235.1936000001,3932.9300000000003,0.4854348440545208,0,117.98,,,8101.87,151,118.11,118.04,,1790816820,2026-10-01T01:07:00+00:00,118.07,research_batch_v6,,B-SOL_USDT,1014.8489999999999,63
1713.447,420.34599999999995,VALIDATED_ABSOLUTE_UPDATES_WITH_GAP_GUARD,,,,,0,118.1,152642.34323,1293.101,0.6060105174213244,0,0,,-0.00042337002540215884,-0.0002540220152413841,0.0007620660457239303,-0.0005080440304825462,0.0018628281117696321,5781.57,1900.2700000000002,,,,,0,457811.7659999999,3881.2999999999997,0.5052565531174823,0,118.02,,,7681.839999999998,163,118.1,117.99,,1790816880,2026-10-01T01:08:00+00:00,118.05,research_batch_v6,,B-SOL_USDT,2133.793,82
63.469,476.09500000000014,VALIDATED_ABSOLUTE_UPDATES_WITH_GAP_GUARD,,,,,0,118.04,-48718.92934,-412.6260000000001,-0.7647396787035458,0,0,,0.0003388681802778404,0.00016943409013880917,0.0009318874957642276,0.00016943409013880917,0.0026262283971534295,731.4600000000002,3088.999999999999,,,,,0,-278255.35789999994,-2357.5399999999995,-0.6170827596676839,0,117.98,,,3820.4599999999996,138,118.11,118.04,,1790816940,2026-10-01T01:09:00+00:00,118.09,research_batch_v6,,B-SOL_USDT,539.5640000000002,60
217.79200000000003,1207.5399999999997,VALIDATED_ABSOLUTE_UPDATES_WITH_GAP_GUARD,,,,,0,118.06,-116828.3738,-989.7479999999999,-0.6943982173977711,0,0,,8.470269354554638e-05,8.470269354554638e-05,0.0015246484838218333,-8.47026935456574e-05,0.0026257834999152685,888.4200000000001,397.66,,,,,0,57904.5679,490.76,0.3815936800199054,0,117.99,,,1286.0800000000002,143,118.06,118.02,,1790817000,2026-10-01T01:10:00+00:00,118.04,research_batch_v6,,B-SOL_USDT,1425.332,36
535.765,455.808,VALIDATED_ABSOLUTE_UPDATES_WITH_GAP_GUARD,,,,,0,118.05,9432.875179999997,79.95700000000006,0.08063652398764395,0,0,,8.470986869979491e-05,0.0002541296060991627,0.0011859381617957965,0.0002541296060991627,0.003303684879288449,1277.4400000000003,3886.940000000001,,,,,0,-307842.32980000007,-2609.4999999999995,-0.5052881468830718,0,117.98,,,5164.380000000003,172,118.06,118.02,,1790817060,2026-10-01T01:11:00+00:00,118.05,research_batch_v6,,B-SOL_USDT,991.5729999999999,56
149.824,342.82,VALIDATED_ABSOLUTE_UPDATES_WITH_GAP_GUARD,,,,,0,118.08,-22776.92036999999,-192.99599999999995,-0.39175550701926737,0,0,,-8.468834688346583e-05,0.0005928184281842608,0.0017784552845530044,-8.468834688346583e-05,0.0027947154471543723,1963.1099999999997,1763.4500000000003,,,,,0,23577.37520000002,199.65999999999948,0.053577562148469225,0,118.01,,,3726.5600000000004,160,118.08,118.01,,1790817120,2026-10-01T01:12:00+00:00,118.05,research_batch_v6,,B-SOL_USDT,492.644,75
72.795,371.382,VALIDATED_ABSOLUTE_UPDATES_WITH_GAP_GUARD,,,,,0,118.07,-35254.22855000001,-298.587,-0.6722252615511384,0,0,,8.469551960699206e-05,0.0010163462352841268,0.0021173879901752457,-8.469551960688104e-05,0.0029643431862456104,494.61999999999995,1575.45,,,,,0,-127543.95650000001,-1080.83,-0.522122440303951,0,118.02,,,2070.07,141,118.09,118.07,,1790817180,2026-10-01T01:13:00+00:00,118.08,research_batch_v6,,B-SOL_USDT,444.177,46
447.548,330.80099999999993,VALIDATED_ABSOLUTE_UPDATES_WITH_GAP_GUARD,,,,,0,118.06,13790.579330000004,116.74700000000007,0.14999312647668347,0,0,,0.0007623242419110277,0.0007623242419110277,0.0024563781128239537,8.470269354554638e-05,0.002964594274097898,1513.4599999999996,1650.02,,,,,0,-16106.839799999994,-136.55999999999975,-0.04316765081492526,0,118.0,,,3163.4799999999996,126,118.1,118.06,,1790817240,2026-10-01T01:14:00+00:00,118.07,research_batch_v6,,B-SOL_USDT,778.3489999999998,60
1016.4889999999999,487.85500000000013,VALIDATED_ABSOLUTE_UPDATES_WITH_GAP_GUARD,,,,,0,118.07,62386.61477000001,528.634,0.3514049977930579,0,0,,0.0010163462352841268,0.0014398238333193092,0.002540865588210428,8.469551960699206e-05,0.001270432794105325,5583.759999999999,3307.06,,,,,0,268521.8574,2276.7,0.25607311811508954,0,118.01,,,8890.819999999998,156,118.07,117.97,,1790817300,2026-10-01T01:15:00+00:00,118.05,research_batch_v6,,B-SOL_USDT,1504.3440000000003,144
507.97600000000006,386.916,VALIDATED_ABSOLUTE_UPDATES_WITH_GAP_GUARD,,,,,0,118.08,14294.928020000005,121.05999999999993,0.1352788939894422,0,0,,0.0005928184281842608,0.0009315718157181241,0.0030487804878047697,0.0005928184281842608,0.0003387533875338633,2180.9200000000005,1596.1100000000001,,,,,0,69021.55549999999,584.81,0.1548332949433814,0,118.02,,,3777.03,107,118.1,118.05,,1790817360,2026-10-01T01:16:00+00:00,118.06,research_batch_v6,,B-SOL_USDT,894.8920000000002,76
472.702,494.35699999999997,VALIDATED_ABSOLUTE_UPDATES_WITH_GAP_GUARD,,,,,0,118.15,-2546.5463099999997,-21.65500000000002,-0.02239263581642901,0,0,,0.0007617435463393996,0.001184934405416893,0.002200592467202611,0.000338552687261906,0.00042319085907749354,5335.119999999999,2609.5099999999998,,,,,0,321837.26700000005,2725.609999999999,0.3430757631255325,0,118.08,,,7944.629999999999,146,118.19,118.06,,1790817420,2026-10-01T01:17:00+00:00,118.08,research_batch_v6,,B-SOL_USDT,967.059,84
652.6080000000001,440.32300000000004,VALIDATED_ABSOLUTE_UPDATES_WITH_GAP_GUARD,,,,,0,118.19,25085.48404,212.285,0.19423458571492622,0,0,,0.0,0.0010999238514255438,0.0019460191217530731,-0.0003384381081309451,-8.460952703270852e-05,5841.53,3280.52,,,,,0,302507.757,2561.01,0.28074939295443463,0,118.13,,,9122.05,129,118.19,118.12,,1790817480,2026-10-01T01:18:00+00:00,118.14,research_batch_v6,,B-SOL_USDT,1092.9309999999998,106
220.257,845.2279999999998,VALIDATED_ABSOLUTE_UPDATES_WITH_GAP_GUARD,,,,,0,118.15,-73851.08183000001,-624.9709999999999,-0.5865601111231034,0,0,,0.001184934405416893,0.0016927634363097521,0.002200592467202611,0.0007617435463393996,0.000507829030892859,3590.9100000000003,4837.690000000001,,,,,0,-147213.20260000002,-1246.7800000000002,-0.1479225494150867,0,118.1,,,8428.600000000002,119,118.2,118.15,,1790817540,2026-10-01T01:19:00+00:00,118.19,research_batch_v6,,B-SOL_USDT,1065.4850000000001,65
279.696,266.09999999999997,VALIDATED_ABSOLUTE_UPDATES_WITH_GAP_GUARD,,,,,0,118.24,1609.406399999999,13.595999999999997,0.02491040608579029,0,0,,0.0006765899864682456,0.0010994587280108714,-0.0001691474966170059,-0.00042286874154262577,,2693.4299999999994,29.419999999999998,,,,,0,314751.7363,2664.009999999999,0.9783902895862788,0,118.18,,,2722.8499999999995,106,118.24,118.17,,1790817600,2026-10-01T01:20:00+00:00,118.17,research_batch_v6,,B-SOL_USDT,545.7959999999999,75
887.632,3000.254,VALIDATED_ABSOLUTE_UPDATES_WITH_GAP_GUARD,,,,,0,118.19,-249880.57319999984,-2112.6219999999994,-0.5433857885750764,0,0,,0.0013537524325237804,0.00211523817581849,-0.0005922666892291817,0.0008460952703275293,,2538.0800000000004,4502.9400000000005,,,,,0,-232235.12740000014,-1964.8599999999997,-0.27905899997443545,0,118.15,,,7041.02,155,118.29,118.17,,1790817660,2026-10-01T01:21:00+00:00,118.24,research_batch_v6,,B-SOL_USDT,3887.8860000000004,102
4024.7859999999987,1837.192,VALIDATED_ABSOLUTE_UPDATES_WITH_GAP_GUARD,,,,,0,118.29,258660.28498000017,2187.5939999999996,0.3731835909312523,0,0,,0.0006763039986474872,0.0010144559979710088,-0.0007608419984783676,0.0002536139994926412,,14140.890000000003,2126.6,,,,,0,1419982.7882,12014.290000000008,0.738546020314136,0,118.24,,,16267.490000000005,159,118.31,118.18,,1790817720,2026-10-01T01:22:00+00:00,118.19,research_batch_v6,,B-SOL_USDT,5861.977999999997,210
756.478,698.0849999999999,VALIDATED_ABSOLUTE_UPDATES_WITH_GAP_GUARD,,,,,0,118.32,6903.420290000007,58.39300000000007,0.04014470325451703,0,0,,0.0010141987829614951,0.0008451656524679496,-0.0011832319134549296,0.00025354969574031827,,4041.05,7545.999999999998,,,,,0,-414490.04909999995,-3504.9499999999994,-0.3024885540323033,0,118.25,,,11587.05,173,118.34,118.28,,1790817780,2026-10-01T01:23:00+00:00,118.29,research_batch_v6,,B-SOL_USDT,1454.5630000000006,79
342.69199999999995,525.0840000000001,VALIDATED_ABSOLUTE_UPDATES_WITH_GAP_GUARD,,,,,0,118.35,-21579.552650000005,-182.39200000000008,-0.21018327310273632,0,0,,0.0005069708491762803,0.0005069708491762803,-0.0011829319814110617,0.00016899028305883412,,4129.61,2491.59,,,,,0,193721.67359999992,1638.0200000000004,0.24739020117199303,0,118.29,,,6621.200000000001,184,118.35,118.28,,1790817840,2026-10-01T01:24:00+00:00,118.32,research_batch_v6,,B-SOL_USDT,867.7759999999998,73
470.12100000000004,369.824,VALIDATED_ABSOLUTE_UPDATES_WITH_GAP_GUARD,,,,,0,118.37,11872.901790000004,100.29700000000001,0.11940900892320332,0,0,,0.00042240432542017814,-0.0012672129762609785,,0.0005913660555882938,,2884.9799999999996,5418.14,,,,,0,-299721.83209999994,-2533.16,-0.30508531732649896,0,118.31,,,8303.119999999999,177,118.38,118.34,,1790817900,2026-10-01T01:25:00+00:00,118.34,research_batch_v6,,B-SOL_USDT,839.945,51
173.20099999999996,29.108999999999998,VALIDATED_ABSOLUTE_UPDATES_WITH_GAP_GUARD,,,,,0,118.44,17062.265010000003,144.09199999999996,0.7122337007562651,0,0,,-0.00025329280648433983,-0.002701789935832477,,-0.00025329280648433983,,2289.63,431.82000000000005,,,,,0,219862.11870000005,1857.81,0.6826544672876591,0,118.38,,,2721.4500000000003,133,118.44,118.37,,1790817960,2026-10-01T01:26:00+00:00,118.37,research_batch_v6,,B-SOL_USDT,202.30999999999995,51
766.259,408.905,VALIDATED_ABSOLUTE_UPDATES_WITH_GAP_GUARD,,,,,0,118.41,42329.60195000002,357.3540000000001,0.3040886208222853,0,0,,-0.0016045942065703311,-0.0017734988598935297,,8.445232666165481e-05,,4430.86,8383.810000000001,,,,,0,-467956.8423999998,-3952.9500000000003,-0.30847068242881015,0,118.37,,,12814.669999999998,151,118.49,118.41,,1790818020,2026-10-01T01:27:00+00:00,118.44,research_batch_v6,,B-SOL_USDT,1175.164,81
62.314,123.62999999999998,VALIDATED_ABSOLUTE_UPDATES_WITH_GAP_GUARD,,,,,0,118.42,-7258.910910000001,-61.31599999999998,-0.3297551951125069,0,0,,-0.002533355852051944,-0.0020266846816415773,,-8.444519506844994e-05,,1414.7199999999996,3862.329999999999,,,,,0,-289658.5353,-2447.6099999999997,-0.4638216427738982,0,118.36,,,5277.05,163,118.42,118.38,,1790818080,2026-10-01T01:28:00+00:00,118.41,research_batch_v6,,B-SOL_USDT,185.944,37
157.196,154.93599999999998,VALIDATED_ABSOLUTE_UPDATES_WITH_GAP_GUARD,,,,,0,118.41,267.41837000000237,2.260000000000018,0.0072405264439404406,0,0,,-0.0017734988598935297,-0.001689046533231986,,-0.0016045942065703311,,552.74,3426.310000000001,,,,,0,-340095.75609999994,-2873.570000000001,-0.7221748909915684,0,118.34,,,3979.050000000001,118,118.43,118.4,,1790818140,2026-10-01T01:29:00+00:00,118.42,research_batch_v6,,B-SOL_USDT,312.13200000000006,31
188.8110000000001,882.1419999999999,VALIDATED_ABSOLUTE_UPDATES_WITH_GAP_GUARD,,,,,0,118.22,-82023.75778,-693.3309999999998,-0.6473962909670168,0,0,,-0.0003383522246658277,,,-0.0008458805616646803,,127.22999999999998,8153.75,,,,,0,-949195.0972000001,-8026.5199999999995,-0.9692717528601688,0,118.15,,,8280.98,146,118.41,118.22,,1790818200,2026-10-01T01:30:00+00:00,118.41,research_batch_v6,,B-SOL_USDT,1070.9530000000004,76
923.7379999999999,2281.8700000000003,VALIDATED_ABSOLUTE_UPDATES_WITH_GAP_GUARD,,,,,0,118.12,-160453.82702,-1358.1319999999998,-0.42367376173256366,0,0,,0.0007619370132068148,,,0.0006772773450727243,,4079.01,7213.870000000001,,,,,0,-370355.60760000005,-3134.8600000000006,-0.27759614907800323,0,118.05,,,11292.88,170,118.2,118.07,,1790818260,2026-10-01T01:31:00+00:00,118.2,research_batch_v6,,B-SOL_USDT,3205.6079999999997,99
322.082,342.83699999999993,VALIDATED_ABSOLUTE_UPDATES_WITH_GAP_GUARD,,,,,0,118.2,-2457.3711399999984,-20.75500000000002,-0.031214328361800485,0,0,,,,,-0.00016920473773263112,,4380.400000000001,3362.4999999999995,,,,,0,120237.27069999994,1017.9,0.1314623719794909,0,118.14,,,7742.899999999999,147,118.22,118.12,,1790818320,2026-10-01T01:32:00+00:00,118.12,research_batch_v6,,B-SOL_USDT,664.9190000000001,104
390.01399999999995,209.57,VALIDATED_ABSOLUTE_UPDATES_WITH_GAP_GUARD,,,,,0,118.18,21336.082140000002,180.44399999999996,0.30094865773603025,0,0,,,,,0.0002538500592315085,,1100.12,3271.4099999999994,,,,,0,-256590.50300000006,-2171.290000000001,-0.49668880231863954,0,118.12,,,4371.529999999997,105,118.25,118.18,,1790818380,2026-10-01T01:33:00+00:00,118.2,research_batch_v6,,B-SOL_USDT,599.5840000000001,63
12.130999999999998,1.692,VALIDATED_ABSOLUTE_UPDATES_WITH_GAP_GUARD,,,,,0,118.21,1233.92399,10.439,0.7551906243217826,0,0,,,,,,,124.43,16.92,,,,,0,12700.952900000002,107.51,0.7605942695436858,0,118.15,,,141.35000000000002,14,118.21,118.19,,1790818440,2026-10-01T01:34:00+00:00,118.19,research_batch_v6,,B-SOL_USDT,13.822999999999999,12
9042.199999999999,30437.399999999998,VALIDATED_ABSOLUTE_UPDATES_WITH_GAP_GUARD,,,,,0,1.1616,-24893.97044999998,-21395.2,-0.5419305160133334,0,0,-0.0003443526170798794,-0.0028409090909089496,-0.00249655647382907,-0.003701790633608759,-0.0023243801652892415,-0.004132231404958553,75960.0,96217.4,,,,,0,-23521.325720000008,-20257.40000000001,-0.11765423336628396,0,1.1613,,,172177.3999999999,214,1.1643,1.1613,,1790812800,2026-10-01T00:00:00+00:00,1.1638,research_batch_v6,,B-SUI_USDT,39479.600000000006,141
27803.0,27836.399999999998,VALIDATED_ABSOLUTE_UPDATES_WITH_GAP_GUARD,,,,,0,1.1589,-28.214779999997063,-33.40000000000009,-0.0006002940362405077,0,0,0.004141858659073128,-0.0010354646647683374,0.00025886616619197333,-0.0007765984985763641,-0.0006040210544483449,-0.0025023729398568895,187961.90000000002,267982.3,,,,,0,-92834.07364999993,-80020.39999999998,-0.17550480957976874,0,1.1586,,,455944.1999999999,186,1.1615,1.1589,,1790812860,2026-10-01T00:01:00+00:00,1.1615,research_batch_v6,,B-SUI_USDT,55639.39999999998,145
22455.60000000001,31237.7,VALIDATED_ABSOLUTE_UPDATES_WITH_GAP_GUARD,,,,,0,1.1582,-10165.83702,-8782.1,-0.16356044422674718,0,0,0.0036263166983252493,0.000431704368848429,0.0011224313590054713,0.0010360904852357855,8.634087376990784e-05,-0.0022448627180106095,87852.50000000003,101131.19999999998,,,,,0,-15392.412660000007,-13278.699999999995,-0.07026373173982726,0,1.1578,,,188983.7,131,1.1589,1.1578,,1790812920,2026-10-01T00:02:00+00:00,1.1589,research_batch_v6,,B-SUI_USDT,53693.29999999998,76
53092.5,12106.400000000001,VALIDATED_ABSOLUTE_UPDATES_WITH_GAP_GUARD,,,,,0,1.1583,47489.26251000001,40986.100000000006,0.6286317713949162,0,0,0.0032806699473364453,0.0007770007770007137,0.0005180005180005498,0.0007770007770007137,-0.0005180005180006608,-0.0021583354916689945,73564.1,82690.89999999998,,,,,0,-10569.33825999999,-9126.799999999988,-0.058409650891171394,0,1.1581,,,156255.00000000003,101,1.1587,1.1579,,1790812980,2026-10-01T00:03:00+00:00,1.1582,research_batch_v6,,B-SUI_USDT,65198.9,61
3986.1,29335.10000000001,VALIDATED_ABSOLUTE_UPDATES_WITH_GAP_GUARD,,,,,0,1.1577,-29352.619759999994,-25349.00000000001,-0.760746911875923,0,0,0.0036278828712101863,0.0015548069448043655,-8.637816360024253e-05,0.0003455126544009701,0.0008637816360024253,-0.00043189081800121265,42026.90000000001,106790.9,,,,,0,-74958.69609,-64764.0,-0.43518987647982954,0,1.1574,,,148817.80000000005,89,1.1584,1.1575,,1790813040,2026-10-01T00:04:00+00:00,1.1584,research_batch_v6,,B-SUI_USDT,33321.200000000004,55
25947.3,19942.5,VALIDATED_ABSOLUTE_UPDATES_WITH_GAP_GUARD,,,,,0,1.1587,6950.337490000003,6004.799999999998,0.1308526077690467,0,0,0.003797359109346754,0.0001726072322429939,-0.0012082506257012904,-0.0016397687063087751,0.0004315180806075958,0.0015534650901873892,76308.49999999999,23220.1,,,,,0,61462.30731000001,53088.399999999994,0.5333984402473259,0,1.1582,,,99528.6,100,1.1587,1.1574,,1790813100,2026-10-01T00:05:00+00:00,1.1577,research_batch_v6,,B-SUI_USDT,45889.799999999996,58
2033.4999999999998,11544.599999999999,VALIDATED_ABSOLUTE_UPDATES_WITH_GAP_GUARD,,,,,0,1.1592,-11022.60248,-9511.099999999999,-0.7004735566831882,0,0,0.005348516218081523,-0.0013802622498274575,-0.001035196687370732,-0.002760524499655026,0.00025879917184257195,0.0018978605935127124,50702.50000000001,38915.1,,,,,0,13665.379769999996,11787.399999999992,0.1315299673278462,0,1.1589,,,89617.60000000002,118,1.1592,1.1581,,1790813160,2026-10-01T00:06:00+00:00,1.1587,research_batch_v6,,B-SUI_USDT,13578.1,41
1348.2,3019.6000000000004,VALIDATED_ABSOLUTE_UPDATES_WITH_GAP_GUARD,,,,,0,1.1595,-1937.2795000000006,-1671.4,-0.3826640413938368,0,0,0.00405347132384648,-0.0018973695558429649,-8.624407072010953e-05,-0.003363518758085382,-0.0005174644243207682,0.00017248814144021907,64221.700000000004,19359.999999999996,,,,,0,52001.643679999994,44861.7,0.5367406980236104,0,1.1592,,,83581.70000000001,131,1.1595,1.1591,,1790813220,2026-10-01T00:07:00+00:00,1.1592,research_batch_v6,,B-SUI_USDT,4367.799999999999,33
32942.0,16632.3,VALIDATED_ABSOLUTE_UPDATES_WITH_GAP_GUARD,,,,,0,1.1589,18900.537430000004,16309.7,0.3289950639746804,0,0,0.0062127879886098025,-0.0007765984985763641,0.00025886616619197333,-0.0026749503839849087,-0.0011217533868324026,0.0012080421088964677,58917.5,77954.00000000003,,,,,0,-22061.066329999987,-19036.500000000015,-0.13908300851528635,0,1.1585,,,136871.5,170,1.1606,1.1589,,1790813280,2026-10-01T00:08:00+00:00,1.1595,research_batch_v6,,B-SUI_USDT,49574.3,77
6724.4,14607.100000000002,VALIDATED_ABSOLUTE_UPDATES_WITH_GAP_GUARD,,,,,0,1.1576,-9128.931559999997,-7882.699999999999,-0.36953331926962474,0,0,0.01088458880442289,0.0015549412577746669,0.000431928127159642,-0.0003455425017276914,-0.0002591568762957408,0.004060124395300679,27978.9,49476.3,,,,,0,-24892.368300000002,-21497.399999999994,-0.2775462460880611,0,1.1571,,,77455.20000000001,85,1.1581,1.1576,,1790813340,2026-10-01T00:09:00+00:00,1.1581,research_batch_v6,,B-SUI_USDT,21331.499999999996,46
11734.6,4187.000000000001,VALIDATED_ABSOLUTE_UPDATES_WITH_GAP_GUARD,,,,,0,1.1573,8739.102009999999,7547.599999999999,0.4740478343885037,0,0,0.011924306575650245,0.0016417523546186086,-0.0004320400933206514,0.0027650565972523466,0.0006048561306488676,0.0058757452691609036,76956.70000000003,69112.9,,,,,0,9094.80597999999,7843.800000000003,0.05369905853100167,0,1.1569,,,146069.60000000003,110,1.1584,1.1573,,1790813400,2026-10-01T00:10:00+00:00,1.1575,research_batch_v6,,B-SUI_USDT,15921.599999999999,57
48650.7,14994.800000000003,VALIDATED_ABSOLUTE_UPDATES_WITH_GAP_GUARD,,,,,0,1.158,38966.19056000001,33655.9,0.5288025076399746,0,0,0.011830742659758142,8.635578583771064e-05,-0.0017271157167529916,0.0029360967184801634,0.0012089810017272828,0.005872193436960327,85941.9,56081.3,,,,,0,34557.24984000001,29860.59999999999,0.21025156453311844,0,1.1576,,,142023.2,96,1.1581,1.1571,,1790813460,2026-10-01T00:11:00+00:00,1.1572,research_batch_v6,,B-SUI_USDT,63645.49999999999,77
30001.100000000002,7648.000000000001,VALIDATED_ABSOLUTE_UPDATES_WITH_GAP_GUARD,,,,,0,1.1594,25938.151919999997,22353.100000000006,0.593722027883801,0,0,0.01242021735380372,-0.0022425392444367365,-0.0032775573572537686,0.0002587545282042303,-0.00017250301880278318,0.005261342073486386,107576.5,28206.9,,,,,0,92013.06499000001,79369.59999999999,0.5845309515006989,0,1.1589,,,135783.4,82,1.1606,1.1584,,1790813520,2026-10-01T00:12:00+00:00,1.1584,research_batch_v6,,B-SUI_USDT,37649.09999999999,87
8265.5,35191.4,VALIDATED_ABSOLUTE_UPDATES_WITH_GAP_GUARD,,,,,0,1.1592,-31221.508920000004,-26925.9,-0.619600109533814,0,0,0.013975155279503104,-0.002760524499655026,-0.0029330572808834443,0.0009489302967564672,-0.0009489302967564672,0.005262249827467258,37267.5,18264.9,,,,,0,22016.69359,19002.6,0.34218942455215323,0,1.1586,,,55532.40000000001,68,1.1596,1.159,,1790813580,2026-10-01T00:13:00+00:00,1.1592,research_batch_v6,,B-SUI_USDT,43456.9,38
9354.0,35602.6,VALIDATED_ABSOLUTE_UPDATES_WITH_GAP_GUARD,,,,,0,1.1581,-30400.858280000004,-26248.600000000002,-0.5838653278940134,0,0,0.01675157585700715,-0.002158708228995776,-0.0007771349624383639,0.003626629824712957,-0.0011225282790776614,0.004403764787151543,19586.399999999998,33762.9,,,,,0,-16417.352230000004,-14176.5,-0.2657298221344984,0,1.1577,,,53349.30000000001,63,1.1592,1.1581,,1790813640,2026-10-01T00:14:00+00:00,1.1592,research_batch_v6,,B-SUI_USDT,44956.600000000006,40
11412.5,8741.999999999998,VALIDATED_ABSOLUTE_UPDATES_WITH_GAP_GUARD,,,,,0,1.1568,3100.067689999999,2670.500000000001,0.1325014264804387,0,0,0.018931535269709476,-0.0008644536652836488,0.0031984785615490896,0.0063105117565698254,-0.0006915629322269412,0.003803596127247566,23738.500000000007,104272.09999999998,,,,,0,-93151.46782,-80533.59999999998,-0.629116651277316,0,1.1563,,,128010.59999999999,93,1.1589,1.1568,,1790813700,2026-10-01T00:15:00+00:00,1.1581,research_batch_v6,,B-SUI_USDT,20154.499999999993,60
32768.200000000004,21802.699999999993,VALIDATED_ABSOLUTE_UPDATES_WITH_GAP_GUARD,,,,,0,1.156,12675.520149999998,10965.500000000005,0.20094042795702485,0,0,0.019982698961937828,0.0010380622837371511,0.004671280276816736,0.007612456747404961,-0.00034602076124568004,0.006660899653979202,84643.1,127453.5,,,,,0,-49477.11206000001,-42810.40000000001,-0.20184387679953378,0,1.1554,,,212096.60000000006,146,1.158,1.1559,,1790813760,2026-10-01T00:16:00+00:00,1.1568,research_batch_v6,,B-SUI_USDT,54570.89999999999,129
12265.6,22799.40000000001,VALIDATED_ABSOLUTE_UPDATES_WITH_GAP_GUARD,,,,,0,1.1556,-12175.233870000002,-10533.800000000007,-0.3004078140596037,0,0,0.01990308065074431,0.0042402215299413015,0.0035479404638283363,0.008566978193146335,0.0001730702665281303,0.0058843890619593164,56024.6,75635.3,,,,,0,-22657.27802999999,-19610.699999999993,-0.14894968019875449,0,1.1551,,,131659.9,86,1.1571,1.1555,,1790813820,2026-10-01T00:17:00+00:00,1.156,research_batch_v6,,B-SUI_USDT,35065.00000000001,120
14551.599999999991,22426.2,VALIDATED_ABSOLUTE_UPDATES_WITH_GAP_GUARD,,,,,0,1.1558,-9103.244229999995,-7874.600000000007,-0.2129547999069714,0,0,0.020332237411316845,0.0048451289150373,0.0038934071638694334,0.008219415123723817,0.001211282228759325,0.0054507700294168515,102307.49999999999,47879.49999999999,,,,,0,62903.74416999999,54428.00000000002,0.3624015394141971,0,1.1554,,,150187.0,94,1.1563,1.1552,,1790813880,2026-10-01T00:18:00+00:00,1.1556,research_batch_v6,,B-SUI_USDT,36977.8,151
15426.6,5256.700000000001,VALIDATED_ABSOLUTE_UPDATES_WITH_GAP_GUARD,,,,,0,1.1572,11765.639330000002,10169.900000000001,0.4916961993492336,0,0,0.01823366747321109,0.002160387141375786,0.004407189768406594,0.005184929139301797,0.002851711026615966,0.004061527825786282,66195.2,41158.69999999999,,,,,0,28942.471960000003,25036.499999999993,0.2332146293707074,0,1.1567,,,107353.90000000004,70,1.1572,1.1558,,1790813940,2026-10-01T00:19:00+00:00,1.1558,research_batch_v6,,B-SUI_USDT,20683.299999999996,56
20147.899999999998,4068.2000000000007,VALIDATED_ABSOLUTE_UPDATES_WITH_GAP_GUARD,,,,,0,1.1605,18638.574609999996,16079.699999999999,0.6640086553986809,0,0,0.014476518741921574,-0.00017233950883233096,0.0031021111589830674,0.0006031882809134359,0.0007755277897456558,0.0022404136148210796,97334.59999999999,31233.600000000002,,,,,0,76573.56479999998,66101.00000000001,0.5141317993096272,0,1.16,,,128568.20000000001,115,1.1605,1.1571,,1790814000,2026-10-01T00:20:00+00:00,1.1573,research_batch_v6,,B-SUI_USDT,24216.100000000002,69
11204.6,20514.900000000005,VALIDATED_ABSOLUTE_UPDATES_WITH_GAP_GUARD,,,,,0,1.1614,-10795.812210000002,-9310.300000000008,-0.29351975913870043,0,0,0.013432064749440364,0.0007749268124677133,0.002927501291544843,0.001980368520750897,-0.0014637506457724214,0.0034441191665230964,43750.600000000006,49786.799999999996,,,,,0,-6992.370500000003,-6036.2,-0.06453247577974155,0,1.1609,,,93537.40000000004,110,1.1616,1.16,,1790814060,2026-10-01T00:21:00+00:00,1.161,research_batch_v6,,B-SUI_USDT,31719.5,113
2719.6,13187.300000000003,VALIDATED_ABSOLUTE_UPDATES_WITH_GAP_GUARD,,,,,0,1.1597,-12150.604089999999,-10467.700000000003,-0.6580603385952009,0,0,0.01474519272225594,0.003794084677071652,0.0050012934379581875,0.0023281883245667157,0.0005173751832372453,0.0038803138742777854,50583.70000000001,53453.00000000003,,,,,0,-3352.027150000003,-2869.2999999999975,-0.02757969062840323,0,1.1594,,,104036.69999999997,131,1.161,1.1592,,1790814120,2026-10-01T00:22:00+00:00,1.161,research_batch_v6,,B-SUI_USDT,15906.900000000003,144
1817.1999999999996,11548.2,VALIDATED_ABSOLUTE_UPDATES_WITH_GAP_GUARD,,,,,0,1.1603,-11291.14657,-9731.000000000002,-0.7280739820731142,0,0,0.011462552788071845,0.0038783073343100494,0.004309230371455586,0.0015513229337238421,0.0017236921485823675,0.004998707230888355,42302.299999999996,23512.899999999998,,,,,0,21781.4001,18789.4,0.2854872430684706,0,1.1598,,,65815.19999999998,94,1.1605,1.1597,,1790814180,2026-10-01T00:23:00+00:00,1.1597,research_batch_v6,,B-SUI_USDT,13365.400000000001,84
9039.900000000003,8719.6,VALIDATED_ABSOLUTE_UPDATES_WITH_GAP_GUARD,,,,,0,1.1623,367.48861999999895,320.2999999999997,0.01803541766378556,0,0,0.008775703346812325,0.002753161834293971,0.0007743267658950614,-0.0003441452292869407,0.001548653531790345,0.006796868278413415,97584.29999999997,138657.40000000005,,,,,0,-47758.31529999998,-41073.1,-0.1738604996492998,0,1.1616,,,236241.70000000004,141,1.1627,1.1602,,1790814240,2026-10-01T00:24:00+00:00,1.1603,research_batch_v6,,B-SUI_USDT,17759.500000000004,111
10845.6,3274.7,VALIDATED_ABSOLUTE_UPDATES_WITH_GAP_GUARD,,,,,0,1.1641,8801.16091,7570.900000000003,0.5361713278046504,0,0,0.009535263293531493,0.0010308392749764916,-0.002491194914526207,-0.0008590327291468913,0.000601322910402935,0.006013229104028905,124125.39999999997,49466.2,,,,,0,86808.87848999999,74659.2,0.4300853267093569,0,1.1636,,,173591.6,123,1.1641,1.1615,,1790814300,2026-10-01T00:25:00+00:00,1.162,research_batch_v6,,B-SUI_USDT,14120.299999999997,91
3039.7999999999993,10574.900000000001,VALIDATED_ABSOLUTE_UPDATES_WITH_GAP_GUARD,,,,,0,1.1648,-8772.9866,-7535.0999999999985,-0.5534532527341768,0,0,0.008499313186813184,-0.0013736263736263687,-0.0009443681318682673,0.0005151098901099438,0.0006009615384614531,0.0059237637362636875,105961.9,67932.69999999998,,,,,0,44284.54965999998,38029.200000000004,0.2186910921903268,0,1.1641,,,173894.6,130,1.1654,1.1641,,1790814360,2026-10-01T00:26:00+00:00,1.1641,research_batch_v6,,B-SUI_USDT,13614.700000000003,115
1588.0,12419.500000000002,VALIDATED_ABSOLUTE_UPDATES_WITH_GAP_GUARD,,,,,0,1.1655,-12618.478810000002,-10831.500000000002,-0.7732643226842765,0,0,0.006949806949806847,-0.0036894036894036253,-0.0026598026598025903,-0.0011154011154012045,-0.00017160017160011698,0.007121407121407186,36806.5,28017.100000000002,,,,,0,10239.938859999997,8789.400000000001,0.13558950752503718,0,1.1651,,,64823.60000000001,83,1.1655,1.1646,,1790814420,2026-10-01T00:27:00+00:00,1.1646,research_batch_v6,,B-SUI_USDT,14007.499999999998,39
6950.7,14216.7,VALIDATED_ABSOLUTE_UPDATES_WITH_GAP_GUARD,,,,,0,1.1653,-8465.78974,-7265.999999999999,-0.3432636979506221,0,0,0.00729425898910141,-0.001373036986183851,-0.002746073972367702,0.0006865184930917589,-0.001802111044366228,0.008667295975285372,60046.40000000001,211445.59999999992,,,,,0,-176356.49004,-151399.19999999998,-0.5576562108644084,0,1.1648,,,271492.0,98,1.1657,1.1646,,1790814480,2026-10-01T00:28:00+00:00,1.1655,research_batch_v6,,B-SUI_USDT,21167.4,79
3417.9,14897.100000000002,VALIDATED_ABSOLUTE_UPDATES_WITH_GAP_GUARD,,,,,0,1.1632,-13363.91431,-11479.200000000003,-0.6267649467649468,0,0,0.009628610729023546,-0.0006877579092158248,-0.0011176066024759512,0.0060178817056395495,-0.0017193947730398396,0.01229367262723513,16346.8,77657.3,,,,,0,-71374.46992999998,-61310.50000000001,-0.652210914204806,0,1.1627,,,94004.1,76,1.1656,1.1631,,1790814540,2026-10-01T00:29:00+00:00,1.1653,research_batch_v6,,B-SUI_USDT,18315.000000000004,62
45803.1,20870.700000000004,VALIDATED_ABSOLUTE_UPDATES_WITH_GAP_GUARD,,,,,0,1.1612,28953.205910000004,24932.399999999998,0.37394598777930754,0,0,0.012056493282810887,0.0007750602824663222,0.0016362383740957664,0.008525663107130654,0.0021529452290733886,0.01507061660351372,74830.6,189874.50000000003,,,,,0,-133496.10142,-115043.90000000001,-0.4346115734075391,0,1.1607,,,264705.1000000001,167,1.1628,1.16,,1790814600,2026-10-01T00:30:00+00:00,1.1628,research_batch_v6,,B-SUI_USDT,66673.8,196
11550.9,8281.0,VALIDATED_ABSOLUTE_UPDATES_WITH_GAP_GUARD,,,,,0,1.1637,3805.3491599999993,3269.8999999999996,0.16488082332000462,0,0,0.008593280054997043,-0.0015467904098994678,0.0014608576093495529,0.006874624043997635,-0.001117126407149449,0.013233651284695336,61767.600000000006,7433.200000000003,,,,,0,63119.13766000001,54334.40000000001,0.785170113640305,0,1.163,,,69200.79999999999,123,1.1637,1.1606,,1790814660,2026-10-01T00:31:00+00:00,1.1609,research_batch_v6,,B-SUI_USDT,19831.9,78
13001.1,29137.800000000007,VALIDATED_ABSOLUTE_UPDATES_WITH_GAP_GUARD,,,,,0,1.1624,-18763.114920000004,-16136.70000000001,-0.38294070324569474,0,0,0.011183757742601497,0.000602202339986091,0.0015485203028215988,0.009807295251204273,-0.00025808671713711817,0.013936682725395722,25901.4,42964.100000000006,,,,,0,-19835.931389999998,-17062.699999999997,-0.2477684762326564,0,1.1615,,,68865.49999999999,92,1.1631,1.1619,,1790814720,2026-10-01T00:32:00+00:00,1.1631,research_batch_v6,,B-SUI_USDT,42138.90000000001,109
12522.000000000002,24765.1,VALIDATED_ABSOLUTE_UPDATES_WITH_GAP_GUARD,,,,,0,1.1621,-14210.677630000006,-12243.100000000002,-0.32834680090433427,0,0,0.009637724808536419,0.0028396867739437504,0.0034420445744771655,0.011444798210136886,-0.00017210222872388048,0.014800791670252167,43443.200000000004,25913.800000000007,,,,,0,20345.681300000004,17529.4,0.25274161223813035,0,1.1617,,,69356.99999999999,80,1.1622,1.1609,,1790814780,2026-10-01T00:33:00+00:00,1.1618,research_batch_v6,,B-SUI_USDT,37287.1,138
9540.2,19240.100000000006,VALIDATED_ABSOLUTE_UPDATES_WITH_GAP_GUARD,,,,,0,1.1619,-11285.197799999998,-9699.900000000007,-0.33703262300948933,0,0,0.01161890007745936,0.0019795163094931123,0.007143471899474951,0.013426284533953003,0.0010327911179963678,0.014114811945950656,110699.80000000002,110401.09999999998,,,,,0,369.19529999999946,298.7000000000021,0.0013509669114870272,0,1.1615,,,221100.90000000002,238,1.1637,1.1619,,1790814840,2026-10-01T00:34:00+00:00,1.162,research_batch_v6,,B-SUI_USDT,28780.300000000003,197
13612.799999999997,14223.6,VALIDATED_ABSOLUTE_UPDATES_WITH_GAP_GUARD,,,,,0,1.1631,-702.423790000001,-610.8,-0.02194249256369358,0,0,0.011520935431175383,0.0025793139025018785,0.006878170406671824,0.013412432293010035,0.001977473991918055,0.012208752471842388,57414.200000000004,23705.4,,,,,0,39139.85959,33708.8,0.41554445534741297,0,1.1625,,,81119.6,89,1.1631,1.161,,1790814900,2026-10-01T00:35:00+00:00,1.1619,research_batch_v6,,B-SUI_USDT,27836.4,99
20817.399999999994,2571.6999999999994,VALIDATED_ABSOLUTE_UPDATES_WITH_GAP_GUARD,,,,,0,1.1654,21242.635619999994,18245.7,0.7800941464186311,0,0,0.009867856529946817,0.004118757508151605,0.0054058692294491895,0.011755620387849719,-0.0010296893770379567,0.009953663978033322,58284.49999999999,5294.900000000001,,,,,0,61674.57059,52989.59999999999,0.8334397619354696,0,1.1648,,,63579.399999999994,96,1.1654,1.1631,,1790814960,2026-10-01T00:36:00+00:00,1.1631,research_batch_v6,,B-SUI_USDT,23389.099999999995,64
4565.1,23978.399999999998,VALIDATED_ABSOLUTE_UPDATES_WITH_GAP_GUARD,,,,,0,1.1642,-22606.678760000003,-19413.300000000003,-0.6801303273950288,0,0,0.01099467445456126,0.005926816698161863,0.008246005840920834,0.012369008761381473,0.0016320219893488641,0.010822882666208677,25506.000000000004,52194.6,,,,,0,-31060.312739999998,-26688.6,-0.34347997312762074,0,1.1638,,,77700.59999999998,91,1.1656,1.1636,,1790815020,2026-10-01T00:37:00+00:00,1.1656,research_batch_v6,,B-SUI_USDT,28543.5,130
8511.5,13838.699999999997,VALIDATED_ABSOLUTE_UPDATES_WITH_GAP_GUARD,,,,,0,1.1661,-6201.450820000002,-5327.2,-0.23835133466367195,0,0,0.012777634851213637,0.004802332561529843,0.007975302289683572,0.01131978389503474,0.0035159934825486072,0.006431695394906178,54231.700000000004,103057.2,,,,,0,-56752.98432999999,-48825.500000000015,-0.31041923492376144,0,1.1657,,,157288.89999999997,90,1.1661,1.1632,,1790815080,2026-10-01T00:38:00+00:00,1.1642,research_batch_v6,,B-SUI_USDT,22350.199999999997,108
35300.9,14588.399999999998,VALIDATED_ABSOLUTE_UPDATES_WITH_GAP_GUARD,,,,,0,1.1702,24232.55563,20712.499999999996,0.41516918457464824,0,0,0.006580071782601227,0.003076397197060432,0.006238249871816759,0.0069218936933856945,0.0007690992992652745,0.0019654759870109118,224258.0,48018.2,,,,,0,205928.40361,176239.8,0.6472831631997216,0,1.1696,,,272276.19999999995,167,1.1702,1.1654,,1790815140,2026-10-01T00:39:00+00:00,1.1661,research_batch_v6,,B-SUI_USDT,49889.299999999996,188
44009.8,57970.09999999999,VALIDATED_ABSOLUTE_UPDATES_WITH_GAP_GUARD,,,,,0,1.1711,-16346.780719999995,-13960.3,-0.1368926621814691,0,0,0.007343523183331868,0.003671761591665934,0.0064896251387585036,0.0052941678763556155,0.0005123388267440632,0.0035009819827511723,136620.89999999997,96326.0,,,,,0,47191.04152999997,40294.90000000001,0.17297890635161925,0,1.1706,,,232946.89999999997,132,1.1718,1.1699,,1790815200,2026-10-01T00:40:00+00:00,1.1702,research_batch_v6,,B-SUI_USDT,101979.9,209
20964.199999999993,3737.9999999999995,VALIDATED_ABSOLUTE_UPDATES_WITH_GAP_GUARD,,,,,0,1.1717,20187.20179999999,17226.2,0.697354891467157,0,0,0.005803533327643606,0.004950072544166684,0.0063156097977299375,0.0045233421524282225,0.001792267645301715,0.0025603823504309897,163360.30000000002,81703.70000000001,,,,,0,95674.42758000002,81656.59999999995,0.3332052035386673,0,1.171,,,245063.99999999997,151,1.1728,1.1712,,1790815260,2026-10-01T00:41:00+00:00,1.1712,research_batch_v6,,B-SUI_USDT,24702.199999999993,100
10164.400000000001,23446.800000000003,VALIDATED_ABSOLUTE_UPDATES_WITH_GAP_GUARD,,,,,0,1.1738,-15585.274869999997,-13282.4,-0.39517779787689805,0,0,0.007241438064406136,0.004174476060657906,0.004089282671664751,0.002555801669790414,0.0013630942238882504,-0.0001703867779859758,100754.80000000002,82822.6,,,,,0,21011.625329999995,17932.200000000004,0.09768195867247279,0,1.1734,,,183577.4,159,1.174,1.1709,,1790815320,2026-10-01T00:42:00+00:00,1.1716,research_batch_v6,,B-SUI_USDT,33611.20000000001,146
63508.3,39014.2,VALIDATED_ABSOLUTE_UPDATES_WITH_GAP_GUARD,,,,,0,1.1754,28786.351260000014,24494.1,0.23891438464727258,0,0,0.004849412965798994,0.003147864556746649,0.0033180193976518613,-0.0015313935681470214,0.0017866258295049509,-0.0013612387272418092,199531.19999999998,208692.79999999996,,,,,0,-10782.383640000027,-9161.599999999999,-0.02244258054401505,0,1.175,,,408224.0,234,1.1754,1.1728,,1790815380,2026-10-01T00:43:00+00:00,1.1734,research_batch_v6,,B-SUI_USDT,102522.49999999999,203
20190.3,13309.199999999999,VALIDATED_ABSOLUTE_UPDATES_WITH_GAP_GUARD,,,,,0,1.1775,8099.05134,6881.100000000001,0.20540903595576063,0,0,0.0032271762208069266,0.0009341825902335898,0.0006794055201697624,-0.004246284501061459,0.0010191082802548657,-0.002632696390658107,116082.79999999999,111831.99999999999,,,,,0,4949.886799999987,4250.7999999999965,0.018650829169496657,0,1.1769,,,227914.8,165,1.1779,1.1753,,1790815440,2026-10-01T00:44:00+00:00,1.1754,research_batch_v6,,B-SUI_USDT,33499.49999999999,95
28482.399999999998,19042.2,VALIDATED_ABSOLUTE_UPDATES_WITH_GAP_GUARD,,,,,0,1.1787,11116.134329999993,9440.199999999999,0.1986381789641575,0,0,0.0038177653346906926,0.0005090353779586554,-0.0011877492152372326,-0.0029693730380928596,0.0003393569186391776,-0.0029693730380928596,145098.7,82911.2,,,,,0,73220.3505,62187.5,0.27274035030935057,0,1.1782,,,228009.90000000005,145,1.179,1.1772,,1790815500,2026-10-01T00:45:00+00:00,1.1774,research_batch_v6,,B-SUI_USDT,47524.6,85
17413.500000000004,30155.800000000007,VALIDATED_ABSOLUTE_UPDATES_WITH_GAP_GUARD,,,,,0,1.1791,-15022.432189999998,-12742.300000000001,-0.2678681418477884,0,0,0.002374692562123526,-0.0006784835891783247,-0.0017810194215927,-0.0037316597404799534,-0.00042405224323627255,-0.004579764226952832,123895.00000000001,204920.00000000003,,,,,0,-95423.58726999999,-81025.0,-0.24641515745936168,0,1.1786,,,328814.99999999994,233,1.1795,1.1773,,1790815560,2026-10-01T00:46:00+00:00,1.179,research_batch_v6,,B-SUI_USDT,47569.3,172
13490.7,55105.80000000001,VALIDATED_ABSOLUTE_UPDATES_WITH_GAP_GUARD,,,,,0,1.1786,-49054.21206,-41615.10000000001,-0.6066650630863093,0,0,0.003987782114373006,-0.0011030035635500868,-0.0015272357033768724,-0.004242321398269189,0.0005939249957576109,-0.0027150856948923163,80595.69999999998,141259.3,,,,,0,-71459.12145999998,-60663.600000000006,-0.27343805638818147,0,1.1782,,,221855.00000000003,173,1.1794,1.1777,,1790815620,2026-10-01T00:47:00+00:00,1.1791,research_batch_v6,,B-SUI_USDT,68596.5,183
21859.800000000003,22159.5,VALIDATED_ABSOLUTE_UPDATES_WITH_GAP_GUARD,,,,,0,1.1793,-346.6584700000068,-299.7000000000004,-0.006808377234531224,0,0,0.003646230814890128,-0.001950309505638903,-0.004833375731366107,-0.004663783600440952,-0.0008479606546256679,-0.005087763927753786,66809.0,109499.6,,,,,0,-50323.64290000001,-42690.600000000006,-0.24213566439753934,0,1.1789,,,176308.6,141,1.1796,1.1786,,1790815680,2026-10-01T00:48:00+00:00,1.1786,research_batch_v6,,B-SUI_USDT,44019.30000000001,91
43449.50000000001,21990.799999999992,VALIDATED_ABSOLUTE_UPDATES_WITH_GAP_GUARD,,,,,0,1.1783,25328.5187,21458.700000000004,0.3279126165375159,0,0,0.004413137571076975,-0.0012730204531951061,-0.004922345752354951,-0.0033098531783075646,-0.0008486803021301448,-0.00246117287617742,187554.99999999997,211166.9,,,,,0,-27782.84128999999,-23611.9,-0.059218969412013746,0,1.1779,,,398721.89999999997,313,1.1803,1.1783,,1790815740,2026-10-01T00:49:00+00:00,1.1792,research_batch_v6,,B-SUI_USDT,65440.3,181
29403.600000000002,17545.7,VALIDATED_ABSOLUTE_UPDATES_WITH_GAP_GUARD,,,,,0,1.1773,13976.676230000001,11857.900000000005,0.2525681959049444,0,0,0.007984371018431968,-0.0031427843370424036,-0.0017837424615645414,-0.0017837424615645414,-0.00025482035165202976,-0.00067952093773882,175515.39999999997,276085.9,,,,,0,-118255.41377999997,-100570.5,-0.222697543164734,0,1.1767,,,451601.30000000005,336,1.1795,1.1769,,1790815800,2026-10-01T00:50:00+00:00,1.1788,research_batch_v6,,B-SUI_USDT,46949.299999999996,171
30169.199999999986,23516.600000000002,VALIDATED_ABSOLUTE_UPDATES_WITH_GAP_GUARD,,,,,0,1.177,7820.775680000004,6652.599999999987,0.12391731146783666,0,0,0.00815632965165669,-0.0038232795242140183,-0.001954120645709434,-0.002803738317757043,-0.00016992353440947738,-8.496176720473869e-05,55763.899999999994,130963.70000000003,,,,,0,-88436.10784999999,-75199.8,-0.4027246106092512,0,1.1766,,,186727.59999999998,205,1.178,1.175,,1790815860,2026-10-01T00:51:00+00:00,1.1772,research_batch_v6,,B-SUI_USDT,53685.80000000001,164
21010.4,7622.4,VALIDATED_ABSOLUTE_UPDATES_WITH_GAP_GUARD,,,,,0,1.1768,15747.534010000001,13388.0,0.4675756475091503,0,0,0.009007477906186168,-0.0013596193065942286,-0.002719238613188346,-0.0011896668932699361,-0.002719238613188346,0.00016995241332429245,68655.1,63969.100000000006,,,,,0,5523.598059999999,4685.9999999999945,0.035332918125048025,0,1.1764,,,132624.2,135,1.1772,1.1756,,1790815920,2026-10-01T00:52:00+00:00,1.177,research_batch_v6,,B-SUI_USDT,28632.800000000003,90
7502.499999999999,17919.399999999998,VALIDATED_ABSOLUTE_UPDATES_WITH_GAP_GUARD,,,,,0,1.1736,-12243.48212,-10416.900000000001,-0.4097608754656419,0,0,0.011247443762781195,0.0009372869802317663,0.00017041581458765442,-0.0002556237218813706,-0.0009372869802316552,0.006305385139740993,19198.1,99791.49999999999,,,,,0,-94699.86819999998,-80593.4,-0.6773146560707828,0,1.1732,,,118989.59999999998,126,1.1768,1.1736,,1790815980,2026-10-01T00:53:00+00:00,1.1768,research_batch_v6,,B-SUI_USDT,25421.9,97
8161.099999999999,8854.8,VALIDATED_ABSOLUTE_UPDATES_WITH_GAP_GUARD,,,,,0,1.1725,-814.3340699999994,-693.7000000000002,-0.04076775251382531,0,0,0.013646055437100069,0.0009381663113006145,0.0016204690831556068,0.002473347547974347,0.002302771855010599,0.004605543710021198,28540.6,52058.1,,,,,0,-27583.03771,-23517.500000000007,-0.29178510323367507,0,1.1721,,,80598.7,134,1.1741,1.1725,,1790816040,2026-10-01T00:54:00+00:00,1.1736,research_batch_v6,,B-SUI_USDT,17015.9,89
24715.6,15929.2,VALIDATED_ABSOLUTE_UPDATES_WITH_GAP_GUARD,,,,,0,1.1752,10313.20113,8786.4,0.2161752548911546,0,0,0.011147038801905929,-0.0011912865895167268,0.0,0.0011061946902655162,-0.00042545949625594215,0.0038291354663035904,53031.99999999999,43166.299999999996,,,,,0,11569.352719999997,9865.7,0.10255586637185897,0,1.1748,,,96198.3,156,1.1756,1.1725,,1790816100,2026-10-01T00:55:00+00:00,1.1725,research_batch_v6,,B-SUI_USDT,40644.799999999996,122
21764.3,15778.000000000002,VALIDATED_ABSOLUTE_UPDATES_WITH_GAP_GUARD,,,,,0,1.1747,7037.316690000003,5986.300000000001,0.15945480165040507,0,0,0.013450242615135721,-0.00025538435345195953,-0.0008512811781732355,0.0018728185919809626,-0.0009364092959905923,0.003234868477058006,24029.5,57575.299999999996,,,,,0,-39416.84541,-33545.79999999999,-0.41107630923671135,0,1.1743,,,81604.80000000002,139,1.1758,1.1744,,1790816160,2026-10-01T00:56:00+00:00,1.1755,research_batch_v6,,B-SUI_USDT,37542.299999999996,94
5156.4,15116.9,VALIDATED_ABSOLUTE_UPDATES_WITH_GAP_GUARD,,,,,0,1.1736,-11690.952570000001,-9960.5,-0.4913112320145215,0,0,0.012440354464894332,0.0013633265167007913,0.0015337423312884457,0.002897068847989237,0.00017041581458765442,0.007413087934560192,26686.600000000006,71263.60000000002,,,,,0,-52307.181279999975,-44577.00000000001,-0.455098611335148,0,1.1732,,,97950.19999999998,104,1.1744,1.1732,,1790816220,2026-10-01T00:57:00+00:00,1.1744,research_batch_v6,,B-SUI_USDT,20273.300000000003,70
11187.900000000001,10864.5,VALIDATED_ABSOLUTE_UPDATES_WITH_GAP_GUARD,,,,,0,1.1738,377.8109900000002,323.4000000000017,0.014665070468520511,0,0,0.012097461237007945,-8.51933889930434e-05,-0.000425966944964995,0.006133924007497127,0.0005111603339582604,0.006219117396490059,176422.69999999998,34153.799999999996,,,,,0,166946.09561,142268.89999999997,0.6756162249823695,0,1.1736,,,210576.50000000006,186,1.1749,1.1731,,1790816280,2026-10-01T00:58:00+00:00,1.1735,research_batch_v6,,B-SUI_USDT,22052.399999999998,84
10410.800000000001,6690.5,VALIDATED_ABSOLUTE_UPDATES_WITH_GAP_GUARD,,,,,0,1.1744,4366.617010000001,3720.2999999999993,0.21754486501026235,0,0,0.010047683923705586,0.0008514986376020328,0.0008514986376020328,0.002980245231607448,0.0006811989100816707,0.005875340599454937,40990.6,45205.799999999996,,,,,0,-4958.970710000012,-4215.199999999995,-0.04890227434092368,0,1.1739,,,86196.40000000002,77,1.175,1.1744,,1790816340,2026-10-01T00:59:00+00:00,1.1744,research_batch_v6,,B-SUI_USDT,17101.3,50
14808.900000000001,3798.2000000000007,VALIDATED_ABSOLUTE_UPDATES_WITH_GAP_GUARD,,,,,0,1.1752,12937.265919999996,11010.7,0.5917472362700259,0,0,0.0074880871341047595,-0.001616746085772669,0.0011061946902655162,0.0038291354663035904,-0.0012763784887679375,0.006807351940095296,52451.999999999985,42163.3,,,,,0,12086.597770000013,10288.7,0.10874245497292723,0,1.1747,,,94615.29999999999,151,1.1763,1.174,,1790816400,2026-10-01T01:00:00+00:00,1.174,research_batch_v6,,B-SUI_USDT,18607.100000000002,107
28827.00000000001,14300.300000000001,VALIDATED_ABSOLUTE_UPDATES_WITH_GAP_GUARD,,,,,0,1.1737,17089.76132,14526.699999999999,0.33683305006341685,0,0,0.006816051801993739,0.001448411007923589,0.00272642072079754,0.004089631081196421,0.001448411007923589,0.006986453097043599,87489.2,108338.40000000001,,,,,0,-24429.166569999998,-20849.199999999983,-0.10646711699474426,0,1.1733,,,195827.6,141,1.1762,1.1736,,1790816460,2026-10-01T01:01:00+00:00,1.1761,research_batch_v6,,B-SUI_USDT,43127.3,144
9146.4,14407.499999999998,VALIDATED_ABSOLUTE_UPDATES_WITH_GAP_GUARD,,,,,0,1.1754,-6193.827810000001,-5261.1,-0.22336428362182056,0,0,0.00893312914752431,0.0009358516249788895,0.0013612387272419202,0.005870342011230045,-0.0017866258295048398,0.006721116215756329,76245.90000000001,75022.4,,,,,0,1403.9248099999886,1223.4999999999918,0.008088277583604708,0,1.175,,,151268.3,156,1.1774,1.1741,,1790816520,2026-10-01T01:02:00+00:00,1.1741,research_batch_v6,,B-SUI_USDT,23553.900000000005,114
8512.400000000003,44498.6,VALIDATED_ABSOLUTE_UPDATES_WITH_GAP_GUARD,,,,,0,1.1733,-42316.625329999995,-35986.2,-0.6788440135066306,0,0,0.011506008693428882,0.003068268984914413,0.006562686439955723,0.006647916133981191,0.001789823574533278,0.00877865848461612,50454.20000000002,189544.10000000003,,,,,0,-163461.05917000005,-139089.9,-0.5795453551129318,0,1.1732,,,239998.30000000008,154,1.1775,1.1733,,1790816580,2026-10-01T01:03:00+00:00,1.1762,research_batch_v6,,B-SUI_USDT,53011.00000000001,132
11299.999999999998,12245.5,VALIDATED_ABSOLUTE_UPDATES_WITH_GAP_GUARD,,,,,0,1.1754,-1111.7888499999995,-945.4999999999998,-0.040156293134569226,0,0,0.010549600136123827,0.0013612387272419202,0.0021269355113151533,0.005019567806704206,0.0009358516249788895,0.006891271056661541,187743.90000000005,71117.1,,,,,0,137138.47509,116626.79999999999,0.450538319793248,0,1.1749,,,258861.00000000006,175,1.1773,1.1731,,1790816640,2026-10-01T01:04:00+00:00,1.1732,research_batch_v6,,B-SUI_USDT,23545.5,154
22501.099999999995,15661.800000000001,VALIDATED_ABSOLUTE_UPDATES_WITH_GAP_GUARD,,,,,0,1.1765,8037.809790000006,6839.300000000003,0.17921331974247254,0,0,,0.003824904377390581,0.002719932001699954,0.005694857628559147,0.0003399915002124665,0.008669783255418562,129834.00000000001,80015.09999999999,,,,,0,58588.621370000015,49818.90000000004,0.237403448477978,0,1.1763,,,209849.09999999992,173,1.1766,1.1737,,1790816700,2026-10-01T01:05:00+00:00,1.1753,research_batch_v6,,B-SUI_USDT,38162.89999999999,129
21007.5,10671.600000000002,VALIDATED_ABSOLUTE_UPDATES_WITH_GAP_GUARD,,,,,0,1.1769,12167.275640000002,10335.9,0.32626873869522804,0,0,,0.0008496898631997762,0.0013595037811198196,0.004248449315999547,8.496898632004424e-05,0.008241991673039406,51781.8,77338.10000000003,,,,,0,-30084.107589999985,-25556.300000000003,-0.19792688810942385,0,1.1767,,,129119.90000000002,157,1.1782,1.1765,,1790816760,2026-10-01T01:06:00+00:00,1.1765,research_batch_v6,,B-SUI_USDT,31679.100000000002,167
8011.400000000001,15394.000000000002,VALIDATED_ABSOLUTE_UPDATES_WITH_GAP_GUARD,,,,,0,1.177,-8689.811309999997,-7382.5999999999985,-0.3154229365872832,0,0,,0.0022939677145283888,0.004502973661852039,0.005352591333899648,0.003398470688190214,0.008836023789294822,68623.7,52151.70000000001,,,,,0,19379.95114999999,16472.0,0.1363853897399636,0,1.1767,,,120775.40000000001,123,1.178,1.1765,,1790816820,2026-10-01T01:07:00+00:00,1.1769,research_batch_v6,,B-SUI_USDT,23405.4,80
39613.6,12152.0,VALIDATED_ABSOLUTE_UPDATES_WITH_GAP_GUARD,,,,,0,1.181,32344.347570000013,27461.600000000002,0.5304990186533142,0,0,,-0.0021168501270110163,8.467400508038736e-05,0.0022015241320914036,-0.0026248941574937845,0.0049110922946655755,178921.79999999996,55955.2,,,,,0,144865.62893,122966.6,0.5235361487076214,0,1.1806,,,234877.0,168,1.181,1.1763,,1790816880,2026-10-01T01:08:00+00:00,1.177,research_batch_v6,,B-SUI_USDT,51765.600000000006,139
16162.699999999999,86206.69999999998,VALIDATED_ABSOLUTE_UPDATES_WITH_GAP_GUARD,,,,,0,1.1779,-82634.86489000001,-70043.99999999999,-0.6842279040416375,0,0,,0.0037354614143814135,0.002886492911112981,0.004754223618303799,0.001528143305883356,0.008999066134646405,32121.2,115317.90000000001,,,,,0,-98086.66010999995,-83196.7,-0.5642784037612819,0,1.1777,,,147439.09999999995,168,1.1814,1.1766,,1790816940,2026-10-01T01:09:00+00:00,1.1808,research_batch_v6,,B-SUI_USDT,102369.39999999998,156
18414.700000000004,6798.4,VALIDATED_ABSOLUTE_UPDATES_WITH_GAP_GUARD,,,,,0,1.1797,13684.317560000001,11616.3,0.4607247819585849,0,0,,0.0011867423921336773,0.002966855980333971,0.005933711960668164,-0.0010172077646858346,0.007289988980249129,39800.1,42416.5,,,,,0,-3081.0139999999974,-2616.400000000002,-0.03182325710379658,0,1.1794,,,82216.59999999999,118,1.1797,1.1775,,1790817000,2026-10-01T01:10:00+00:00,1.1775,research_batch_v6,,B-SUI_USDT,25213.100000000006,105
6432.400000000001,23787.4,VALIDATED_ABSOLUTE_UPDATES_WITH_GAP_GUARD,,,,,0,1.1785,-20468.064950000004,-17355.0,-0.5742923513722791,0,0,,0.0023759015697919494,0.002885023334747494,0.00687314382689852,0.003224437844717709,0.010182435299108894,55737.89999999999,87270.90000000001,,,,,0,-37163.7111,-31533.000000000007,-0.22049692046922997,0,1.1784,,,143008.79999999996,124,1.18,1.1785,,1790817060,2026-10-01T01:11:00+00:00,1.1789,research_batch_v6,,B-SUI_USDT,30219.800000000003,122
16523.6,24747.399999999994,VALIDATED_ABSOLUTE_UPDATES_WITH_GAP_GUARD,,,,,0,1.1823,-9686.248029999999,-8223.799999999994,-0.19926340529669734,0,0,,0.0007612281146918143,0.0008458090163241394,0.004313625983253022,-0.0010149708195887897,0.004990273196312289,134962.19999999995,86852.10000000003,,,,,0,56884.39404999997,48110.09999999998,0.21689359071980469,0,1.1822,,,221814.30000000002,144,1.1823,1.178,,1790817120,2026-10-01T01:12:00+00:00,1.178,research_batch_v6,,B-SUI_USDT,41270.99999999999,154
13912.199999999997,107670.39999999998,VALIDATED_ABSOLUTE_UPDATES_WITH_GAP_GUARD,,,,,0,1.1811,-110749.68236000002,-93758.2,-0.7711481741630792,0,0,,0.0006773346880026843,0.002116670900008444,0.004826009652019403,0.00016933367200056004,0.005842011684023207,29947.999999999996,116997.0,,,,,0,-102818.57085999996,-87049.00000000001,-0.5923917111844568,0,1.1809,,,146945.00000000003,154,1.1822,1.1801,,1790817180,2026-10-01T01:13:00+00:00,1.1822,research_batch_v6,,B-SUI_USDT,121582.59999999999,165
9691.0,20759.000000000004,VALIDATED_ABSOLUTE_UPDATES_WITH_GAP_GUARD,,,,,0,1.1813,-13086.922060000003,-11068.0,-0.3634811165845649,0,0,,0.0016930500296283846,0.0018623550325911342,0.006094980106662096,0.0016083975281468987,0.004147972572589476,150889.80000000002,155820.5,,,,,0,-5873.959719999959,-4930.699999999991,-0.016076082218301736,0,1.181,,,306710.3,232,1.1833,1.1811,,1790817240,2026-10-01T01:14:00+00:00,1.1811,research_batch_v6,,B-SUI_USDT,30449.999999999996,167
78903.29999999997,28806.700000000004,VALIDATED_ABSOLUTE_UPDATES_WITH_GAP_GUARD,,,,,0,1.1832,59168.56348999999,50096.59999999998,0.46510630396434854,0,0,,0.00033806626098709103,0.0029580797836377126,0.004310344827586077,-0.0010987153482082679,0.0006761325219741821,146311.80000000002,169830.0,,,,,0,-27695.117049999975,-23518.19999999998,-0.07439130162477718,0,1.1827,,,316141.79999999993,287,1.1832,1.1791,,1790817300,2026-10-01T01:15:00+00:00,1.1812,research_batch_v6,,B-SUI_USDT,107709.99999999999,258
86686.9,16005.7,VALIDATED_ABSOLUTE_UPDATES_WITH_GAP_GUARD,,,,,0,1.1819,83727.54027000001,70681.20000000001,0.6882793891672816,0,0,,0.0013537524325240025,0.003976647770539188,0.007276419324815819,0.0011845333784583634,-0.00016921905406541704,197452.19999999995,76437.5,,,,,0,143360.46531000015,121014.69999999998,0.4418373527737625,0,1.1816,,,273889.7,262,1.1853,1.1819,,1790817360,2026-10-01T01:16:00+00:00,1.1828,research_batch_v6,,B-SUI_USDT,102692.60000000005,175
14666.299999999997,14437.600000000002,VALIDATED_ABSOLUTE_UPDATES_WITH_GAP_GUARD,,,,,0,1.1833,266.3334600000003,228.69999999999976,0.007858053388033899,0,0,,0.0028733203752218106,0.0034648863348263337,0.0041409617172314395,0.0002535282684019702,0.002197244992816705,65293.9,79736.5,,,,,0,-17104.248910000006,-14442.599999999999,-0.09958325978553463,0,1.1831,,,145030.39999999997,162,1.1841,1.1812,,1790817420,2026-10-01T01:17:00+00:00,1.1819,research_batch_v6,,B-SUI_USDT,29103.899999999994,116
16274.299999999997,46749.59999999999,VALIDATED_ABSOLUTE_UPDATES_WITH_GAP_GUARD,,,,,0,1.1836,-36068.12947000001,-30475.299999999992,-0.4835514780900579,0,0,,0.0025346400811085967,0.0027036160865157033,0.0037174721189590088,-8.448800270355328e-05,0.0027036160865157033,60939.40000000001,103971.9,,,,,0,-50922.80392999999,-43032.5,-0.2609433070990284,0,1.1834,,,164911.3,165,1.1845,1.1829,,1790817480,2026-10-01T01:18:00+00:00,1.1836,research_batch_v6,,B-SUI_USDT,63023.89999999999,125
16794.499999999996,16817.199999999997,VALIDATED_ABSOLUTE_UPDATES_WITH_GAP_GUARD,,,,,0,1.1835,-20.93100000000244,-22.70000000000043,-0.0006753600680715476,0,0,,0.003295310519645156,0.0042247570764679665,0.0022813688212928174,0.0027038445289395696,0.003633291085762602,68255.9,158478.49999999997,,,,,0,-106667.37895999996,-90222.59999999998,-0.3979219739042684,0,1.1833,,,226734.40000000005,170,1.1839,1.1815,,1790817540,2026-10-01T01:19:00+00:00,1.1829,research_batch_v6,,B-SUI_USDT,33611.69999999999,145
21009.399999999998,7542.600000000002,VALIDATED_ABSOLUTE_UPDATES_WITH_GAP_GUARD,,,,,0,1.1867,15958.226080000004,13466.799999999994,0.47165872793499575,0,0,,8.42672958625279e-05,0.0013482767337995583,-0.002275216988286921,-8.426729586241688e-05,,145510.59999999998,56863.100000000006,,,,,0,105046.62711000004,88647.49999999996,0.43803863841991303,0,1.1865,,,202373.7,129,1.1867,1.1842,,1790817600,2026-10-01T01:20:00+00:00,1.1844,research_batch_v6,,B-SUI_USDT,28551.99999999999,93
14504.3,26237.8,VALIDATED_ABSOLUTE_UPDATES_WITH_GAP_GUARD,,,,,0,1.1866,-13924.724430000004,-11733.499999999995,-0.28799448236590647,0,0,,0.001601213551323033,0.0032867015000841437,-0.004129445474464921,0.0006741951795043999,,102676.30000000002,116116.7,,,,,0,-15932.614860000003,-13440.400000000003,-0.061429753237077986,0,1.1863,,,218793.0,158,1.1876,1.1864,,1790817660,2026-10-01T01:21:00+00:00,1.1866,research_batch_v6,,B-SUI_USDT,40742.09999999999,142
19956.599999999995,13134.6,VALIDATED_ABSOLUTE_UPDATES_WITH_GAP_GUARD,,,,,0,1.1874,8092.12151,6821.999999999998,0.20615752828546557,0,0,,0.000757958564931771,0.000673740946605994,-0.001263264274886322,-0.00050530570995444,,36047.6,144837.3,,,,,0,-129019.51691000002,-108789.7,-0.6014305229458071,0,1.1871,,,180884.89999999997,169,1.1879,1.1858,,1790817720,2026-10-01T01:22:00+00:00,1.1864,research_batch_v6,,B-SUI_USDT,33091.2,149
31885.2,29220.699999999997,VALIDATED_ABSOLUTE_UPDATES_WITH_GAP_GUARD,,,,,0,1.1868,3178.4470299999957,2664.4999999999977,0.043604627376407155,0,0,,0.0031176272328949928,0.0010111223458038054,0.0,0.0014324233232219097,,38875.10000000001,73778.8,,,,,0,-41444.492210000004,-34903.7,-0.3098312619447707,0,1.1865,,,112653.9,137,1.188,1.1866,,1790817780,2026-10-01T01:23:00+00:00,1.1874,research_batch_v6,,B-SUI_USDT,61105.899999999994,131
42818.200000000004,30754.899999999998,VALIDATED_ABSOLUTE_UPDATES_WITH_GAP_GUARD,,,,,0,1.1885,14315.298970000003,12063.3,0.1639634594709208,0,0,,-0.00025241901556583013,-0.0019352124526713643,-0.000588977702986937,-0.00016827934371055342,,40124.0,86845.6,,,,,0,-55493.28558,-46721.600000000006,-0.36797469630525736,0,1.1884,,,126969.6,148,1.1887,1.1862,,1790817840,2026-10-01T01:24:00+00:00,1.1868,research_batch_v6,,B-SUI_USDT,73573.09999999998,158
7965.900000000001,17707.2,VALIDATED_ABSOLUTE_UPDATES_WITH_GAP_GUARD,,,,,0,1.1883,-11577.057360000003,-9741.3,-0.37943606342825764,0,0,,-0.0002524614996213259,-0.0036186148279053754,,0.001851384330556316,,28924.100000000006,54325.90000000001,,,,,0,-30182.309590000004,-25401.80000000001,-0.3051267267267268,0,1.1879,,,83250.00000000001,121,1.189,1.1879,,1790817900,2026-10-01T01:25:00+00:00,1.1886,research_batch_v6,,B-SUI_USDT,25673.099999999995,97
76355.60000000002,31711.900000000005,VALIDATED_ABSOLUTE_UPDATES_WITH_GAP_GUARD,,,,,0,1.1905,53098.72634999999,44643.69999999997,0.41310939921808104,0,0,,-0.0036119277614447,-0.00739185216295668,,-0.0019319613607727826,,173012.69999999998,91635.89999999998,,,,,0,96842.81022999994,81376.80000000002,0.30749000750429073,0,1.1902,,,264648.5999999999,229,1.1908,1.1881,,1790817960,2026-10-01T01:26:00+00:00,1.1881,research_batch_v6,,B-SUI_USDT,108067.49999999999,190
23774.300000000003,57487.09999999999,VALIDATED_ABSOLUTE_UPDATES_WITH_GAP_GUARD,,,,,0,1.1882,-40139.261130000006,-33712.79999999999,-0.4148685599805073,0,0,,-0.0035347584581719715,-0.0019357010604275082,,-0.00016832183134152245,,52352.49999999999,120546.4,,,,,0,-81083.65079000003,-68193.9,-0.3944148863873628,0,1.1879,,,172898.9,252,1.1909,1.1882,,1790818020,2026-10-01T01:27:00+00:00,1.1908,research_batch_v6,,B-SUI_USDT,81261.39999999998,174
13902.5,25978.499999999996,VALIDATED_ABSOLUTE_UPDATES_WITH_GAP_GUARD,,,,,0,1.188,-14350.453170000003,-12076.000000000002,-0.302800832476618,0,0,,-0.005303030303030254,-0.0010101010101009056,,-0.0015151515151515804,,63406.799999999996,76068.9,,,,,0,-15021.204389999995,-12662.099999999995,-0.09078355584521172,0,1.1877,,,139475.69999999998,141,1.1883,1.1871,,1790818080,2026-10-01T01:28:00+00:00,1.188,research_batch_v6,,B-SUI_USDT,39881.0,91
6987.200000000001,7015.100000000001,VALIDATED_ABSOLUTE_UPDATES_WITH_GAP_GUARD,,,,,0,1.1862,-35.699229999999154,-27.900000000000137,-0.0019925297986759416,0,0,,-0.00025290844714209726,0.0013488450514247408,,-0.0018546619457089353,,17687.8,114663.89999999997,,,,,0,-115099.17375000003,-96976.09999999999,-0.7327151823512654,0,1.186,,,132351.7,124,1.1882,1.1861,,1790818140,2026-10-01T01:29:00+00:00,1.1879,research_batch_v6,,B-SUI_USDT,14002.3,75
16522.7,12928.3,VALIDATED_ABSOLUTE_UPDATES_WITH_GAP_GUARD,,,,,0,1.184,4268.219450000001,3594.400000000002,0.12204678958269673,0,0,,0.0023648648648650905,,,-0.0019425675675674992,,28968.999999999993,151725.30000000002,,,,,0,-145387.57017,-122756.3,-0.6793590057904428,0,1.1837,,,180694.3,174,1.1869,1.1839,,1790818200,2026-10-01T01:30:00+00:00,1.1863,research_batch_v6,,B-SUI_USDT,29451.000000000004,137
41210.60000000001,92960.19999999997,VALIDATED_ABSOLUTE_UPDATES_WITH_GAP_GUARD,,,,,0,1.1817,-61144.675660000015,-51749.600000000006,-0.3856994219308524,0,0,,0.005162054667005256,,,0.003554201574003546,,86100.90000000001,321632.4000000001,,,,,0,-278134.17249999987,-235531.50000000003,-0.5776606914372705,0,1.1817,,,407733.3,303,1.1838,1.18,,1790818260,2026-10-01T01:31:00+00:00,1.1838,research_batch_v6,,B-SUI_USDT,134170.8,271
42916.99999999999,29994.8,VALIDATED_ABSOLUTE_UPDATES_WITH_GAP_GUARD,,,,,0,1.1859,15323.089660000007,12922.2,0.17723057173187332,0,0,,,,,0.0007589172780166908,,114366.99999999997,83855.19999999998,,,,,0,36139.15196000002,30511.800000000003,0.1539272594088856,0,1.1856,,,198222.2,224,1.1862,1.1815,,1790818320,2026-10-01T01:32:00+00:00,1.1819,research_batch_v6,,B-SUI_USDT,72911.8,239
45380.10000000001,18830.9,VALIDATED_ABSOLUTE_UPDATES_WITH_GAP_GUARD,,,,,0,1.1868,31503.12193999999,26549.199999999993,0.4134680973664947,0,0,,,,,0.0008426019548364305,,267852.80000000005,132736.59999999998,,,,,0,160327.90720999998,135116.2,0.33729349803065195,0,1.1863,,,400589.3999999999,215,1.1871,1.1851,,1790818380,2026-10-01T01:33:00+00:00,1.1858,research_batch_v6,,B-SUI_USDT,64211.00000000001,166
3712.2000000000003,556.8,VALIDATED_ABSOLUTE_UPDATES_WITH_GAP_GUARD,,,,,0,1.1878,3745.4171500000007,3155.4,0.7391426563598033,0,0,,,,,,,31179.3,18978.1,,,,,0,14482.509309999998,12201.200000000003,0.24325822311363832,0,1.1877,,,50157.4,42,1.1878,1.1868,,1790818440,2026-10-01T01:34:00+00:00,1.1874,research_batch_v6,,B-SUI_USDT,4269.0,30
20304.0,36781.600000000006,VALIDATED_ABSOLUTE_UPDATES_WITH_GAP_GUARD,,,,,0,1.489,-24538.287420000004,-16477.6,-0.28864722451896796,0,0,-0.0015446608462056366,0.0001343183344526544,0.000335795836131636,0.0004029550033579632,6.71591672263272e-05,0.0004029550033579632,81137.09999999999,167227.7,,,,,0,-128188.05627,-86090.60000000002,-0.3466296351173758,0,1.4882,,,248364.8,165,1.4906,1.489,,1790812800,2026-10-01T00:00:00+00:00,1.49,research_batch_v6,,B-XRP_USDT,57085.600000000006,105
27909.8,7549.000000000002,VALIDATED_ABSOLUTE_UPDATES_WITH_GAP_GUARD,,,,,0,1.4891,30320.497940000005,20360.799999999996,0.574210069150676,0,0,-0.000671546571754833,0.00013430931435087778,0.0018803304009131772,0.002081794372439605,-0.0005372372574038442,-0.00013430931435109983,102081.09999999998,108692.49999999999,,,,,0,-9830.368009999973,-6611.400000000004,-0.03136730596241657,0,1.4882,,,210773.59999999998,136,1.4892,1.4886,,1790812860,2026-10-01T00:01:00+00:00,1.4891,research_batch_v6,,B-XRP_USDT,35458.80000000001,65
55518.0,11219.300000000001,VALIDATED_ABSOLUTE_UPDATES_WITH_GAP_GUARD,,,,,0,1.4883,65954.08844999998,44298.700000000004,0.6637772280269055,0,0,-0.0007390983000737927,0.000806289054626097,0.002418867163878291,0.0027548209366390353,0.0006047167909697393,6.719075455219325e-05,86320.99999999999,94883.30000000002,,,,,0,-12738.192939999994,-8562.299999999997,-0.047252189931475126,0,1.4873,,,181204.3,113,1.4892,1.4883,,1790812920,2026-10-01T00:02:00+00:00,1.4892,research_batch_v6,,B-XRP_USDT,66737.3,49
19735.600000000002,4149.5,VALIDATED_ABSOLUTE_UPDATES_WITH_GAP_GUARD,,,,,0,1.4892,23202.615419999995,15586.100000000002,0.6525448920038016,0,0,-0.0018130539887188935,0.0018130539887186714,0.0015444533977975183,0.0014101531023367198,6.715014773028827e-05,-0.0004029008863820627,108209.7,112267.0,,,,,0,-6027.350520000017,-4057.299999999985,-0.01840239807653138,0,1.4882,,,220476.69999999995,101,1.4892,1.4883,,1790812980,2026-10-01T00:03:00+00:00,1.4883,research_batch_v6,,B-XRP_USDT,23885.100000000002,40
26441.5,26485.800000000007,VALIDATED_ABSOLUTE_UPDATES_WITH_GAP_GUARD,,,,,0,1.4893,-75.54897000000119,-44.29999999999973,-0.0008369971640344345,0,0,-0.0019472235278319427,0.0017457866111596498,0.0,0.0009400389444704782,0.0001342912777815286,-0.0002014369166722929,128364.90000000004,108592.09999999998,,,,,0,29409.532999999996,19772.799999999992,0.08344467561625099,0,1.4885,,,236957.00000000006,85,1.4894,1.4887,,1790813040,2026-10-01T00:04:00+00:00,1.4893,research_batch_v6,,B-XRP_USDT,52927.3,60
23957.3,5602.5,VALIDATED_ABSOLUTE_UPDATES_WITH_GAP_GUARD,,,,,0,1.4895,27347.33183,18354.799999999996,0.6209378953849484,0,0,-0.0023497818059752262,0.0013427324605572721,6.71366230278192e-05,6.71366230278192e-05,0.001611278952668549,0.0009399127223899129,363528.30000000005,124851.99999999999,,,,,0,355427.17041000014,238676.30000000013,0.4887099254413008,0,1.4888,,,488380.3,125,1.49,1.4893,,1790813100,2026-10-01T00:05:00+00:00,1.4893,research_batch_v6,,B-XRP_USDT,29559.8,57
40331.099999999955,1187.6999999999998,VALIDATED_ABSOLUTE_UPDATES_WITH_GAP_GUARD,,,,,0,1.4919,58365.72164000001,39143.39999999996,0.9427873637966414,0,0,-0.00221194450030171,-0.0017427441517527953,0.0002010858636638524,-0.002010858636637969,0.0,-0.0008043434546551875,325761.1,210313.40000000002,,,,,0,172018.06668999992,115447.69999999998,0.21535756690534616,0,1.491,,,536074.5,164,1.4919,1.4895,,1790813160,2026-10-01T00:06:00+00:00,1.4895,research_batch_v6,,B-XRP_USDT,41518.79999999996,128
4371.9000000000015,24941.3,VALIDATED_ABSOLUTE_UPDATES_WITH_GAP_GUARD,,,,,0,1.4919,-30687.740359999996,-20569.4,-0.7017111744879443,0,0,-0.0024800589851866617,-0.001541658288088943,0.0003351431061062726,-0.0023460017427442414,-0.0002681144848850625,-0.001541658288088943,89722.79999999997,182295.70000000004,,,,,0,-138029.41391000003,-92572.90000000002,-0.3403183974619374,0,1.4911,,,272018.5,138,1.4921,1.4917,,1790813220,2026-10-01T00:07:00+00:00,1.4919,research_batch_v6,,B-XRP_USDT,29313.19999999999,56
11832.599999999999,64728.100000000006,VALIDATED_ABSOLUTE_UPDATES_WITH_GAP_GUARD,,,,,0,1.4915,-78920.19331999998,-52895.50000000001,-0.6908962431116747,0,0,-0.0018102581294000553,0.00046932618169615026,-0.00013409319477031278,-0.001944351324170368,-0.0014750251424739957,-0.0012068387529332592,97190.8,214583.9,,,,,0,-175034.80878000002,-117393.09999999995,-0.37653183532852386,0,1.4904,,,311774.70000000007,113,1.4924,1.4915,,1790813280,2026-10-01T00:08:00+00:00,1.4919,research_batch_v6,,B-XRP_USDT,76560.70000000001,55
20600.600000000002,60428.20000000001,VALIDATED_ABSOLUTE_UPDATES_WITH_GAP_GUARD,,,,,0,1.4893,-59379.6699,-39827.59999999999,-0.4915240013427322,0,0,0.0004028738333445858,0.0020815148056132493,0.0009400389444704782,-0.0002014369166722929,0.0002014369166722929,0.0006043107500166567,119067.5,357982.60000000003,,,,,0,-355867.5763799999,-238915.09999999992,-0.5008176290079384,0,1.4884,,,477050.1000000001,141,1.4905,1.4892,,1790813340,2026-10-01T00:09:00+00:00,1.4903,research_batch_v6,,B-XRP_USDT,81028.80000000002,132
18031.199999999997,12385.5,VALIDATED_ABSOLUTE_UPDATES_WITH_GAP_GUARD,,,,,0,1.4896,8408.324920000001,5645.699999999999,0.18561185138427239,0,0,0.0006713211600428703,0.0011412459720729906,0.0,0.0008727175080558425,0.001745435016111685,0.0005370569280342963,100282.5,177315.40000000002,,,,,0,-114690.39828,-77032.89999999998,-0.27749813669339707,0,1.4886,,,277597.9,111,1.49,1.489,,1790813400,2026-10-01T00:10:00+00:00,1.4894,research_batch_v6,,B-XRP_USDT,30416.700000000004,69
154144.59999999998,57327.100000000006,VALIDATED_ABSOLUTE_UPDATES_WITH_GAP_GUARD,,,,,0,1.4922,144315.80773000006,96817.49999999999,0.4578272175425836,0,0,-0.001608363490148701,-0.0010052271813429936,-0.0022114997989546303,-0.0010052271813429936,0.00013403029084568807,-0.0020774695081087202,301875.5999999999,329267.9000000001,,,,,0,-40999.28761000002,-27392.30000000002,-0.043401064892532384,0,1.4911,,,631143.5000000002,181,1.4922,1.4895,,1790813460,2026-10-01T00:11:00+00:00,1.4896,research_batch_v6,,B-XRP_USDT,211471.7,135
30236.600000000006,64899.1,VALIDATED_ABSOLUTE_UPDATES_WITH_GAP_GUARD,,,,,0,1.4924,-51736.80613,-34662.5,-0.3643479787293307,0,0,-0.0013401232913428096,-0.0018761726078798668,-0.002680246582685619,-0.0018761726078798668,-0.0007370678102384121,-0.002144197266148451,293993.60000000003,274822.4,,,,,0,28619.730860000014,19171.200000000015,0.03370369328570227,0,1.4914,,,568815.9999999999,164,1.4928,1.492,,1790813520,2026-10-01T00:12:00+00:00,1.4922,research_batch_v6,,B-XRP_USDT,95135.70000000003,96
3362.7,68756.40000000001,VALIDATED_ABSOLUTE_UPDATES_WITH_GAP_GUARD,,,,,0,1.4913,-97566.48616,-65393.700000000004,-0.9067459244499722,0,0,-0.0003352779454168786,-0.0016093341380005732,-0.0018105009052505894,-0.0010728894253336785,-0.00040233353450025433,-0.0014752229598337108,35393.2,106271.1,,,,,0,-105670.72233999998,-70877.89999999998,-0.5003229465715777,0,1.4903,,,141664.30000000005,106,1.4924,1.4913,,1790813580,2026-10-01T00:13:00+00:00,1.4924,research_batch_v6,,B-XRP_USDT,72119.10000000002,80
3242.0,23436.599999999995,VALIDATED_ABSOLUTE_UPDATES_WITH_GAP_GUARD,,,,,0,1.4907,-30109.946,-20194.599999999995,-0.7569587609544727,0,0,0.00033541289327176926,-0.0015428993090493837,-0.0011404038371233272,-0.0003354128932715472,-0.0007379083651974927,-0.001609981887703782,82206.69999999998,96123.30000000002,,,,,0,-20722.76977000002,-13916.59999999999,-0.07803846800874777,0,1.4896,,,178330.0,75,1.4913,1.4907,,1790813640,2026-10-01T00:14:00+00:00,1.4913,research_batch_v6,,B-XRP_USDT,26678.600000000002,52
10563.299999999996,46353.8,VALIDATED_ABSOLUTE_UPDATES_WITH_GAP_GUARD,,,,,0,1.4896,-53340.68949,-35790.5,-0.6288180529225836,0,0,0.0003356605800215462,-0.0006713211600430924,0.0008727175080558425,0.0005370569280342963,-0.00046992481203012026,-0.001946831364124657,77571.6,136654.59999999995,,,,,0,-88003.04864000002,-59083.0,-0.27579726476033284,0,1.4886,,,214226.19999999995,111,1.4909,1.4896,,1790813700,2026-10-01T00:15:00+00:00,1.4904,research_batch_v6,,B-XRP_USDT,56917.10000000002,68
44296.3,90779.79999999999,VALIDATED_ABSOLUTE_UPDATES_WITH_GAP_GUARD,,,,,0,1.4889,-69249.35058000001,-46483.49999999999,-0.34412823586111824,0,0,0.0004701457451810054,6.716367788306421e-05,0.0012089462018940456,0.00013432735576612842,-0.000335818389414988,-0.0005373094230639586,310758.39999999997,259093.10000000006,,,,,0,76944.03380000008,51665.3,0.0906644976805361,0,1.488,,,569851.4999999999,123,1.4907,1.4889,,1790813760,2026-10-01T00:16:00+00:00,1.4896,research_batch_v6,,B-XRP_USDT,135076.1,119
15221.800000000001,57722.3,VALIDATED_ABSOLUTE_UPDATES_WITH_GAP_GUARD,,,,,0,1.4884,-63276.64322999999,-42500.5,-0.5826447923821118,0,0,0.000739048642838025,0.0016796560064498145,0.0008062348830959465,0.0005374899220640383,0.0001343724805160651,-0.0008062348830958355,268770.30000000005,160333.99999999997,,,,,0,161408.88108000002,108436.3,0.2527038298148026,0,1.4877,,,429104.3,124,1.4895,1.4884,,1790813820,2026-10-01T00:17:00+00:00,1.4889,research_batch_v6,,B-XRP_USDT,72944.1,74
13919.400000000001,24884.899999999994,VALIDATED_ABSOLUTE_UPDATES_WITH_GAP_GUARD,,,,,0,1.4886,-16314.878819999996,-10965.499999999998,-0.28258466200910726,0,0,0.0010076582023377245,0.0014107214832728143,0.000738949348381146,0.0003358860674460562,0.00026870885395680055,-0.0014107214832728143,81310.80000000002,327484.10000000003,,,,,0,-366181.6911499999,-246173.29999999993,-0.6021926888031136,0,1.4877,,,408794.89999999997,112,1.4893,1.488,,1790813880,2026-10-01T00:18:00+00:00,1.4884,research_batch_v6,,B-XRP_USDT,38804.29999999999,71
14084.499999999998,10433.300000000001,VALIDATED_ABSOLUTE_UPDATES_WITH_GAP_GUARD,,,,,0,1.489,5436.10295,3651.2,0.14892037621646312,0,0,0.0010745466756210131,0.0004029550033579632,0.0008059100067159264,-0.0004701141705844014,0.0012760241772999947,-0.0017461383478846182,76045.7,83431.0,,,,,0,-10994.467379999998,-7385.300000000003,-0.04630958629066191,0,1.4881,,,159476.7,82,1.489,1.4885,,1790813940,2026-10-01T00:19:00+00:00,1.4886,research_batch_v6,,B-XRP_USDT,24517.800000000003,30
14481.5,3036.7000000000003,VALIDATED_ABSOLUTE_UPDATES_WITH_GAP_GUARD,,,,,0,1.4909,17051.30941,11444.8,0.6533091299334407,0,0,-0.0008719565363202175,-0.0008048829566033033,-0.00033536789858468197,-0.0028170903481118392,-0.0001341471594339394,-0.0032866054061304606,83312.8,49434.6,,,,,0,50420.83851,33878.2,0.2552080116070069,0,1.4899,,,132747.40000000002,99,1.4909,1.4889,,1790814000,2026-10-01T00:20:00+00:00,1.489,research_batch_v6,,B-XRP_USDT,17518.199999999997,79
15294.3,17292.0,VALIDATED_ABSOLUTE_UPDATES_WITH_GAP_GUARD,,,,,0,1.4907,-2984.0542800000053,-1997.6999999999957,-0.06130490420821008,0,0,-0.0004024954719259455,-0.0003354128932715472,-0.00107332125846904,-0.0017441470450123564,-0.0007379083651974927,-0.0014087341517408092,112699.89999999997,93807.3,,,,,0,28180.302089999983,18892.60000000001,0.0914863985371939,0,1.4897,,,206507.2,117,1.4912,1.49,,1790814060,2026-10-01T00:21:00+00:00,1.4909,research_batch_v6,,B-XRP_USDT,32586.299999999992,63
13077.5,21161.800000000003,VALIDATED_ABSOLUTE_UPDATES_WITH_GAP_GUARD,,,,,0,1.4896,-12048.526689999999,-8084.3,-0.23611171957370622,0,0,0.00013426423200857407,0.0005370569280342963,-0.00026852846401714814,-0.0016111707841031109,6.713211600439806e-05,-0.0009398496240602405,64691.099999999984,135560.9,,,,,0,-105525.95178,-70869.80000000002,-0.3539030821165332,0,1.489,,,200252.00000000003,106,1.4907,1.4896,,1790814120,2026-10-01T00:22:00+00:00,1.4907,research_batch_v6,,B-XRP_USDT,34239.3,89
24213.8,44232.69999999998,VALIDATED_ABSOLUTE_UPDATES_WITH_GAP_GUARD,,,,,0,1.4897,-29843.708,-20018.89999999999,-0.2924751448211376,0,0,-0.0005370208766867224,-0.0004027656575148475,-0.0004027656575148475,-0.0021480835067463344,0.0003356380479291321,-0.0006041484862724378,69154.8,156585.09999999998,,,,,0,-130207.33080000003,-87430.29999999996,-0.38730547856183145,0,1.4886,,,225739.89999999997,108,1.4903,1.4893,,1790814180,2026-10-01T00:23:00+00:00,1.4896,research_batch_v6,,B-XRP_USDT,68446.49999999999,74
34627.7,14920.1,VALIDATED_ABSOLUTE_UPDATES_WITH_GAP_GUARD,,,,,0,1.4902,29362.595250000006,19707.6,0.39774924416422125,0,0,-0.0010736813850490412,-0.0006710508656555536,-0.0012749966447457295,-0.002549993289491348,0.00013421017313119954,-0.0002013152596966883,80304.70000000001,72694.4,,,,,0,11328.230370000008,7610.300000000003,0.04974081546884919,0,1.4893,,,152999.09999999998,106,1.4908,1.4896,,1790814240,2026-10-01T00:24:00+00:00,1.4896,research_batch_v6,,B-XRP_USDT,49547.799999999996,75
15475.000000000002,5151.5,VALIDATED_ABSOLUTE_UPDATES_WITH_GAP_GUARD,,,,,0,1.4904,15382.370319999996,10323.5,0.5004969335563473,0,0,-0.00040257648953301306,-0.0008722490606547506,-0.002482555018786914,-0.0029522275899087624,-0.0008722490606547506,0.00013419216317767102,59468.399999999994,94012.6,,,,,0,-51452.41777999999,-34544.200000000004,-0.22507150722239233,0,1.4894,,,153481.00000000003,91,1.4905,1.4901,,1790814300,2026-10-01T00:25:00+00:00,1.4901,research_batch_v6,,B-XRP_USDT,20626.500000000004,40
23707.8,2927.5,VALIDATED_ABSOLUTE_UPDATES_WITH_GAP_GUARD,,,,,0,1.4891,30974.51855,20780.299999999996,0.7801789354728498,0,0,0.00047008260022818327,-0.0005372372574038442,-0.000671546571754833,-0.00033577328587752753,6.715465717554991e-05,0.00047008260022818327,26801.300000000003,79558.09999999999,,,,,0,-78558.74343000002,-52756.799999999996,-0.49602385872804866,0,1.4884,,,106359.39999999995,93,1.4908,1.4891,,1790814360,2026-10-01T00:26:00+00:00,1.4904,research_batch_v6,,B-XRP_USDT,26635.3,35
8424.999999999998,1482.0,VALIDATED_ABSOLUTE_UPDATES_WITH_GAP_GUARD,,,,,0,1.4892,10339.626830000005,6942.999999999999,0.7008176037145453,0,0,0.0002686005909213751,-0.001678753693258206,-0.0013430029546065425,-0.0006715014773033268,-6.715014773028827e-05,0.0008058017727639033,54587.19999999999,112582.0,,,,,0,-86307.62026999998,-57994.80000000002,-0.34692275849857523,0,1.4882,,,167169.19999999998,73,1.4895,1.4891,,1790814420,2026-10-01T00:27:00+00:00,1.4891,research_batch_v6,,B-XRP_USDT,9906.999999999998,30
24792.6,6893.2,VALIDATED_ABSOLUTE_UPDATES_WITH_GAP_GUARD,,,,,0,1.4891,26650.833749999998,17899.4,0.5649028902536785,0,0,0.0009401652004565886,-0.000671546571754833,-0.0017460210865624104,-0.00020146397152653872,-0.0005372372574038442,0.0011416291719830163,70116.8,76660.5,,,,,0,-9734.47659999999,-6543.699999999993,-0.04458250696803929,0,1.4883,,,146777.30000000002,82,1.4892,1.4888,,1790814480,2026-10-01T00:28:00+00:00,1.4892,research_batch_v6,,B-XRP_USDT,31685.799999999996,50
77214.1,10932.3,VALIDATED_ABSOLUTE_UPDATES_WITH_GAP_GUARD,,,,,0,1.4883,98651.51518000002,66281.8,0.7519512992022364,0,0,0.0016797688638043873,-0.0007390983000737927,-0.0012766243364913388,0.00107505207283487,-0.001075052072834759,0.0019485318820131603,31817.800000000003,71145.80000000002,,,,,0,-58503.98659000001,-39328.0,-0.3819602267208994,0,1.4872,,,102963.6,80,1.4893,1.4882,,1790814540,2026-10-01T00:29:00+00:00,1.489,research_batch_v6,,B-XRP_USDT,88146.4,70
97555.79999999999,31580.400000000005,VALIDATED_ABSOLUTE_UPDATES_WITH_GAP_GUARD,,,,,0,1.4867,98116.73818999996,65975.4,0.5108977962802066,0,0,0.0032286271608261696,-0.00013452613170106265,-0.00047084146095377477,0.002623259568171221,0.0009416829219075495,0.002286944238918398,178694.19999999998,376308.20000000007,,,,,0,-293797.78156999993,-197614.0,-0.3560597215435465,0,1.4858,,,555002.4,137,1.4883,1.4865,,1790814600,2026-10-01T00:30:00+00:00,1.4883,research_batch_v6,,B-XRP_USDT,129136.19999999997,134
52442.000000000015,8223.2,VALIDATED_ABSOLUTE_UPDATES_WITH_GAP_GUARD,,,,,0,1.4881,65747.18651999999,44218.80000000001,0.728898940413944,0,0,0.00255359182850623,-0.0011423963443317753,0.0003359989248032935,0.0011423963443317753,-0.0006047980646460838,0.0010079967744103246,191740.50000000003,98403.59999999999,,,,,0,138696.27669,93336.90000000001,0.3216915318974261,0,1.4872,,,290144.10000000003,144,1.4885,1.4864,,1790814660,2026-10-01T00:31:00+00:00,1.4866,research_batch_v6,,B-XRP_USDT,60665.20000000002,81
54977.59999999999,21035.5,VALIDATED_ABSOLUTE_UPDATES_WITH_GAP_GUARD,,,,,0,1.4872,50477.55235000001,33942.09999999999,0.44652961134330793,0,0,0.0034965034965033226,-0.0008068854222701427,0.0006724045185582117,0.002151694459386677,-0.00047068316299092583,0.0015465303926842644,65266.70000000002,159345.90000000002,,,,,0,-139853.19015,-94079.2,-0.41885094602885137,0,1.4862,,,224612.60000000003,107,1.4878,1.4871,,1790814720,2026-10-01T00:32:00+00:00,1.4878,research_batch_v6,,B-XRP_USDT,76013.09999999998,109
75275.7,1997.1000000000001,VALIDATED_ABSOLUTE_UPDATES_WITH_GAP_GUARD,,,,,0,1.4865,108937.79474,73278.59999999999,0.9483104015902101,0,0,0.0034308779011100743,0.0014127144298687888,0.0015472586612848005,0.0028927009754455835,-6.727211570800584e-05,0.0024217961654895426,55011.399999999994,56462.200000000026,,,,,0,-2159.033570000016,-1450.8000000000175,-0.013014740709908148,0,1.4857,,,111473.60000000003,99,1.4869,1.4865,,1790814780,2026-10-01T00:33:00+00:00,1.4869,research_batch_v6,,B-XRP_USDT,77272.8,62
32514.300000000003,2412.899999999999,VALIDATED_ABSOLUTE_UPDATES_WITH_GAP_GUARD,,,,,0,1.4864,44755.05426999999,30101.40000000001,0.8618326118326123,0,0,0.0034983853606027626,0.0012109795479009478,0.002354682454251966,0.0032292787944026013,-0.00026910656620016127,0.0028256189451021374,209982.8,69966.90000000001,,,,,0,208030.58068999997,140015.90000000002,0.5001466334845153,0,1.4854,,,279949.7,119,1.4875,1.4864,,1790814840,2026-10-01T00:34:00+00:00,1.4865,research_batch_v6,,B-XRP_USDT,34927.19999999999,62
58796.900000000016,9284.9,VALIDATED_ABSOLUTE_UPDATES_WITH_GAP_GUARD,,,,,0,1.486,73575.37427000001,49512.00000000001,0.7272428167292875,0,0,0.004441453566621734,0.0018842530282636716,0.003095558546433397,0.0027590847913863126,0.001749663526244838,0.0024226110363392284,55771.50000000001,209120.89999999997,,,,,0,-227728.07677,-153349.40000000002,-0.5789120412665673,0,1.4852,,,264892.39999999997,99,1.4862,1.4858,,1790814900,2026-10-01T00:35:00+00:00,1.4862,research_batch_v6,,B-XRP_USDT,68081.8,75
49118.80000000002,2122.3,VALIDATED_ABSOLUTE_UPDATES_WITH_GAP_GUARD,,,,,0,1.4886,69870.71384000001,46996.50000000002,0.9171641514331272,0,0,0.0030229746070133956,0.0008733037753594353,0.0008061265618701796,0.0006717721348918904,-0.00026870885395668953,0.0010076582023377245,132386.2,76763.5,,,,,0,82653.08482000002,55622.70000000002,0.26594683138441044,0,1.4878,,,209149.69999999998,123,1.4886,1.486,,1790814960,2026-10-01T00:36:00+00:00,1.486,research_batch_v6,,B-XRP_USDT,51241.100000000006,91
47265.8,36134.000000000015,VALIDATED_ABSOLUTE_UPDATES_WITH_GAP_GUARD,,,,,0,1.4882,16541.433240000002,11131.800000000001,0.13347514022815402,0,0,0.0030909823948392923,0.001612686466872626,0.0014782959279666663,0.0008735385028895148,0.000403171616718101,0.0010751243112485653,105764.00000000001,67781.4,,,,,0,56443.607260000004,37982.6,0.2188626146241848,0,1.4874,,,173545.4,111,1.4886,1.4874,,1790815020,2026-10-01T00:37:00+00:00,1.4886,research_batch_v6,,B-XRP_USDT,83399.80000000002,74
40952.80000000001,6493.199999999995,VALIDATED_ABSOLUTE_UPDATES_WITH_GAP_GUARD,,,,,0,1.4888,51267.40151999999,34459.60000000001,0.726290941280614,0,0,0.003291241268135403,0.0006716818914562772,0.0013433637829123324,0.000873186458893116,0.0007388500806018161,6.71681891455389e-05,53457.7,62213.19999999998,,,,,0,-13023.866169999965,-8755.5,-0.0756931950905543,0,1.4878,,,115670.90000000002,85,1.4888,1.4873,,1790815080,2026-10-01T00:38:00+00:00,1.4883,research_batch_v6,,B-XRP_USDT,47446.0,94
43219.1,9514.199999999999,VALIDATED_ABSOLUTE_UPDATES_WITH_GAP_GUARD,,,,,0,1.4899,50201.99777999999,33704.9,0.6391577997204803,0,0,0.0022820323511645313,0.00033559299281837873,0.0008725417813275627,0.0004698301899455082,0.0004698301899455082,-0.0008725417813276737,220652.39999999997,61300.8,,,,,0,237207.11465000003,159351.59999999995,0.5651703899796133,0,1.4891,,,281953.20000000007,117,1.4902,1.4885,,1790815140,2026-10-01T00:39:00+00:00,1.4887,research_batch_v6,,B-XRP_USDT,52733.3,86
28493.800000000003,631.1,VALIDATED_ABSOLUTE_UPDATES_WITH_GAP_GUARD,,,,,0,1.4906,41520.42018999999,27862.699999999997,0.9566625121459645,0,0,0.0020126123708574806,0.00013417415805716537,-0.00033543539514291343,-0.0006708707902857158,-0.0005366966322285505,-0.0005366966322285505,55992.4,73387.2,,,,,0,-25911.88799,-17394.799999999996,-0.13444778002096155,0,1.4898,,,129379.59999999998,104,1.4907,1.4898,,1790815200,2026-10-01T00:40:00+00:00,1.4899,research_batch_v6,,B-XRP_USDT,29124.899999999994,47
32704.799999999996,10970.9,VALIDATED_ABSOLUTE_UPDATES_WITH_GAP_GUARD,,,,,0,1.4898,32398.942309999988,21733.899999999998,0.4976199580086868,0,0,0.002684924150892831,0.0009397234528125686,-0.00013424620754465266,0.000201369311316979,0.000402738622633958,0.0,94918.09999999999,155686.09999999998,,,,,0,-90509.36603999998,-60768.00000000001,-0.2424859599320363,0,1.4889,,,250604.19999999998,155,1.4913,1.4898,,1790815260,2026-10-01T00:41:00+00:00,1.4907,research_batch_v6,,B-XRP_USDT,43675.69999999999,62
44515.3,33613.50000000001,VALIDATED_ABSOLUTE_UPDATES_WITH_GAP_GUARD,,,,,0,1.4904,16252.094049999996,10901.800000000005,0.13953625295665625,0,0,0.0022812667740204073,-0.00020128824476650653,-0.0006038647342994086,-0.00040257648953301306,0.00026838432635534204,-0.0005367686527105731,73322.9,70839.2,,,,,0,3705.4004500000083,2483.7000000000025,0.017228522614473593,0,1.4896,,,144162.09999999995,85,1.4905,1.4895,,1790815320,2026-10-01T00:42:00+00:00,1.4898,research_batch_v6,,B-XRP_USDT,78128.8,66
27272.600000000002,6285.799999999999,VALIDATED_ABSOLUTE_UPDATES_WITH_GAP_GUARD,,,,,0,1.4908,31277.180670000005,20986.8,0.6253814246209592,0,0,0.0020123423665145967,-0.0008049369466057721,-0.00046954655218667263,-0.0012744834987925557,0.0002683123155353684,-0.00020123423665141527,84149.79999999999,14883.500000000007,,,,,0,103172.86721000003,69266.30000000002,0.6994243350468985,0,1.49,,,99033.3,79,1.4908,1.49,,1790815380,2026-10-01T00:43:00+00:00,1.4903,research_batch_v6,,B-XRP_USDT,33558.4,38
13858.6,982.0,VALIDATED_ABSOLUTE_UPDATES_WITH_GAP_GUARD,,,,,0,1.4912,19199.107060000002,12876.6,0.8676603371831327,0,0,0.0016094420600858417,-0.001140021459227536,-0.00040236051502151593,-0.0017435622317597543,-0.000737660944206131,-0.0002682403433477143,67268.6,52159.700000000004,,,,,0,22513.48216999999,15108.89999999999,0.12651021575288265,0,1.4903,,,119428.29999999997,94,1.4913,1.4907,,1790815440,2026-10-01T00:44:00+00:00,1.4908,research_batch_v6,,B-XRP_USDT,14840.6,33
38260.9,106170.2,VALIDATED_ABSOLUTE_UPDATES_WITH_GAP_GUARD,,,,,0,1.4901,-101250.8764,-67909.30000000002,-0.4701847455291832,0,0,0.0025501644184953154,0.0,-0.0003355479498019509,-0.00020132876988121495,-0.0003355479498019509,0.0009395342594458178,140040.50000000003,201170.09999999995,,,,,0,-91056.54073999997,-61129.600000000006,-0.17915504383509775,0,1.4892,,,341210.6,138,1.4917,1.4901,,1790815500,2026-10-01T00:45:00+00:00,1.4912,research_batch_v6,,B-XRP_USDT,144431.1,98
21359.300000000003,10193.2,VALIDATED_ABSOLUTE_UPDATES_WITH_GAP_GUARD,,,,,0,1.4896,16633.061480000004,11166.1,0.35388954916409154,0,0,0.0028866809881846756,0.0006713211600428703,0.0003356605800215462,0.00013426423200857407,-6.713211600428703e-05,0.0015440386680987128,56952.2,70363.8,,,,,0,-19973.355109999997,-13411.599999999997,-0.1053410411888529,0,1.4889,,,127316.0,107,1.4903,1.4896,,1790815560,2026-10-01T00:46:00+00:00,1.4901,research_batch_v6,,B-XRP_USDT,31552.500000000004,56
38185.49999999999,17966.2,VALIDATED_ABSOLUTE_UPDATES_WITH_GAP_GUARD,,,,,0,1.4895,30112.739670000003,20219.3,0.3600834881223542,0,0,0.0034911043974488187,6.71366230278192e-05,0.0002014098690834576,6.71366230278192e-05,0.00040281973816713723,0.001946962067807867,23988.6,74780.2,,,,,0,-75620.59366999997,-50791.6,-0.514247414163177,0,1.4886,,,98768.8,82,1.49,1.4891,,1790815620,2026-10-01T00:47:00+00:00,1.49,research_batch_v6,,B-XRP_USDT,56151.70000000001,49
23593.200000000004,1151.0,VALIDATED_ABSOLUTE_UPDATES_WITH_GAP_GUARD,,,,,0,1.4901,33433.77405,22442.200000000004,0.9069680975743811,0,0,0.0030199315482182243,0.0,-0.0008053150795249708,0.00026843835984169395,0.0003355479498019509,0.0010066438494060748,25443.6,49213.79999999998,,,,,0,-35397.65159999999,-23770.200000000004,-0.3183904073809162,0,1.4894,,,74657.39999999998,63,1.4901,1.4894,,1790815680,2026-10-01T00:48:00+00:00,1.4894,research_batch_v6,,B-XRP_USDT,24744.200000000004,33
16186.3,6627.0,VALIDATED_ABSOLUTE_UPDATES_WITH_GAP_GUARD,,,,,0,1.4906,14244.07114,9559.3,0.419023113709985,0,0,0.002750570240171779,-0.0005366966322285505,-0.0013417415805715427,0.00013417415805716537,-0.0006708707902857158,0.0006708707902858269,64799.000000000015,60839.9,,,,,0,5894.227730000002,3959.1,0.031511737208778486,0,1.4897,,,125638.90000000001,71,1.4907,1.4901,,1790815740,2026-10-01T00:49:00+00:00,1.4901,research_batch_v6,,B-XRP_USDT,22813.299999999996,35
3654.9000000000005,13041.400000000001,VALIDATED_ABSOLUTE_UPDATES_WITH_GAP_GUARD,,,,,0,1.4896,-13988.090869999998,-9386.499999999998,-0.5621904254235967,0,0,0.003625134264232166,-0.00046992481203012026,0.00013426423200857407,0.0012755102040815647,0.0003356605800215462,0.002013963480128833,31493.1,92117.20000000003,,,,,0,-90283.40424,-60624.100000000006,-0.49044537550673367,0,1.4888,,,123610.3,89,1.4906,1.4896,,1790815800,2026-10-01T00:50:00+00:00,1.4906,research_batch_v6,,B-XRP_USDT,16696.300000000003,37
26368.4,16398.699999999997,VALIDATED_ABSOLUTE_UPDATES_WITH_GAP_GUARD,,,,,0,1.4901,14849.425370000003,9969.699999999999,0.23311611028103377,0,0,0.0033554794980203972,-0.0010066438494060748,-0.00020132876988121495,0.0012079726192872897,-0.00020132876988121495,0.0020132876988121495,64646.69999999998,65887.5,,,,,0,-1844.9249700000146,-1240.800000000003,-0.009505554866081095,0,1.4894,,,130534.2,76,1.4902,1.4895,,1790815860,2026-10-01T00:51:00+00:00,1.4896,research_batch_v6,,B-XRP_USDT,42767.1,53
12740.7,19016.6,VALIDATED_ABSOLUTE_UPDATES_WITH_GAP_GUARD,,,,,0,1.4898,-9351.414929999999,-6275.9,-0.19762070453092673,0,0,0.003423278292388199,0.0,-0.00013424620754465266,0.0017452006980802626,-0.000604107933950937,0.002013693113169568,27879.1,39395.799999999996,,,,,0,-17159.740400000002,-11516.7,-0.1711886602581349,0,1.4891,,,67274.90000000001,65,1.4903,1.4895,,1790815920,2026-10-01T00:52:00+00:00,1.4903,research_batch_v6,,B-XRP_USDT,31757.300000000003,48
11252.8,6585.699999999999,VALIDATED_ABSOLUTE_UPDATES_WITH_GAP_GUARD,,,,,0,1.4889,6949.900650000003,4667.1,0.261630742495165,0,0,0.0042313117066292705,0.0006044731009471338,0.0010746188461281392,0.0018134193028411794,-0.00020149103364897059,0.0032238565383841955,30191.700000000004,72734.69999999998,,,,,0,-63318.943549999996,-42543.000000000015,-0.41333418831320273,0,1.4882,,,102926.39999999997,65,1.4898,1.4889,,1790815980,2026-10-01T00:53:00+00:00,1.4898,research_batch_v6,,B-XRP_USDT,17838.5,47
13836.199999999999,18784.100000000002,VALIDATED_ABSOLUTE_UPDATES_WITH_GAP_GUARD,,,,,0,1.4886,-7365.358389999998,-4947.900000000003,-0.15168162156693848,0,0,0.004568050517264721,0.0006717721348918904,0.00147789869676207,0.002015316404675671,0.0008061265618701796,0.003157329033991685,18819.0,195726.0,,,,,0,-263236.78777999996,-176907.0,-0.8245682723904076,0,1.4878,,,214545.0,67,1.4892,1.4886,,1790816040,2026-10-01T00:54:00+00:00,1.4889,research_batch_v6,,B-XRP_USDT,32620.3,39
38945.50000000001,9639.000000000004,VALIDATED_ABSOLUTE_UPDATES_WITH_GAP_GUARD,,,,,0,1.4898,43640.40551000001,29306.5,0.6032067840566436,0,0,0.003624647603705178,0.0004698617264062843,0.0011410927641295476,0.0018794469056249152,0.0,0.0025506779433481785,178456.69999999998,41411.20000000001,,,,,0,203959.76585999996,137045.50000000003,0.6233083592466206,0,1.4891,,,219867.89999999994,85,1.4899,1.4885,,1790816100,2026-10-01T00:55:00+00:00,1.4886,research_batch_v6,,B-XRP_USDT,48584.5,56
2323.7000000000003,1036.0,VALIDATED_ABSOLUTE_UPDATES_WITH_GAP_GUARD,,,,,0,1.4898,1918.6478300000003,1287.7,0.3832782688930559,0,0,0.004564371056517524,0.0006712310377230413,0.001409585179218631,0.002215062424486547,-0.00013424620754465266,0.002684924150892831,28526.5,7686.700000000001,,,,,0,31035.323010000007,20839.8,0.5754752410723162,0,1.4893,,,36213.2,76,1.4899,1.4898,,1790816160,2026-10-01T00:56:00+00:00,1.4898,research_batch_v6,,B-XRP_USDT,3359.7000000000003,22
1751.0999999999997,18883.399999999994,VALIDATED_ABSOLUTE_UPDATES_WITH_GAP_GUARD,,,,,0,1.4896,-25521.68139000001,-17132.299999999996,-0.8302745402117812,0,0,0.0045649838882921845,0.0012755102040815647,0.001879699248120259,0.002148227712137407,0.0006041890440386943,0.0028195488721804995,37700.600000000006,31936.4,,,,,0,8582.010530000007,5764.200000000003,0.08277496158651296,0,1.4889,,,69637.0,64,1.4898,1.4896,,1790816220,2026-10-01T00:57:00+00:00,1.4898,research_batch_v6,,B-XRP_USDT,20634.499999999996,36
36298.200000000004,6751.799999999999,VALIDATED_ABSOLUTE_UPDATES_WITH_GAP_GUARD,,,,,0,1.4905,44023.06838000001,29546.4,0.6863275261324042,0,0,0.003421670580342262,0.000939282120093976,0.0007380073800737907,0.002146930560214644,0.0002012747400201853,0.0022140221402213722,103172.4,36487.6,,,,,0,99314.78860000004,66684.80000000005,0.4774795932980099,0,1.4895,,,139659.99999999997,83,1.4905,1.4896,,1790816280,2026-10-01T00:58:00+00:00,1.4896,research_batch_v6,,B-XRP_USDT,43050.0,37
46585.199999999975,21577.5,VALIDATED_ABSOLUTE_UPDATES_WITH_GAP_GUARD,,,,,0,1.4908,37268.82237999995,25007.699999999983,0.3668824738456661,0,0,0.002951435470888164,0.0010732492621412515,0.0005366246310707368,0.0016769519720956083,0.00046954655218689467,0.0018781862087471346,228847.49999999997,49770.4,,,,,0,266792.07963999995,179077.10000000003,0.6427336506376656,0,1.4899,,,278617.89999999997,128,1.4909,1.4903,,1790816340,2026-10-01T00:59:00+00:00,1.4905,research_batch_v6,,B-XRP_USDT,68162.7,88
44471.9,21826.899999999998,VALIDATED_ABSOLUTE_UPDATES_WITH_GAP_GUARD,,,,,0,1.4915,33759.01704000001,22645.000000000004,0.34155972657122,0,0,0.0009386523633925226,6.704659738510088e-05,0.0007375125712369979,0.0014079785450888949,0.00026818638954062557,0.0016091183372444195,96456.79999999997,88871.2,,,,,0,11306.514810000004,7585.600000000002,0.04093067426400761,0,1.4907,,,185328.0,199,1.4918,1.4906,,1790816400,2026-10-01T01:00:00+00:00,1.4906,research_batch_v6,,B-XRP_USDT,66298.8,94
52295.700000000004,10680.599999999997,VALIDATED_ABSOLUTE_UPDATES_WITH_GAP_GUARD,,,,,0,1.4919,62071.43598999999,41615.100000000006,0.660805731680013,0,0,-0.0002681144848850625,-0.00020108586366374137,0.0008043434546551875,0.0012735438032038804,0.0003351431061062726,0.0013405724244253125,239378.10000000003,113339.69999999998,,,,,0,187908.08729999996,126038.39999999998,0.3573349572944717,0,1.4912,,,352717.79999999993,216,1.4919,1.4912,,1790816460,2026-10-01T01:01:00+00:00,1.4919,research_batch_v6,,B-XRP_USDT,62976.30000000001,85
53172.6,16595.100000000002,VALIDATED_ABSOLUTE_UPDATES_WITH_GAP_GUARD,,,,,0,1.4924,54588.43243,36577.50000000001,0.5242755601804273,0,0,-0.00020101849370135483,0.00013401232913423655,0.0002680246582684731,0.0009380863039401,-0.0005360493165370572,0.0015411417850441644,245535.10000000003,134870.80000000002,,,,,0,165129.14695000005,110664.30000000005,0.2909111031138057,0,1.4916,,,380405.89999999997,234,1.4934,1.4919,,1790816520,2026-10-01T01:02:00+00:00,1.4919,research_batch_v6,,B-XRP_USDT,69767.70000000001,95
27203.499999999996,75327.40000000001,VALIDATED_ABSOLUTE_UPDATES_WITH_GAP_GUARD,,,,,0,1.4916,-71833.39387999999,-48123.90000000001,-0.46935996855582085,0,0,0.0,0.001005631536604934,0.0014078841512470408,0.001474926253687281,0.0,0.002011263073209868,138835.49999999997,286396.4,,,,,0,-220186.86211000002,-147560.8999999999,-0.347012771149107,0,1.4908,,,425231.89999999985,185,1.4933,1.4916,,1790816580,2026-10-01T01:03:00+00:00,1.4925,research_batch_v6,,B-XRP_USDT,102530.9,94
45137.8,16381.0,VALIDATED_ABSOLUTE_UPDATES_WITH_GAP_GUARD,,,,,0,1.4916,42901.43767999998,28756.8,0.46744734942814226,0,0,0.00026816840976140455,0.0008045052292839916,0.0011397157414856363,0.0013408420488065786,0.0006704210244032893,0.00207830517565033,88675.6,79792.50000000001,,,,,0,13223.737270000016,8883.099999999993,0.05272867682368352,0,1.4908,,,168468.09999999992,133,1.4926,1.4915,,1790816640,2026-10-01T01:04:00+00:00,1.4916,research_batch_v6,,B-XRP_USDT,61518.8,89
34678.399999999994,26746.200000000004,VALIDATED_ABSOLUTE_UPDATES_WITH_GAP_GUARD,,,,,0,1.4926,11830.799130000001,7932.200000000003,0.12913718607854185,0,0,,0.000736969047300029,0.000669971861182006,0.000870963419536519,0.000334985930591003,0.001607932466836548,117765.0,73877.0,,,,,0,65439.68977000001,43887.99999999998,0.22901034220056135,0,1.4918,,,191642.0,140,1.4926,1.4914,,1790816700,2026-10-01T01:05:00+00:00,1.4915,research_batch_v6,,B-XRP_USDT,61424.6,69
56285.100000000006,24941.2,VALIDATED_ABSOLUTE_UPDATES_WITH_GAP_GUARD,,,,,0,1.4931,46803.252499999995,31343.900000000005,0.3858836362114242,0,0,,0.0001339495010381775,0.00046882325363339916,0.0005357980041522659,-0.00020092425155726623,0.0013394950103811087,368317.69999999995,164298.19999999998,,,,,0,304489.2675999999,204019.5,0.38305183904573625,0,1.4923,,,532615.9000000001,173,1.4937,1.4925,,1790816760,2026-10-01T01:06:00+00:00,1.4925,research_batch_v6,,B-XRP_USDT,81226.3,103
25526.800000000003,32575.200000000004,VALIDATED_ABSOLUTE_UPDATES_WITH_GAP_GUARD,,,,,0,1.4928,-10528.131980000007,-7048.399999999997,-0.12131079825135103,0,0,,0.000535905680600246,0.000669882100750252,0.001272775991425501,0.000602893890675249,0.001406752411575507,72362.4,177869.9,,,,,0,-157393.44456000003,-105507.49999999999,-0.4216382137717632,0,1.4921,,,250232.30000000002,123,1.4937,1.4926,,1790816820,2026-10-01T01:07:00+00:00,1.4931,research_batch_v6,,B-XRP_USDT,58101.99999999999,64
37281.8,23676.7,VALIDATED_ABSOLUTE_UPDATES_WITH_GAP_GUARD,,,,,0,1.4937,20312.257410000006,13605.100000000002,0.2231862660662582,0,0,,6.694784762673045e-05,6.694784762673045e-05,0.00060253062864013,-0.0002677913905068108,0.0010042177144005127,200934.00000000003,195263.19999999998,,,,,0,8511.660300000014,5670.799999999999,0.014313074398304681,0,1.4929,,,396197.2,120,1.4938,1.4926,,1790816880,2026-10-01T01:08:00+00:00,1.4927,research_batch_v6,,B-XRP_USDT,60958.50000000001,56
2580.3,10197.6,VALIDATED_ABSOLUTE_UPDATES_WITH_GAP_GUARD,,,,,0,1.4933,-11377.543270000002,-7617.3,-0.5961308196182472,0,0,,0.0003348289024307505,0.00020089734145845028,0.0009375209268063234,0.00020089734145845028,0.001406281390209596,46251.5,52325.799999999996,,,,,0,-9065.764699999992,-6074.299999999999,-0.06161966294471442,0,1.4926,,,98577.30000000003,116,1.4938,1.4932,,1790816940,2026-10-01T01:09:00+00:00,1.4937,research_batch_v6,,B-XRP_USDT,12777.9,27
21621.300000000003,23269.1,VALIDATED_ABSOLUTE_UPDATES_WITH_GAP_GUARD,,,,,0,1.4936,-2457.958370000001,-1647.799999999999,-0.036707180154331415,0,0,,0.0001339046598820559,0.0002008569898233059,0.0009373326191752795,0.0001339046598820559,0.0010712372790573355,168372.89999999994,60591.9,,,,,0,160899.19498000006,107781.0,0.4707317456657093,0,1.493,,,228964.80000000002,119,1.4937,1.4932,,1790817000,2026-10-01T01:10:00+00:00,1.4933,research_batch_v6,,B-XRP_USDT,44890.4,43
16541.399999999998,6474.2,VALIDATED_ABSOLUTE_UPDATES_WITH_GAP_GUARD,,,,,0,1.4938,15037.143829999999,10067.199999999999,0.4374076713185839,0,0,,-0.00013388673182490596,6.694336591239747e-05,0.0008702637568618332,0.0,0.0018744142455482393,179096.40000000002,104362.79999999999,,,,,0,111602.14453000002,74733.60000000002,0.26364852507874154,0,1.4931,,,283459.2,141,1.4939,1.4934,,1790817060,2026-10-01T01:11:00+00:00,1.4939,research_batch_v6,,B-XRP_USDT,23015.6,47
6938.0,8278.9,VALIDATED_ABSOLUTE_UPDATES_WITH_GAP_GUARD,,,,,0,1.4938,-2002.0595500000013,-1340.9000000000003,-0.08811913070336273,0,0,,6.694336591239747e-05,0.0006024902932117993,0.0007363770250368162,0.0,0.0017405275137234444,56966.6,65096.09999999999,,,,,0,-12140.220969999993,-8129.499999999998,-0.0666010173460033,0,1.4931,,,122062.70000000003,110,1.4938,1.4935,,1790817120,2026-10-01T01:12:00+00:00,1.4938,research_batch_v6,,B-XRP_USDT,15216.9,35
17671.9,7762.399999999999,VALIDATED_ABSOLUTE_UPDATES_WITH_GAP_GUARD,,,,,0,1.4938,14804.00327,9909.499999999998,0.3896116661358873,0,0,,6.694336591239747e-05,0.0005355469272994018,0.0009372071227742307,-0.00013388673182490596,0.0012049805864238206,100905.90000000001,62588.80000000001,,,,,0,57227.65448000003,38317.100000000006,0.23436294876836997,0,1.4933,,,163494.69999999995,91,1.4938,1.4935,,1790817180,2026-10-01T01:13:00+00:00,1.4938,research_batch_v6,,B-XRP_USDT,25434.3,37
13199.1,14415.199999999999,VALIDATED_ABSOLUTE_UPDATES_WITH_GAP_GUARD,,,,,0,1.4936,-1815.3233699999996,-1216.1000000000004,-0.04403877701046198,0,0,,0.0007364756293517516,0.0007364756293517516,0.0012051419389393914,0.0002008569898233059,0.0010712372790573355,72302.6,166436.30000000005,,,,,0,-140550.59559999994,-94133.7,-0.3942956091361733,0,1.4929,,,238738.90000000008,104,1.494,1.4936,,1790817240,2026-10-01T01:14:00+00:00,1.4938,research_batch_v6,,B-XRP_USDT,27614.300000000003,35
49582.8,34125.1,VALIDATED_ABSOLUTE_UPDATES_WITH_GAP_GUARD,,,,,0,1.4939,23076.28444000002,15457.7,0.18466237953645953,0,0,,0.0004685721935873133,0.0007363277327800954,0.0008702055023763755,0.0,-0.0006693888479818444,265476.7,329531.3,,,,,0,-95611.74975000008,-64054.59999999996,-0.10765334247606745,0,1.4933,,,595008.0000000002,156,1.4939,1.4923,,1790817300,2026-10-01T01:15:00+00:00,1.4936,research_batch_v6,,B-XRP_USDT,83707.9,127
48063.799999999996,12711.099999999999,VALIDATED_ABSOLUTE_UPDATES_WITH_GAP_GUARD,,,,,0,1.4939,52814.66195,35352.700000000004,0.5816990237746176,0,0,,0.0005355110783853423,0.0008032666175781245,0.00180734988955078,0.0005355110783853423,-0.001606533235156249,206446.1,113644.49999999997,,,,,0,138604.77209000004,92801.6,0.28992291557452804,0,1.4932,,,320090.5999999999,115,1.4944,1.4936,,1790817360,2026-10-01T01:16:00+00:00,1.4938,research_batch_v6,,B-XRP_USDT,60774.9,60
42165.399999999994,4487.900000000001,VALIDATED_ABSOLUTE_UPDATES_WITH_GAP_GUARD,,,,,0,1.4947,56303.20837,37677.5,0.8076063215249513,0,0,,0.00020070917240921915,0.00013380611493940542,0.0011373519769852791,-6.690305746970271e-05,-0.0017394794942128255,156305.50000000003,148011.6,,,,,0,12398.147739999984,8293.899999999996,0.02725413721410987,0,1.4938,,,304317.10000000003,116,1.4952,1.4936,,1790817420,2026-10-01T01:17:00+00:00,1.4938,research_batch_v6,,B-XRP_USDT,46653.29999999999,58
46210.600000000006,33958.5,VALIDATED_ABSOLUTE_UPDATES_WITH_GAP_GUARD,,,,,0,1.4946,18309.017239999997,12252.099999999997,0.15282820937243893,0,0,,0.00033453766894164794,0.0004014452027298887,0.0006690753378830738,6.690753378824077e-05,-0.0020072260136491105,114087.69999999998,124277.89999999998,,,,,0,-15225.350870000018,-10190.200000000008,-0.04275029618367754,0,1.4937,,,238365.60000000003,101,1.4951,1.4945,,1790817480,2026-10-01T01:18:00+00:00,1.4947,research_batch_v6,,B-XRP_USDT,80169.10000000002,67
25312.699999999997,21714.3,VALIDATED_ABSOLUTE_UPDATES_WITH_GAP_GUARD,,,,,0,1.4947,5375.219490000002,3598.3999999999996,0.07651774512514088,0,0,,0.00013380611493940542,0.00046832140228825203,0.0003345152873488466,0.00020070917240921915,-0.0018063825516825283,114109.9,77555.59999999999,,,,,0,54603.23288000002,36554.3,0.19071924785629135,0,1.4939,,,191665.49999999997,125,1.4949,1.4943,,1790817540,2026-10-01T01:19:00+00:00,1.4946,research_batch_v6,,B-XRP_USDT,47026.99999999999,73
13543.9,5226.9,VALIDATED_ABSOLUTE_UPDATES_WITH_GAP_GUARD,,,,,0,1.495,12432.037250000001,8317.0,0.4430818079144203,0,0,,0.00013377926421398456,0.00013377926421398456,-0.001404682274247615,6.688963210699228e-05,,75231.19999999998,44930.90000000001,,,,,0,45278.48818000001,30300.299999999996,0.2521618713387998,0,1.4944,,,120162.1,77,1.495,1.4947,,1790817600,2026-10-01T01:20:00+00:00,1.4948,research_batch_v6,,B-XRP_USDT,18770.8,31
323311.30000000005,33118.600000000006,VALIDATED_ABSOLUTE_UPDATES_WITH_GAP_GUARD,,,,,0,1.4951,434115.7594800001,290192.7,0.8141648610287745,0,0,,0.00020065547455017096,0.0010032773727508548,-0.0024078656946023846,-0.00013377031636696568,,230404.8,451069.9,,,,,0,-329836.1679099999,-220665.10000000003,-0.32380527112745344,0,1.4943,,,681474.7000000001,148,1.4958,1.4947,,1790817660,2026-10-01T01:21:00+00:00,1.495,research_batch_v6,,B-XRP_USDT,356429.9,100
7580.9,2316.6,VALIDATED_ABSOLUTE_UPDATES_WITH_GAP_GUARD,,,,,0,1.4949,7868.700869999999,5264.3,0.5318817883303866,0,0,,0.00020068231988767948,0.0010034115994381754,-0.0018730349856177497,0.00020068231988767948,,47104.9,64935.700000000004,,,,,0,-26641.63529,-17830.799999999996,-0.15914588104669197,0,1.4941,,,112040.59999999999,86,1.495,1.4947,,1790817720,2026-10-01T01:22:00+00:00,1.495,research_batch_v6,,B-XRP_USDT,9897.499999999998,31
33312.5,6620.4000000000015,VALIDATED_ABSOLUTE_UPDATES_WITH_GAP_GUARD,,,,,0,1.4952,39906.07452,26692.100000000002,0.6684237808924471,0,0,,0.000936329588014928,0.0002675227394328683,-0.0024077046548957037,0.00013376136971632313,,50294.100000000006,57471.6,,,,,0,-10720.425550000002,-7177.499999999998,-0.0666028244608442,0,1.4946,,,107765.70000000001,78,1.4954,1.4949,,1790817780,2026-10-01T01:23:00+00:00,1.4949,research_batch_v6,,B-XRP_USDT,39932.9,39
28938.8,9962.5,VALIDATED_ABSOLUTE_UPDATES_WITH_GAP_GUARD,,,,,0,1.4954,28374.723220000003,18976.3,0.4878063200972719,0,0,,0.0006687174000266083,-0.00013374348000538827,-0.0022736391600910455,-0.00013374348000538827,,187121.3,169924.9,,,,,0,25672.082650000026,17196.4,0.04816295482209307,0,1.4946,,,357046.1999999999,118,1.4955,1.4949,,1790817840,2026-10-01T01:24:00+00:00,1.4952,research_batch_v6,,B-XRP_USDT,38901.299999999996,42
2079.7,10502.9,VALIDATED_ABSOLUTE_UPDATES_WITH_GAP_GUARD,,,,,0,1.4952,-12594.489219999998,-8423.2,-0.6694323907618458,0,0,,0.0002675227394328683,-0.0015382557517390483,,0.000936329588014928,,99599.10000000002,148962.19999999998,,,,,0,-73768.39250999999,-49363.100000000006,-0.19859527609487082,0,1.4944,,,248561.29999999996,109,1.4954,1.4951,,1790817900,2026-10-01T01:25:00+00:00,1.4954,research_batch_v6,,B-XRP_USDT,12582.6,21
59445.2,13749.399999999998,VALIDATED_ABSOLUTE_UPDATES_WITH_GAP_GUARD,,,,,0,1.4966,68362.91218,45695.8,0.6243056181740183,0,0,,-0.0009354536950419989,-0.0034077241747961784,,-0.00013363624214890457,,382350.2000000002,102995.29999999996,,,,,0,417782.8805399999,279354.9,0.5755794583446224,0,1.4957,,,485345.5000000001,127,1.4966,1.4952,,1790817960,2026-10-01T01:26:00+00:00,1.4952,research_batch_v6,,B-XRP_USDT,73194.6,80
24008.5,33833.7,VALIDATED_ABSOLUTE_UPDATES_WITH_GAP_GUARD,,,,,0,1.4964,-14710.230999999998,-9825.199999999993,-0.16986214217301543,0,0,,-0.0023389468056669305,-0.002873563218390829,,-0.0005346164127237873,,169847.9,141295.10000000003,,,,,0,42726.963149999945,28552.799999999974,0.09176745097913172,0,1.4956,,,311142.99999999994,128,1.4971,1.4964,,1790818020,2026-10-01T01:27:00+00:00,1.4966,research_batch_v6,,B-XRP_USDT,57842.200000000004,47
5300.900000000001,18883.299999999996,VALIDATED_ABSOLUTE_UPDATES_WITH_GAP_GUARD,,,,,0,1.4956,-20317.682509999995,-13582.400000000003,-0.5616228777466281,0,0,,-0.0027413746991173937,-0.0026745119015779695,,-0.00026745119015780805,,49602.2,355075.0,,,,,0,-456550.4788299999,-305472.7999999999,-0.7548554749316242,0,1.4949,,,404677.2,118,1.4964,1.4954,,1790818080,2026-10-01T01:28:00+00:00,1.4964,research_batch_v6,,B-XRP_USDT,24184.2,50
18930.6,3452.8000000000006,VALIDATED_ABSOLUTE_UPDATES_WITH_GAP_GUARD,,,,,0,1.4952,23147.029470000005,15477.799999999997,0.6914856545475663,0,0,,-0.002073301230604674,-0.0021401819154628354,,-0.0015382557517390483,,14905.300000000001,85905.0,,,,,0,-106110.98995,-70999.7,-0.7042901370197292,0,1.4941,,,100810.29999999999,74,1.4957,1.4952,,1790818140,2026-10-01T01:29:00+00:00,1.4956,research_batch_v6,,B-XRP_USDT,22383.400000000005,28
15029.099999999999,22570.6,VALIDATED_ABSOLUTE_UPDATES_WITH_GAP_GUARD,,,,,0,1.4929,-11275.56746,-7541.5,-0.20057340883038957,0,0,,-0.0008707883984191422,,,-0.0009377721213743584,,52315.1,258677.59999999995,,,,,0,-308153.34140999994,-206362.49999999994,-0.6635605916151729,0,1.4922,,,310992.69999999995,157,1.4951,1.4929,,1790818200,2026-10-01T01:30:00+00:00,1.4951,research_batch_v6,,B-XRP_USDT,37599.700000000004,70
34011.0,34464.9,VALIDATED_ABSOLUTE_UPDATES_WITH_GAP_GUARD,,,,,0,1.4915,-689.4096500000032,-453.8999999999978,-0.006628609481583999,0,0,,0.0003352329869259485,,,0.0004022795843110494,,134668.1,164795.1,,,,,0,-44969.42860000003,-30126.99999999998,-0.10060334625423085,0,1.4909,,,299463.19999999995,155,1.493,1.4912,,1790818260,2026-10-01T01:31:00+00:00,1.493,research_batch_v6,,B-XRP_USDT,68475.90000000001,91
60867.1,3283.3,VALIDATED_ABSOLUTE_UPDATES_WITH_GAP_GUARD,,,,,0,1.4921,85921.08428999996,57583.799999999996,0.897637427046441,0,0,,,,,-0.0003350981837677569,,126637.79999999999,102822.90000000007,,,,,0,35507.96701,23814.899999999994,0.1037864000240564,0,1.4913,,,229460.69999999995,140,1.493,1.4914,,1790818320,2026-10-01T01:32:00+00:00,1.4916,research_batch_v6,,B-XRP_USDT,64150.39999999999,93
13516.599999999999,7972.6,VALIDATED_ABSOLUTE_UPDATES_WITH_GAP_GUARD,,,,,0,1.4916,8275.24688,5543.999999999997,0.25799006012322456,0,0,,,,,0.00026816840976140455,,79703.49999999999,119311.4,,,,,0,-59068.05570000001,-39607.90000000001,-0.19901977188642664,0,1.4909,,,199014.9,125,1.4927,1.4915,,1790818380,2026-10-01T01:33:00+00:00,1.4921,research_batch_v6,,B-XRP_USDT,21489.2,48
4933.1,20.1,VALIDATED_ABSOLUTE_UPDATES_WITH_GAP_GUARD,,,,,0,1.492,7328.52716,4913.0,0.9918840345635145,0,0,,,,,,,9524.0,2840.9,,,,,0,9966.811260000002,6683.1,0.5404896117235078,0,1.4915,,,12364.899999999998,23,1.492,1.4916,,1790818440,2026-10-01T01:34:00+00:00,1.4916,research_batch_v6,,B-XRP_USDT,4953.2,11
